21200501,00,16,80%,Southeast,16-24km/h,4,Sunny
21200501,01,14,99%,Northwest,<12km/h,1,Sunny
21200501,02,14,99%,Northwest,<12km/h,1,Sunny
21200501,03,15,82%,Southwest,<12km/h,2,Sunny
21200501,04,14,98%,Northwest,<12km/h,1,Sunny
21200501,05,14,98%,Northwest,<12km/h,1,Sunny
21200501,06,13,92%,South,<12km/h,3,Cloudy
21200501,07,13,94%,Southwest,<12km/h,2,Cloudy
21200501,08,21,,,,<3,Cloudy
21200501,09,17,86%,Northeast,24-34km/h,5,Cloudy
21200501,10,21,63%,Northwest,<12km/h,2,Cloudy
21200501,11,21,62%,North,<12km/h,1,Cloudy
21200501,12,21,,,,<3,Cloudy
21200501,13,23,55%,East,<12km/h,2,Sunny
21200501,14,22,56%,North,<12km/h,3,Cloudy
21200501,15,22,60%,Northeast,<12km/h,3,Sunny
21200501,16,20,60%,North,<12km/h,3,Sunny
21200501,17,19,59%,North,<12km/h,3,Sunny
21200501,18,18,58%,North,<12km/h,3,Sunny
21200501,19,18,61%,North,<12km/h,3,Sunny
21200501,20,17,65%,North,<12km/h,3,Sunny
21200501,21,18,72%,North,<12km/h,3,Sunny
21200501,22,16,81%,Northwest,<12km/h,1,Sunny
21200501,23,15,91%,Quiet,,0,Sunny
21200502,00,17,79%,North,<12km/h,3,Overcast
21200502,01,15,96%,Northwest,<12km/h,1,Overcast
21200502,02,16,90%,North,<12km/h,3,Overcast
21200502,03,16,91%,East,<12km/h,2,Rain
21200502,04,16,93%,West,<12km/h,2,Overcast
21200502,05,16,,,,<3,Overcast
21200502,06,15,86%,Southeast,<12km/h,1,Overcast
21200502,07,16,90%,Southeast,<12km/h,1,Overcast
21200502,08,16,91%,West,<12km/h,1,Rain
21200502,09,17,84%,East,<12km/h,1,Overcast
21200502,10,18,76%,Quiet,,0,Overcast
21200502,11,17,84%,North,<12km/h,1,Overcast
21200502,12,19,58%,North,<12km/h,3,Overcast
21200502,13,18,76%,North,<12km/h,2,Overcast
21200502,14,18,61%,North,<12km/h,2,Overcast
21200502,15,18,62%,North,<12km/h,2,Overcast
21200502,16,18,68%,East,<12km/h,1,Overcast
21200502,17,18,62%,North,<12km/h,1,Overcast
21200502,18,18,70%,North,<12km/h,1,Overcast
21200502,19,17,70%,Quiet,,0,Overcast
21200502,20,15,97%,West,<12km/h,1,Cloudy
21200502,21,15,90%,Northwest,<12km/h,1,Overcast
21200502,22,14,92%,North,<12km/h,1,Overcast
21200502,23,15,88%,West,<12km/h,1,Overcast
21200503,00,15,78%,Northwest,<12km/h,2,Overcast
21200503,01,17,74%,Quiet,,0,Overcast
21200503,02,15,87%,Southeast,<12km/h,1,Cloudy
21200503,03,13,,,,<3,Lightrain
21200503,04,14,89%,North,<12km/h,2,Cloudy
21200503,05,16,82%,South,<12km/h,1,Cloudy
21200503,06,15,86%,West,<12km/h,1,Cloudy
21200503,07,15,74%,Northwest,<12km/h,2,Cloudy
21200503,08,16,83%,Northeast,<12km/h,1,Cloudy
21200503,09,16,67%,North,<12km/h,3,Sunny
21200503,10,17,64%,North,<12km/h,2,Sunny
21200503,11,18,54%,Southeast,<12km/h,3,Cloudy
21200503,12,19,52%,North,<12km/h,3,Cloudy
21200503,13,18,45%,Northwest,<12km/h,3,Cloudy
21200503,14,18,47%,Northwest,<12km/h,2,Sunny
21200503,15,19,47%,North,<12km/h,2,Cloudy
21200503,16,18,49%,Northwest,<12km/h,2,Cloudy
21200503,17,15,57%,Northeast,<12km/h,1,Sunny
21200503,18,14,63%,Northeast,<12km/h,1,Sunny
21200503,19,15,62%,Northeast,<12km/h,1,Cloudy
21200503,20,11,87%,North,<12km/h,1,Sunny
21200503,21,12,85%,Northwest,<12km/h,1,Sunny
21200503,22,11,77%,Southeast,<12km/h,1,Sunny
21200503,23,11,92%,Northwest,<12km/h,1,Sunny
21200504,00,13,70%,Southeast,<12km/h,2,Sunny
21200504,01,10,95%,Northwest,<12km/h,1,Sunny
21200504,02,10,96%,Northwest,<12km/h,1,Sunny
21200504,03,10,97%,Northwest,<12km/h,1,Sunny
21200504,04,9,98%,Northeast,<12km/h,1,Sunny
21200504,05,10,88%,Southeast,<12km/h,1,Sunny
21200504,06,10,99%,West,<12km/h,1,Sunny
21200504,07,10,100%,Southwest,<12km/h,1,Sunny
21200504,08,21,,Southeast,,<3,Sunny
21200504,09,18,53%,Northwest,<12km/h,2,Sunny
21200504,10,19,41%,East,<12km/h,2,Sunny
21200504,11,21,39%,North,<12km/h,1,Sunny
21200504,12,22,31%,Northwest,<12km/h,3,Sunny
21200504,13,23,29%,Northwest,<12km/h,2,Sunny
21200504,14,22,25%,Northeast,<12km/h,2,Sunny
21200504,15,22,26%,Northeast,<12km/h,2,Sunny
21200504,16,20,27%,East,<12km/h,3,Sunny
21200504,17,18,37%,Quiet,,0,Sunny
21200504,18,12,65%,Southeast,<12km/h,1,Sunny
21200504,19,15,50%,Southwest,<12km/h,2,Sunny
21200504,20,10,88%,Southeast,<12km/h,1,Sunny
21200504,21,13,78%,Southeast,<12km/h,2,Sunny
21200504,22,11,,Southeast,,<3,Overcast
21200504,23,10,78%,Northwest,<12km/h,1,Sunny
21200505,00,7,95%,Quiet,,0,Sunny
21200505,01,11,,Southeast,,<3,Overcast
21200505,02,10,87%,Northwest,<12km/h,1,Sunny
21200505,03,11,76%,South,<12km/h,1,Sunny
21200505,04,11,85%,Northwest,<12km/h,1,Sunny
21200505,05,11,77%,East,<12km/h,1,Cloudy
21200505,06,11,73%,Southwest,<12km/h,1,Overcast
21200505,07,12,88%,Northwest,<12km/h,1,Overcast
21200505,08,15,75%,Quiet,,0,Overcast
21200505,09,16,77%,West,<12km/h,1,Overcast
21200505,10,16,61%,Southwest,<12km/h,2,Overcast
21200505,11,20,62%,Southeast,<12km/h,1,Overcast
21200505,12,19,58%,Southeast,<12km/h,2,Overcast
21200505,13,19,57%,South,<12km/h,2,Overcast
21200505,14,19,76%,Southeast,<12km/h,1,Rain
21200505,15,19,52%,East,<12km/h,2,Overcast
21200505,16,18,86%,Quiet,,0,Overcast
21200505,17,17,93%,Northwest,<12km/h,1,Overcast
21200505,18,16,95%,Quiet,,0,Overcast
21200505,19,17,77%,Southeast,<12km/h,2,Cloudy
21200505,20,15,99%,Northwest,<12km/h,1,Cloudy
21200505,21,14,94%,Southwest,<12km/h,1,Sunny
21200505,22,14,90%,South,<12km/h,1,Cloudy
21200505,23,14,94%,South,<12km/h,1,Cloudy
21200506,00,6,,,,3-4,Overcast
21200506,01,7,67%,Northwest,16-24km/h,4,Cloudy
21200506,02,6,,,,3-4,Overcast
21200506,03,9,73%,Northwest,<12km/h,1,Overcast
21200506,04,6,,,,3-4,Overcast
21200506,05,6,,,,3-4,Overcast
21200506,06,6,68%,West,<12km/h,3,Cloudy
21200506,07,6,72%,West,<12km/h,2,Overcast
21200506,08,6,62%,Northwest,<12km/h,3,Overcast
21200506,09,8,,,,3-4,Overcast
21200506,10,7,,,,3-4,Overcast
21200506,11,8,,,,3-4,Overcast
21200506,12,7,63%,Northwest,<12km/h,3,Cloudy
21200506,13,7,57%,Northwest,<12km/h,3,Cloudy
21200506,14,8,,,,3-4,Overcast
21200506,15,8,,,,3-4,Overcast
21200506,16,6,66%,Northwest,<12km/h,2,Cloudy
21200506,17,4,,,,<3,Overcast
21200506,18,4,,,,<3,Overcast
21200506,19,5,67%,Northwest,<12km/h,2,Cloudy
21200506,20,4,,,,<3,Overcast
21200506,21,4,,,,<3,Overcast
21200506,22,4,79%,Northwest,<12km/h,1,Cloudy
21200506,23,4,,,,<3,Overcast
21200507,00,17,53%,North,<12km/h,2,Sunny
21200507,01,16,47%,Northwest,<12km/h,2,Sunny
21200507,02,15,44%,Northwest,<12km/h,2,Sunny
21200507,03,14,39%,Northwest,<12km/h,3,Sunny
21200507,04,14,42%,Northwest,<12km/h,2,Sunny
21200507,05,11,54%,Northwest,<12km/h,2,Sunny
21200507,06,14,54%,North,<12km/h,2,Sunny
21200507,07,9,72%,South,<12km/h,2,Sunny
21200507,08,14,53%,North,<12km/h,2,Cloudy
21200507,09,15,53%,East,<12km/h,2,Sunny
21200507,10,16,43%,Northeast,<12km/h,2,Sunny
21200507,11,16,44%,Northwest,<12km/h,2,Sunny
21200507,12,17,46%,East,<12km/h,2,Sunny
21200507,13,17,34%,Northeast,<12km/h,2,Sunny
21200507,14,18,36%,North,<12km/h,2,Sunny
21200507,15,18,38%,East,<12km/h,2,Cloudy
21200507,16,17,40%,Northeast,<12km/h,2,Cloudy
21200507,17,14,51%,East,<12km/h,2,Sunny
21200507,18,12,69%,Northwest,<12km/h,1,Sunny
21200507,19,11,80%,Quiet,,0,Sunny
21200507,20,10,85%,Northwest,<12km/h,1,Sunny
21200507,21,9,88%,Northwest,<12km/h,1,Sunny
21200507,22,9,74%,North,<12km/h,1,Sunny
21200507,23,7,,Southeast,,<3,Sunny
21200508,00,9,82%,South,<12km/h,2,Sunny
21200508,01,10,,Southeast,,<3,Sunny
21200508,02,7,98%,Quiet,,0,Sunny
21200508,03,6,99%,North,<12km/h,1,Sunny
21200508,04,8,85%,South,<12km/h,1,Sunny
21200508,05,8,97%,Northwest,<12km/h,1,Sunny
21200508,06,6,100%,Southeast,<12km/h,1,Sunny
21200508,07,8,91%,Southeast,<12km/h,2,Sunny
21200508,08,11,73%,Southeast,<12km/h,2,Sunny
21200508,09,17,57%,South,<12km/h,1,Sunny
21200508,10,19,47%,West,<12km/h,2,Sunny
21200508,11,19,44%,Southeast,<12km/h,3,Sunny
21200508,12,20,48%,Southeast,<12km/h,2,Sunny
21200508,13,22,,Southeast,,<3,Cloudy
21200508,14,20,51%,Southeast,<12km/h,2,Sunny
21200508,15,19,52%,Southeast,<12km/h,3,Sunny
21200508,16,18,60%,Southeast,<12km/h,2,Sunny
21200508,17,18,53%,South,16-24km/h,4,Sunny
21200508,18,17,49%,South,<12km/h,2,Sunny
21200508,19,17,57%,Southeast,<12km/h,1,Sunny
21200508,20,15,76%,Quiet,,0,Sunny
21200508,21,16,63%,South,<12km/h,1,Cloudy
21200508,22,12,90%,East,<12km/h,1,Sunny
21200508,23,14,77%,South,<12km/h,2,Sunny
21200509,00,13,100%,East,<12km/h,2,Sunny
21200509,01,13,96%,North,<12km/h,1,Sunny
21200509,02,13,98%,Quiet,,0,Sunny
21200509,03,14,98%,West,<12km/h,1,Sunny
21200509,04,13,100%,East,<12km/h,2,Fog
21200509,05,12,100%,Quiet,,0,Cloudy
21200509,06,12,100%,Northeast,<12km/h,2,Cloudy
21200509,07,14,99%,West,<12km/h,2,Cloudy
21200509,08,14,91%,Quiet,,0,Sunny
21200509,09,17,78%,Southeast,16-24km/h,4,Cloudy
21200509,10,21,66%,Northwest,<12km/h,2,Cloudy
21200509,11,23,,,,<3,Sunny
21200509,12,24,51%,Southeast,<12km/h,1,Cloudy
21200509,13,24,51%,East,<12km/h,2,Cloudy
21200509,14,22,57%,Northeast,<12km/h,2,Cloudy
21200509,15,23,54%,East,<12km/h,2,Cloudy
21200509,16,21,60%,East,<12km/h,2,Cloudy
21200509,17,20,69%,East,<12km/h,1,Sunny
21200509,18,20,64%,Quiet,,0,Cloudy
21200509,19,19,68%,Quiet,,0,Cloudy
21200509,20,15,97%,North,<12km/h,1,Cloudy
21200509,21,16,91%,Northeast,<12km/h,3,Cloudy
21200509,22,16,85%,Southeast,<12km/h,1,Cloudy
21200509,23,15,87%,North,<12km/h,2,Cloudy
21200510,00,10,,Southeast,,<3,Overcast
21200510,01,17,88%,South,<12km/h,3,Cloudy
21200510,02,9,98%,Quiet,,0,Sunny
21200510,03,12,88%,South,<12km/h,1,Sunny
21200510,04,10,86%,Northwest,<12km/h,2,Sunny
21200510,05,11,88%,Southeast,<12km/h,1,Sunny
21200510,06,11,98%,Quiet,,0,Sunny
21200510,07,11,94%,South,<12km/h,1,Sunny
21200510,08,14,93%,East,<12km/h,1,Sunny
21200510,09,19,67%,Southeast,<12km/h,2,Sunny
21200510,10,19,62%,South,<12km/h,2,Sunny
21200510,11,22,45%,Southeast,<12km/h,3,Sunny
21200510,12,25,,Southeast,,<3,Cloudy
21200510,13,23,40%,Southeast,<12km/h,3,Sunny
21200510,14,23,49%,Southeast,<12km/h,3,Sunny
21200510,15,22,59%,Southeast,<12km/h,3,Sunny
21200510,16,22,58%,South,<12km/h,1,Sunny
21200510,17,20,69%,South,<12km/h,1,Sunny
21200510,18,19,75%,Southeast,<12km/h,1,Sunny
21200510,19,18,74%,Southeast,<12km/h,2,Sunny
21200510,20,18,83%,Southwest,<12km/h,2,Sunny
21200510,21,16,87%,Southwest,<12km/h,1,Sunny
21200510,22,15,93%,Southwest,<12km/h,2,Sunny
21200510,23,18,83%,East,<12km/h,1,Sunny
21200511,00,14,,,,<3,Sunny
21200511,01,15,79%,South,<12km/h,1,Sunny
21200511,02,16,96%,Southeast,<12km/h,1,Sunny
21200511,03,16,94%,South,<12km/h,1,Sunny
21200511,04,15,87%,Southeast,<12km/h,1,Sunny
21200511,05,16,86%,South,<12km/h,2,Sunny
21200511,06,17,92%,East,<12km/h,1,Sunny
21200511,07,20,77%,Southeast,<12km/h,1,Sunny
21200511,08,22,71%,North,<12km/h,2,Cloudy
21200511,09,21,79%,South,<12km/h,1,Sunny
21200511,10,24,56%,South,<12km/h,3,Sunny
21200511,11,23,73%,South,<12km/h,2,Sunny
21200511,12,24,70%,Southeast,<12km/h,2,Sunny
21200511,13,27,51%,South,<12km/h,3,Sunny
21200511,14,26,54%,South,<12km/h,2,Sunny
21200511,15,27,49%,North,<12km/h,2,Sunny
21200511,16,24,73%,East,<12km/h,2,Sunny
21200511,17,22,87%,East,<12km/h,2,Sunny
21200511,18,21,86%,Southwest,<12km/h,2,Sunny
21200511,19,22,82%,Southeast,<12km/h,1,Sunny
21200511,20,21,81%,Southeast,<12km/h,1,Cloudy
21200511,21,21,95%,East,<12km/h,1,Sunny
21200511,22,20,97%,Quiet,,0,Sunny
21200511,23,21,59%,Northwest,16-24km/h,4,Overcast
21200512,00,18,75%,Northwest,16-24km/h,4,Cloudy
21200512,01,19,67%,Northeast,<12km/h,2,Cloudy
21200512,02,18,76%,Northwest,<12km/h,3,Sunny
21200512,03,17,82%,Northwest,24-34km/h,5,Sunny
21200512,04,12,91%,Northwest,24-34km/h,5,Rain
21200512,05,12,90%,Northwest,<12km/h,2,Rain
21200512,06,13,79%,Northwest,16-24km/h,4,Overcast
21200512,07,13,76%,North,<12km/h,3,Overcast
21200512,08,12,71%,North,<12km/h,3,Overcast
21200512,09,14,75%,West,16-24km/h,4,Overcast
21200512,10,13,75%,West,<12km/h,3,Overcast
21200512,11,13,65%,Northwest,<12km/h,2,Overcast
21200512,12,14,62%,Northwest,<12km/h,3,Overcast
21200512,13,12,64%,Northwest,<12km/h,3,Overcast
21200512,14,11,64%,Northwest,24-34km/h,5,Overcast
21200512,15,11,72%,Northwest,<12km/h,2,Overcast
21200512,16,12,58%,North,<12km/h,3,Sunny
21200512,17,12,70%,Northwest,16-24km/h,4,Cloudy
21200512,18,12,66%,Northwest,<12km/h,3,Overcast
21200512,19,11,70%,Northwest,<12km/h,2,Cloudy
21200512,20,11,60%,North,<12km/h,2,Overcast
21200512,21,10,70%,Northwest,<12km/h,3,Overcast
21200512,22,9,79%,West,<12km/h,3,Cloudy
21200512,23,10,72%,Northwest,<12km/h,3,Cloudy
21200513,00,13,90%,West,<12km/h,1,Cloudy
21200513,01,12,87%,Quiet,,0,Cloudy
21200513,02,12,88%,North,<12km/h,1,Sunny
21200513,03,11,92%,Quiet,,0,Cloudy
21200513,04,13,,,,<3,Overcast
21200513,05,13,95%,West,<12km/h,1,Overcast
21200513,06,13,92%,Southwest,<12km/h,1,Cloudy
21200513,07,12,90%,Northeast,<12km/h,3,Cloudy
21200513,08,14,84%,East,<12km/h,2,Sunny
21200513,09,21,,,,<3,Cloudy
21200513,10,19,68%,Northeast,16-24km/h,4,Sunny
21200513,11,20,66%,Southeast,<12km/h,3,Overcast
21200513,12,20,66%,Northwest,<12km/h,2,Overcast
21200513,13,20,66%,Quiet,,0,Cloudy
21200513,14,20,,,,<3,Cloudy
21200513,15,19,72%,North,<12km/h,3,Cloudy
21200513,16,21,61%,North,<12km/h,1,Cloudy
21200513,17,18,72%,North,<12km/h,3,Cloudy
21200513,18,18,72%,Northeast,16-24km/h,4,Overcast
21200513,19,18,74%,North,<12km/h,3,Overcast
21200513,20,18,77%,Northeast,<12km/h,2,Rain
21200513,21,16,,,,<3,Overcast
21200513,22,16,87%,Northwest,<12km/h,1,Overcast
21200513,23,16,81%,North,<12km/h,2,Cloudy
21200514,00,9,75%,Northwest,<12km/h,3,Cloudy
21200514,01,8,62%,North,<12km/h,2,Sunny
21200514,02,9,65%,North,<12km/h,2,Sunny
21200514,03,9,63%,North,<12km/h,3,Sunny
21200514,04,8,55%,Northwest,<12km/h,2,Sunny
21200514,05,7,57%,Northwest,<12km/h,3,Sunny
21200514,06,8,57%,Northwest,<12km/h,3,Cloudy
21200514,07,7,60%,Northwest,<12km/h,1,Overcast
21200514,08,8,52%,West,<12km/h,2,Overcast
21200514,09,10,50%,Northwest,<12km/h,2,Overcast
21200514,10,11,54%,North,<12km/h,2,Cloudy
21200514,11,12,47%,North,<12km/h,2,Sunny
21200514,12,13,42%,North,16-24km/h,4,Sunny
21200514,13,13,51%,North,<12km/h,2,Cloudy
21200514,14,13,49%,Northwest,<12km/h,2,Cloudy
21200514,15,13,45%,Northeast,<12km/h,2,Sunny
21200514,16,12,48%,Northeast,<12km/h,2,Sunny
21200514,17,12,54%,North,<12km/h,2,Sunny
21200514,18,12,56%,Quiet,,0,Cloudy
21200514,19,10,,,,<3,Overcast
21200514,20,10,,,,<3,Overcast
21200514,21,11,63%,Quiet,,0,Overcast
21200514,22,12,58%,West,<12km/h,2,Cloudy
21200514,23,11,60%,Northwest,<12km/h,2,Sunny
21200515,00,10,60%,Northwest,<12km/h,2,Overcast
21200515,01,12,65%,North,<12km/h,2,Overcast
21200515,02,10,63%,Northwest,<12km/h,2,Sunny
21200515,03,11,69%,Northwest,<12km/h,2,Overcast
21200515,04,12,56%,North,<12km/h,1,Overcast
21200515,05,8,81%,North,<12km/h,1,Overcast
21200515,06,8,84%,North,<12km/h,1,Cloudy
21200515,07,8,87%,Northwest,<12km/h,1,Cloudy
21200515,08,11,64%,Northwest,<12km/h,2,Overcast
21200515,09,13,61%,Northwest,<12km/h,2,Overcast
21200515,10,13,58%,North,<12km/h,2,Overcast
21200515,11,17,,,,<3,Overcast
21200515,12,15,55%,Northeast,<12km/h,3,Overcast
21200515,13,15,54%,East,<12km/h,3,Overcast
21200515,14,15,48%,Northeast,<12km/h,2,Overcast
21200515,15,14,55%,Northeast,<12km/h,3,Overcast
21200515,16,14,61%,Northeast,<12km/h,1,Overcast
21200515,17,14,65%,Quiet,,0,Overcast
21200515,18,14,66%,North,<12km/h,1,Overcast
21200515,19,14,64%,Northwest,<12km/h,1,Overcast
21200515,20,14,65%,Quiet,,0,Overcast
21200515,21,14,67%,Quiet,,0,Overcast
21200515,22,14,61%,Northeast,<12km/h,2,Cloudy
21200515,23,13,74%,Quiet,,0,Overcast
21200516,00,11,94%,Northwest,<12km/h,2,Sunny
21200516,01,10,95%,Northwest,<12km/h,2,Sunny
21200516,02,12,79%,Northeast,<12km/h,1,Sunny
21200516,03,9,88%,Southwest,<12km/h,2,Sunny
21200516,04,9,91%,Southwest,<12km/h,2,Sunny
21200516,05,9,90%,Southwest,<12km/h,2,Sunny
21200516,06,8,96%,Southwest,<12km/h,1,Sunny
21200516,07,9,96%,Southeast,<12km/h,1,Sunny
21200516,08,13,82%,Northwest,<12km/h,2,Sunny
21200516,09,14,68%,East,<12km/h,2,Sunny
21200516,10,18,53%,Northwest,<12km/h,3,Sunny
21200516,11,18,49%,Northwest,<12km/h,2,Sunny
21200516,12,19,49%,West,<12km/h,2,Sunny
21200516,13,20,43%,Northeast,<12km/h,2,Sunny
21200516,14,19,30%,North,<12km/h,3,Sunny
21200516,15,20,41%,Northwest,<12km/h,2,Sunny
21200516,16,18,37%,North,<12km/h,1,Sunny
21200516,17,16,42%,Northeast,<12km/h,2,Sunny
21200516,18,7,,,,<3,Cloudy
21200516,19,10,88%,Northwest,<12km/h,1,Sunny
21200516,20,11,88%,West,<12km/h,1,Sunny
21200516,21,9,98%,Southeast,<12km/h,1,Sunny
21200516,22,10,80%,Northwest,<12km/h,1,Sunny
21200516,23,11,,,,<3,Sunny
21200517,00,11,78%,Southwest,<12km/h,1,Sunny
21200517,01,12,79%,Northwest,<12km/h,1,Overcast
21200517,02,12,75%,Northeast,<12km/h,1,Overcast
21200517,03,10,84%,South,<12km/h,2,Cloudy
21200517,04,13,79%,Quiet,,0,Overcast
21200517,05,13,76%,West,<12km/h,1,Overcast
21200517,06,11,82%,West,<12km/h,1,Overcast
21200517,07,11,84%,Quiet,,0,Overcast
21200517,08,12,78%,South,<12km/h,1,Overcast
21200517,09,16,68%,Northwest,<12km/h,1,Overcast
21200517,10,16,64%,West,<12km/h,1,Overcast
21200517,11,17,60%,West,<12km/h,1,Rain
21200517,12,18,55%,Northeast,<12km/h,2,Overcast
21200517,13,18,55%,Northeast,<12km/h,2,Overcast
21200517,14,18,65%,Quiet,,0,Cloudy
21200517,15,17,69%,Quiet,,0,Cloudy
21200517,16,16,69%,Northeast,<12km/h,2,Overcast
21200517,17,16,67%,North,<12km/h,1,Cloudy
21200517,18,14,96%,Northwest,<12km/h,1,Rain
21200517,19,11,,,,<3,Overcast
21200517,20,14,98%,West,<12km/h,1,Rain
21200517,21,11,,,,<3,Overcast
21200517,22,14,96%,West,<12km/h,1,Overcast
21200517,23,13,100%,South,<12km/h,1,Overcast
21200518,00,14,100%,Quiet,,0,Sunny
21200518,01,13,100%,Northwest,<12km/h,1,Cloudy
21200518,02,13,100%,Southwest,<12km/h,1,Sunny
21200518,03,13,100%,Northeast,<12km/h,1,Sunny
21200518,04,15,91%,West,<12km/h,1,Cloudy
21200518,05,15,93%,West,<12km/h,2,Cloudy
21200518,06,15,92%,Southwest,<12km/h,1,Cloudy
21200518,07,13,93%,Southeast,<12km/h,1,Overcast
21200518,08,16,93%,West,<12km/h,2,Cloudy
21200518,09,19,,,,<3,Overcast
21200518,10,17,88%,Northwest,<12km/h,1,Cloudy
21200518,11,22,,,,<3,Overcast
21200518,12,18,90%,Northwest,<12km/h,2,Rain
21200518,13,18,90%,Northwest,<12km/h,1,Overcast
21200518,14,19,74%,North,<12km/h,2,Overcast
21200518,15,19,78%,North,<12km/h,1,Overcast
21200518,16,18,87%,Northeast,<12km/h,1,Overcast
21200518,17,18,83%,West,<12km/h,1,Overcast
21200518,18,17,83%,Northwest,<12km/h,1,Cloudy
21200518,19,17,85%,Northwest,<12km/h,1,Cloudy
21200518,20,17,84%,North,<12km/h,1,Cloudy
21200518,21,17,96%,West,<12km/h,1,Cloudy
21200518,22,18,92%,Southeast,<12km/h,1,Sunny
21200518,23,16,93%,Northwest,<12km/h,1,Overcast
21200519,00,15,97%,Southeast,<12km/h,1,Cloudy
21200519,01,17,98%,West,<12km/h,1,Cloudy
21200519,02,17,98%,Northwest,<12km/h,1,Overcast
21200519,03,17,98%,Northwest,<12km/h,1,Overcast
21200519,04,15,97%,Quiet,,0,Overcast
21200519,05,16,100%,North,<12km/h,1,Overcast
21200519,06,17,99%,Southwest,<12km/h,2,Rain
21200519,07,16,94%,South,<12km/h,1,Overcast
21200519,08,17,100%,Southeast,<12km/h,1,Overcast
21200519,09,18,100%,North,<12km/h,1,Rain
21200519,10,18,100%,North,<12km/h,1,Rain
21200519,11,18,100%,Quiet,,0,Rain
21200519,12,20,80%,Northwest,<12km/h,2,Overcast
21200519,13,19,98%,West,<12km/h,1,Rain
21200519,14,19,100%,Northwest,<12km/h,1,Rain
21200519,15,19,99%,Northwest,<12km/h,1,Rain
21200519,16,19,99%,Northwest,<12km/h,1,Rain
21200519,17,19,100%,Northeast,<12km/h,1,Rain
21200519,18,18,95%,East,<12km/h,3,Rain
21200519,19,19,100%,North,<12km/h,1,Fog
21200519,20,16,,,,<3,Lightrain
21200519,21,18,96%,East,<12km/h,2,Cloudy
21200519,22,18,100%,West,<12km/h,1,Overcast
21200519,23,18,100%,Southwest,<12km/h,1,Fog
21200520,00,14,95%,Northwest,<12km/h,1,Sunny
21200520,01,14,95%,Southeast,24-34km/h,5,Sunny
21200520,02,14,77%,West,<12km/h,1,Cloudy
21200520,03,16,80%,North,<12km/h,1,Sunny
21200520,04,13,96%,Northwest,<12km/h,1,Sunny
21200520,05,13,98%,Northwest,<12km/h,1,Sunny
21200520,06,12,98%,Quiet,,0,Sunny
21200520,07,12,81%,South,<12km/h,1,Sunny
21200520,08,16,78%,West,<12km/h,3,Sunny
21200520,09,18,70%,Northwest,<12km/h,1,Sunny
21200520,10,19,57%,West,<12km/h,2,Sunny
21200520,11,19,50%,North,<12km/h,3,Sunny
21200520,12,20,42%,North,<12km/h,1,Sunny
21200520,13,20,,,,<3,Cloudy
21200520,14,19,58%,North,<12km/h,2,Sunny
21200520,15,20,48%,North,<12km/h,2,Cloudy
21200520,16,18,59%,North,<12km/h,2,Cloudy
21200520,17,18,52%,North,<12km/h,3,Sunny
21200520,18,15,70%,North,<12km/h,1,Cloudy
21200520,19,15,75%,North,<12km/h,1,Sunny
21200520,20,14,83%,Quiet,,0,Sunny
21200520,21,14,83%,West,<12km/h,1,Sunny
21200520,22,13,82%,Southeast,<12km/h,2,Sunny
21200520,23,13,90%,Quiet,,0,Cloudy
21200521,00,18,98%,Northwest,<12km/h,1,Overcast
21200521,01,16,,,,<3,Lightrain
21200521,02,18,100%,Southwest,<12km/h,2,Fog
21200521,03,18,100%,Quiet,,0,Overcast
21200521,04,18,100%,Northwest,<12km/h,1,Overcast
21200521,05,18,100%,Quiet,,0,Overcast
21200521,06,18,100%,Quiet,,0,Overcast
21200521,07,18,100%,South,<12km/h,1,Cloudy
21200521,08,19,100%,Quiet,,0,Overcast
21200521,09,18,100%,North,<12km/h,1,Overcast
21200521,10,22,80%,North,<12km/h,2,Cloudy
21200521,11,19,99%,West,<12km/h,2,Fog
21200521,12,22,76%,Northwest,<12km/h,2,Fog
21200521,13,22,,,,<3,Lightrain
21200521,14,20,73%,West,<12km/h,2,Fog
21200521,15,21,75%,North,<12km/h,1,Fog
21200521,16,21,77%,Northwest,<12km/h,2,Fog
21200521,17,19,78%,Northwest,<12km/h,2,Fog
21200521,18,19,86%,Northwest,<12km/h,2,Fog
21200521,19,19,92%,Northeast,<12km/h,2,Fog
21200521,20,19,75%,Northwest,<12km/h,3,Overcast
21200521,21,19,85%,Northeast,<12km/h,2,Overcast
21200521,22,15,89%,North,16-24km/h,4,Rain
21200521,23,16,89%,North,16-24km/h,4,Overcast
21200522,00,14,99%,North,<12km/h,3,Rain
21200522,01,15,97%,Northwest,<12km/h,2,Rain
21200522,02,14,97%,Northwest,<12km/h,2,Overcast
21200522,03,11,93%,North,<12km/h,2,Rain
21200522,04,10,91%,North,<12km/h,3,Rain
21200522,05,12,94%,Northwest,<12km/h,2,Rain
21200522,06,10,92%,Northwest,<12km/h,3,Overcast
21200522,07,12,86%,North,<12km/h,2,Overcast
21200522,08,10,91%,Northwest,<12km/h,3,Overcast
21200522,09,9,83%,North,<12km/h,3,Overcast
21200522,10,11,82%,South,<12km/h,1,Overcast
21200522,11,10,73%,North,<12km/h,3,Overcast
21200522,12,10,68%,Northwest,<12km/h,3,Overcast
21200522,13,11,79%,Northwest,<12km/h,2,Overcast
21200522,14,11,78%,Northwest,<12km/h,2,Overcast
21200522,15,11,76%,Northwest,<12km/h,1,Overcast
21200522,16,9,68%,Northwest,<12km/h,3,Overcast
21200522,17,9,73%,North,<12km/h,2,Overcast
21200522,18,9,79%,Northwest,<12km/h,3,Overcast
21200522,19,9,76%,Northwest,<12km/h,3,Rain
21200522,20,10,75%,North,<12km/h,1,Overcast
21200522,21,10,74%,Northwest,<12km/h,2,Overcast
21200522,22,10,83%,Northwest,<12km/h,2,Overcast
21200522,23,9,76%,North,<12km/h,2,Cloudy
21200523,00,10,96%,Southwest,<12km/h,1,Sunny
21200523,01,10,96%,Northwest,<12km/h,1,Sunny
21200523,02,8,87%,South,<12km/h,1,Sunny
21200523,03,9,97%,Quiet,,0,Sunny
21200523,04,9,98%,Northwest,<12km/h,1,Sunny
21200523,05,22,,,,<3,Cloudy
21200523,06,22,,,,<3,Cloudy
21200523,07,22,,,,<3,Cloudy
21200523,08,22,,,,<3,Cloudy
21200523,09,22,,,,<3,Cloudy
21200523,10,19,49%,Southwest,<12km/h,2,Overcast
21200523,11,20,46%,Southwest,<12km/h,3,Cloudy
21200523,12,21,35%,South,<12km/h,2,Cloudy
21200523,13,22,34%,West,<12km/h,1,Sunny
21200523,14,23,32%,Southwest,<12km/h,2,Cloudy
21200523,15,22,,,,<3,Cloudy
21200523,16,21,52%,Southwest,<12km/h,3,Overcast
21200523,17,19,46%,Quiet,,0,Sunny
21200523,18,17,61%,East,<12km/h,1,Cloudy
21200523,19,14,70%,South,<12km/h,1,Sunny
21200523,20,12,90%,Quiet,,0,Cloudy
21200523,21,13,75%,Southeast,<12km/h,1,Cloudy
21200523,22,12,94%,Northwest,<12km/h,1,Cloudy
21200523,23,12,77%,Southwest,<12km/h,1,Sunny
21200524,00,8,77%,Northwest,<12km/h,2,Overcast
21200524,01,9,83%,Northwest,<12km/h,2,Overcast
21200524,02,9,84%,Northwest,<12km/h,2,Cloudy
21200524,03,8,75%,West,<12km/h,1,Cloudy
21200524,04,9,84%,Northwest,<12km/h,3,Cloudy
21200524,05,8,77%,Northwest,<12km/h,2,Overcast
21200524,06,8,80%,West,<12km/h,2,Overcast
21200524,07,8,77%,Northwest,<12km/h,2,Overcast
21200524,08,10,82%,West,<12km/h,3,Overcast
21200524,09,9,73%,Northwest,<12km/h,2,Overcast
21200524,10,11,81%,Northwest,<12km/h,2,Overcast
21200524,11,11,79%,Northwest,<12km/h,2,Overcast
21200524,12,11,76%,Northeast,<12km/h,2,Overcast
21200524,13,11,71%,West,<12km/h,1,Overcast
21200524,14,11,75%,Northeast,<12km/h,2,Overcast
21200524,15,10,74%,North,<12km/h,2,Overcast
21200524,16,10,75%,North,<12km/h,2,Overcast
21200524,17,11,81%,West,<12km/h,1,Overcast
21200524,18,11,82%,West,<12km/h,2,Overcast
21200524,19,11,80%,North,<12km/h,1,Overcast
21200524,20,11,82%,Southeast,<12km/h,1,Overcast
21200524,21,11,80%,North,<12km/h,2,Overcast
21200524,22,10,79%,Southwest,<12km/h,1,Overcast
21200524,23,10,85%,North,<12km/h,2,Overcast
21200525,00,11,80%,North,<12km/h,1,Overcast
21200525,01,11,81%,Northwest,<12km/h,2,Overcast
21200525,02,10,83%,West,<12km/h,1,Overcast
21200525,03,11,81%,West,<12km/h,1,Overcast
21200525,04,10,82%,West,<12km/h,1,Overcast
21200525,05,11,83%,West,<12km/h,1,Overcast
21200525,06,11,83%,North,<12km/h,1,Overcast
21200525,07,11,80%,Northwest,<12km/h,2,Overcast
21200525,08,11,88%,Northeast,<12km/h,3,Overcast
21200525,09,11,79%,Northwest,<12km/h,1,Overcast
21200525,10,11,90%,North,<12km/h,3,Overcast
21200525,11,11,96%,Northwest,<12km/h,2,Overcast
21200525,12,11,95%,North,<12km/h,2,Rain
21200525,13,12,87%,North,<12km/h,2,Overcast
21200525,14,10,99%,North,<12km/h,3,Rain
21200525,15,10,100%,Northwest,<12km/h,2,Rain
21200525,16,12,90%,Northwest,<12km/h,2,Overcast
21200525,17,10,100%,North,<12km/h,2,Rain
21200525,18,10,99%,Northwest,<12km/h,3,Rain
21200525,19,9,98%,Northwest,<12km/h,3,Rain
21200525,20,11,96%,North,<12km/h,1,Rain
21200525,21,9,93%,Northwest,<12km/h,2,Rain
21200525,22,8,89%,Northwest,<12km/h,2,Rain
21200525,23,9,99%,Northwest,<12km/h,2,Rain
21200526,00,8,94%,West,<12km/h,3,Rain
21200526,01,7,,,,3-4,Lightrain
21200526,02,10,95%,Northwest,<12km/h,2,Overcast
21200526,03,9,88%,Northwest,<12km/h,2,Overcast
21200526,04,10,91%,Northwest,<12km/h,2,Overcast
21200526,05,10,95%,Northwest,<12km/h,2,Overcast
21200526,06,8,80%,Northwest,<12km/h,2,Overcast
21200526,07,10,66%,North,<12km/h,2,Overcast
21200526,08,8,74%,Northwest,<12km/h,2,Overcast
21200526,09,11,63%,North,<12km/h,2,Overcast
21200526,10,10,68%,North,<12km/h,3,Sunny
21200526,11,11,67%,North,<12km/h,2,Rain
21200526,12,11,54%,Northwest,24-34km/h,5,Rain
21200526,13,11,62%,Northwest,<12km/h,3,Overcast
21200526,14,11,62%,Northwest,<12km/h,2,Overcast
21200526,15,12,48%,North,<12km/h,3,Overcast
21200526,16,11,62%,North,<12km/h,3,Overcast
21200526,17,10,59%,Northwest,<12km/h,3,Overcast
21200526,18,9,,,,<3,Cloudy
21200526,19,10,,,,3-4,Overcast
21200526,20,11,,Southeast,,3-4,Overcast
21200526,21,10,,,,3-4,Cloudy
21200526,22,9,,,,<3,Cloudy
21200526,23,9,,,,<3,Cloudy
21200527,00,18,70%,South,<12km/h,2,Cloudy
21200527,01,15,90%,Southeast,<12km/h,1,Cloudy
21200527,02,15,100%,Quiet,,0,Cloudy
21200527,03,16,90%,South,<12km/h,1,Cloudy
21200527,04,15,100%,Northeast,<12km/h,1,Cloudy
21200527,05,15,100%,Quiet,,0,Rain
21200527,06,17,78%,Southeast,<12km/h,1,Cloudy
21200527,07,15,100%,Northwest,<12km/h,1,Sunny
21200527,08,17,100%,Northwest,<12km/h,1,Sunny
21200527,09,18,76%,North,<12km/h,2,Overcast
21200527,10,18,77%,North,<12km/h,2,Rain
21200527,11,18,70%,Northwest,<12km/h,2,Cloudy
21200527,12,21,,,,3-4,Cloudy
21200527,13,20,59%,Northeast,<12km/h,1,Cloudy
21200527,14,20,56%,Northwest,<12km/h,3,Cloudy
21200527,15,20,55%,West,<12km/h,2,Cloudy
21200527,16,19,60%,West,<12km/h,2,Cloudy
21200527,17,18,57%,Northwest,<12km/h,3,Cloudy
21200527,18,18,61%,Northwest,<12km/h,2,Cloudy
21200527,19,17,67%,West,<12km/h,2,Cloudy
21200527,20,17,61%,Northwest,<12km/h,3,Sunny
21200527,21,17,61%,Northwest,<12km/h,2,Sunny
21200527,22,17,64%,West,<12km/h,3,Cloudy
21200527,23,17,55%,Northwest,16-24km/h,4,Sunny
21200528,00,10,,,,<3,Overcast
21200528,01,10,,,,<3,Overcast
21200528,02,9,,,,<3,Cloudy
21200528,03,10,,,,3-4,Cloudy
21200528,04,9,,,,<3,Cloudy
21200528,05,9,,,,<3,Cloudy
21200528,06,13,,,,<3,Overcast
21200528,07,14,,,,<3,Overcast
21200528,08,9,74%,Southwest,<12km/h,1,Overcast
21200528,09,10,69%,North,<12km/h,3,Overcast
21200528,10,11,71%,Northwest,<12km/h,3,Overcast
21200528,11,12,67%,Northwest,<12km/h,2,Overcast
21200528,12,12,69%,Northwest,<12km/h,3,Overcast
21200528,13,12,70%,Northwest,<12km/h,3,Overcast
21200528,14,10,65%,Northwest,<12km/h,3,Overcast
21200528,15,10,69%,North,<12km/h,2,Cloudy
21200528,16,11,75%,Northwest,<12km/h,2,Overcast
21200528,17,10,74%,Northwest,<12km/h,1,Cloudy
21200528,18,9,75%,South,<12km/h,2,Cloudy
21200528,19,11,78%,Northwest,<12km/h,1,Cloudy
21200528,20,11,73%,Northeast,<12km/h,1,Overcast
21200528,21,13,67%,Northeast,<12km/h,2,Cloudy
21200528,22,13,68%,East,<12km/h,2,Cloudy
21200528,23,10,,,,<3,Cloudy
21200529,00,11,78%,Northeast,<12km/h,1,Overcast
21200529,01,11,80%,Northeast,<12km/h,2,Overcast
21200529,02,11,80%,East,<12km/h,1,Overcast
21200529,03,11,82%,Quiet,,0,Overcast
21200529,04,12,82%,Quiet,,0,Overcast
21200529,05,10,92%,West,<12km/h,1,Overcast
21200529,06,12,84%,West,<12km/h,1,Overcast
21200529,07,10,89%,Southeast,<12km/h,1,Overcast
21200529,08,10,86%,Southwest,<12km/h,2,Cloudy
21200529,09,13,81%,Northwest,<12km/h,1,Overcast
21200529,10,13,79%,Quiet,,0,Overcast
21200529,11,12,75%,Quiet,,0,Overcast
21200529,12,15,77%,West,<12km/h,2,Overcast
21200529,13,14,75%,North,<12km/h,1,Overcast
21200529,14,15,79%,Southwest,<12km/h,2,Cloudy
21200529,15,14,86%,Northwest,<12km/h,1,Overcast
21200529,16,12,81%,West,<12km/h,1,Cloudy
21200529,17,11,86%,Northwest,<12km/h,1,Rain
21200529,18,13,97%,West,<12km/h,2,Overcast
21200529,19,12,97%,West,<12km/h,2,Rain
21200529,20,12,98%,North,<12km/h,1,Rain
21200529,21,11,100%,North,<12km/h,1,Rain
21200529,22,11,98%,East,<12km/h,2,Rain
21200529,23,12,99%,Northwest,<12km/h,1,Overcast
21200530,00,14,98%,Northwest,<12km/h,1,Sunny
21200530,01,15,97%,Northwest,<12km/h,1,Sunny
21200530,02,15,88%,Southeast,<12km/h,1,Cloudy
21200530,03,15,100%,North,<12km/h,1,Cloudy
21200530,04,16,96%,East,<12km/h,1,Cloudy
21200530,05,14,100%,North,<12km/h,3,Overcast
21200530,06,15,99%,Northwest,<12km/h,1,Overcast
21200530,07,15,99%,Northwest,<12km/h,1,Overcast
21200530,08,15,95%,Quiet,,0,Cloudy
21200530,09,17,99%,Quiet,,0,Overcast
21200530,10,17,97%,Quiet,,0,Overcast
21200530,11,18,85%,Northwest,<12km/h,2,Overcast
21200530,12,18,82%,Northeast,16-24km/h,4,Overcast
21200530,13,17,87%,Southeast,<12km/h,2,Rain
21200530,14,19,87%,Northwest,<12km/h,2,Overcast
21200530,15,19,78%,North,16-24km/h,4,Overcast
21200530,16,19,83%,Northeast,<12km/h,1,Overcast
21200530,17,18,78%,Southwest,<12km/h,2,Cloudy
21200530,18,18,81%,Northeast,<12km/h,3,Sunny
21200530,19,15,92%,North,<12km/h,1,Sunny
21200530,20,16,98%,Northwest,<12km/h,1,Sunny
21200530,21,16,,,,<3,Cloudy
21200530,22,15,92%,North,<12km/h,1,Sunny
21200530,23,14,99%,Northwest,<12km/h,1,Sunny
21200531,00,10,97%,West,<12km/h,2,Rain
21200531,01,8,,,,3-4,Heavyrain
21200531,02,10,97%,Southwest,<12km/h,2,Rain
21200531,03,12,100%,North,<12km/h,2,Rain
21200531,04,10,,,,<3,Moderaterain
21200531,05,13,94%,West,<12km/h,3,Rain
21200531,06,11,100%,Northeast,<12km/h,2,Rain
21200531,07,11,100%,Northwest,<12km/h,2,Rain
21200531,08,13,,,,4-5,Lightrain
21200531,09,9,91%,West,16-24km/h,4,Overcast
21200531,10,13,,,,3-4,Lightrain
21200531,11,11,93%,Northwest,<12km/h,2,Rain
21200531,12,13,,,,4-5,Lightrain
21200531,13,12,,,,4-5,Lightrain
21200531,14,10,77%,North,<12km/h,2,Cloudy
21200531,15,13,,,,3-4,Lightrain
21200531,16,9,77%,West,<12km/h,2,Cloudy
21200531,17,8,82%,Northwest,<12km/h,2,Cloudy
21200531,18,9,70%,Northwest,<12km/h,3,Cloudy
21200531,19,8,75%,West,24-34km/h,5,Cloudy
21200531,20,8,79%,Northwest,<12km/h,2,Cloudy
21200531,21,8,75%,West,<12km/h,3,Rain
21200531,22,5,,,,3-4,Overcast
21200531,23,4,,,,4-5,Lightrain
21200601,00,5,,,,3-4,Overcast
21200601,01,8,71%,Northwest,<12km/h,3,Overcast
21200601,02,7,,,,4-5,Lightrain
21200601,03,4,,,,3-4,Overcast
21200601,04,6,72%,Northwest,<12km/h,3,Cloudy
21200601,05,6,68%,Northwest,16-24km/h,4,Sunny
21200601,06,11,,,,3-4,Sunny
21200601,07,11,,,,3-4,Sunny
21200601,08,7,60%,Northwest,16-24km/h,4,Sunny
21200601,09,11,,,,3-4,Sunny
21200601,10,8,52%,West,<12km/h,3,Sunny
21200601,11,9,50%,Northwest,<12km/h,2,Sunny
21200601,12,10,34%,North,<12km/h,3,Sunny
21200601,13,10,47%,Northwest,<12km/h,3,Sunny
21200601,14,10,,,,3-4,Sunny
21200601,15,12,33%,North,<12km/h,2,Sunny
21200601,16,10,,,,3-4,Sunny
21200601,17,3,,,,<3,Sunny
21200601,18,9,39%,North,<12km/h,2,Sunny
21200601,19,5,69%,South,<12km/h,2,Sunny
21200601,20,4,,,,3-4,Sunny
21200601,21,8,53%,West,<12km/h,2,Sunny
21200601,22,5,64%,East,<12km/h,1,Sunny
21200601,23,3,82%,South,<12km/h,1,Sunny
21200602,00,3,,,,<3,Sunny
21200602,01,4,71%,Southeast,<12km/h,1,Sunny
21200602,02,2,90%,Southwest,<12km/h,1,Sunny
21200602,03,3,82%,Southwest,<12km/h,1,Sunny
21200602,04,3,,,,<3,Sunny
21200602,05,2,89%,West,<12km/h,1,Sunny
21200602,06,9,,,,<3,Sunny
21200602,07,2,97%,West,<12km/h,1,Sunny
21200602,08,10,,,,<3,Sunny
21200602,09,10,,,,<3,Sunny
21200602,10,9,51%,West,<12km/h,2,Overcast
21200602,11,9,46%,North,<12km/h,2,Sunny
21200602,12,9,,,,<3,Sunny
21200602,13,10,39%,North,<12km/h,2,Sunny
21200602,14,10,,,,<3,Sunny
21200602,15,11,43%,Northwest,<12km/h,2,Sunny
21200602,16,10,47%,Northeast,<12km/h,2,Sunny
21200602,17,7,51%,West,<12km/h,1,Sunny
21200602,18,6,64%,Quiet,,0,Overcast
21200602,19,2,,,,<3,Sunny
21200602,20,2,,,,<3,Sunny
21200602,21,2,,,,<3,Sunny
21200602,22,3,87%,Southeast,<12km/h,1,Sunny
21200602,23,6,,,,<3,Sunny
21200603,00,3,84%,Quiet,,0,Sunny
21200603,01,3,81%,South,<12km/h,2,Cloudy
21200603,02,2,88%,Southwest,<12km/h,2,Sunny
21200603,03,3,,,,<3,Sunny
21200603,04,2,,,,<3,Sunny
21200603,05,2,,,,<3,Sunny
21200603,06,2,87%,West,<12km/h,1,Sunny
21200603,07,2,100%,West,<12km/h,1,Cloudy
21200603,08,12,,,,<3,Cloudy
21200603,09,10,51%,Northwest,<12km/h,2,Cloudy
21200603,10,10,49%,South,<12km/h,1,Sunny
21200603,11,12,34%,North,<12km/h,2,Sunny
21200603,12,10,62%,North,<12km/h,2,Overcast
21200603,13,12,65%,Northwest,<12km/h,2,Overcast
21200603,14,13,36%,North,<12km/h,2,Sunny
21200603,15,12,37%,Northwest,<12km/h,2,Sunny
21200603,16,11,37%,Northwest,<12km/h,2,Sunny
21200603,17,12,,,,<3,Cloudy
21200603,18,10,44%,Northeast,<12km/h,1,Sunny
21200603,19,6,,,,<3,Cloudy
21200603,20,10,60%,North,<12km/h,2,Cloudy
21200603,21,4,,,,<3,Cloudy
21200603,22,4,75%,West,<12km/h,1,Sunny
21200603,23,3,,,,<3,Cloudy
21200604,00,4,74%,South,<12km/h,1,Sunny
21200604,01,5,82%,Northwest,<12km/h,2,Sunny
21200604,02,2,86%,Quiet,,0,Sunny
21200604,03,4,,,,<3,Cloudy
21200604,04,2,83%,Quiet,,0,Sunny
21200604,05,6,,,,<3,Cloudy
21200604,06,3,93%,South,<12km/h,1,Overcast
21200604,07,3,80%,Southwest,<12km/h,1,Cloudy
21200604,08,4,81%,Southwest,<12km/h,1,Sunny
21200604,09,9,63%,Northwest,<12km/h,2,Overcast
21200604,10,7,71%,East,<12km/h,1,Cloudy
21200604,11,13,,,,<3,Overcast
21200604,12,13,,,,<3,Overcast
21200604,13,10,64%,North,<12km/h,2,Cloudy
21200604,14,9,49%,Northeast,<12km/h,3,Cloudy
21200604,15,10,64%,West,<12km/h,2,Cloudy
21200604,16,11,63%,North,<12km/h,2,Overcast
21200604,17,11,71%,Quiet,,0,Overcast
21200604,18,7,,,,4-5,Lightrain
21200604,19,7,63%,North,<12km/h,2,Cloudy
21200604,20,11,67%,Northwest,<12km/h,1,Overcast
21200604,21,11,67%,North,<12km/h,2,Cloudy
21200604,22,2,86%,Northwest,<12km/h,2,Cloudy
21200604,23,8,,,,3-4,Lightrain
21200605,00,8,,,,3-4,Lightrain
21200605,01,9,82%,Northwest,<12km/h,3,Rain
21200605,02,9,95%,Northwest,<12km/h,2,Rain
21200605,03,9,81%,North,16-24km/h,4,Overcast
21200605,04,9,88%,North,<12km/h,3,Rain
21200605,05,9,93%,Northwest,<12km/h,2,Overcast
21200605,06,10,,,,3-4,Lightrain
21200605,07,10,78%,North,<12km/h,2,Overcast
21200605,08,8,68%,Northeast,<12km/h,3,Overcast
21200605,09,10,69%,Northeast,<12km/h,2,Rain
21200605,10,11,,,,3-4,Cloudy
21200605,11,10,,,,3-4,Lightrain
21200605,12,9,,,,4-5,Lightrain
21200605,13,9,58%,North,<12km/h,3,Overcast
21200605,14,10,,,,3-4,Lightrain
21200605,15,9,,,,<3,Lightrain
21200605,16,10,,,,3-4,Lightrain
21200605,17,4,,,,<3,Cloudy
21200605,18,3,,,,<3,Cloudy
21200605,19,3,,,,<3,Cloudy
21200605,20,3,,,,<3,Cloudy
21200605,21,3,,,,<3,Cloudy
21200605,22,4,,,,3-4,Cloudy
21200605,23,5,,,,<3,Cloudy
21200606,00,7,59%,Northwest,<12km/h,2,Cloudy
21200606,01,6,,,,3-4,Cloudy
21200606,02,4,,,,3-4,Cloudy
21200606,03,2,78%,Northwest,<12km/h,2,Sunny
21200606,04,4,77%,Northeast,<12km/h,1,Sunny
21200606,05,6,,,,3-4,Cloudy
21200606,06,5,76%,Northwest,<12km/h,2,Cloudy
21200606,07,10,,,,3-4,Cloudy
21200606,08,4,81%,West,<12km/h,2,Sunny
21200606,09,10,,,,3-4,Cloudy
21200606,10,10,,,,<3,Cloudy
21200606,11,10,,,,<3,Cloudy
21200606,12,9,48%,North,<12km/h,3,Sunny
21200606,13,11,41%,Northwest,<12km/h,2,Sunny
21200606,14,11,42%,Northeast,<12km/h,2,Overcast
21200606,15,9,36%,North,<12km/h,2,Cloudy
21200606,16,9,37%,Northeast,<12km/h,3,Cloudy
21200606,17,7,44%,North,<12km/h,1,Sunny
21200606,18,5,72%,Northeast,<12km/h,1,Cloudy
21200606,19,1,,,,<3,Sunny
21200606,20,1,,,,<3,Sunny
21200606,21,3,,,,<3,Sunny
21200606,22,3,,,,<3,Sunny
21200606,23,2,78%,South,<12km/h,1,Sunny
21200607,00,2,,,,<3,Sunny
21200607,01,5,,,,<3,Sunny
21200607,02,1,,,,<3,Sunny
21200607,03,2,,,,<3,Sunny
21200607,04,1,86%,Southeast,<12km/h,2,Sunny
21200607,05,0,91%,Quiet,,0,Sunny
21200607,06,11,,,,<3,Sunny
21200607,07,11,,,,<3,Sunny
21200607,08,3,87%,West,<12km/h,1,Sunny
21200607,09,8,53%,Southwest,<12km/h,2,Sunny
21200607,10,11,,,,<3,Sunny
21200607,11,12,,Southeast,,<3,Sunny
21200607,12,11,41%,Northeast,<12km/h,2,Sunny
21200607,13,12,39%,North,<12km/h,2,Sunny
21200607,14,12,35%,Southeast,<12km/h,2,Sunny
21200607,15,11,,,,<3,Sunny
21200607,16,10,49%,Northeast,<12km/h,2,Sunny
21200607,17,7,56%,Southeast,<12km/h,1,Sunny
21200607,18,8,66%,Southeast,<12km/h,2,Sunny
21200607,19,9,68%,Quiet,,0,Sunny
21200607,20,4,88%,Southwest,<12km/h,1,Sunny
21200607,21,5,94%,Quiet,,0,Sunny
21200607,22,4,85%,Southeast,<12km/h,1,Sunny
21200607,23,1,99%,South,<12km/h,1,Sunny
21200608,00,1,,,,<3,Sunny
21200608,01,3,90%,South,<12km/h,2,Sunny
21200608,02,3,98%,Northwest,<12km/h,1,Sunny
21200608,03,1,100%,Southwest,<12km/h,1,Fog
21200608,04,2,92%,Quiet,,0,Sunny
21200608,05,4,,Southeast,,<3,Sunny
21200608,06,0,100%,Quiet,,0,Fog
21200608,07,3,99%,Northwest,<12km/h,2,Cloudy
21200608,08,4,90%,East,<12km/h,1,Sunny
21200608,09,15,,Southeast,,<3,Cloudy
21200608,10,11,52%,Southwest,<12km/h,1,Sunny
21200608,11,13,37%,West,<12km/h,2,Sunny
21200608,12,15,31%,West,<12km/h,2,Sunny
21200608,13,15,,Southeast,,<3,Overcast
21200608,14,15,,Southeast,,<3,Overcast
21200608,15,17,23%,West,<12km/h,1,Sunny
21200608,16,15,,Southeast,,<3,Cloudy
21200608,17,5,,,,<3,Cloudy
21200608,18,10,72%,Southeast,<12km/h,1,Sunny
21200608,19,6,,,,<3,Cloudy
21200608,20,7,99%,North,<12km/h,1,Cloudy
21200608,21,4,93%,Southwest,<12km/h,1,Cloudy
21200608,22,7,71%,Northwest,<12km/h,1,Sunny
21200608,23,5,97%,Southeast,<12km/h,1,Sunny
21200609,00,5,98%,West,<12km/h,1,Sunny
21200609,01,5,99%,Northwest,<12km/h,1,Cloudy
21200609,02,4,99%,Northwest,<12km/h,1,Sunny
21200609,03,5,97%,Southeast,<12km/h,2,Sunny
21200609,04,5,,,,<3,Cloudy
21200609,05,5,97%,Southeast,<12km/h,1,Sunny
21200609,06,17,,,,<3,Sunny
21200609,07,15,,Southeast,,<3,Sunny
21200609,08,8,75%,South,<12km/h,1,Sunny
21200609,09,11,58%,Northeast,<12km/h,1,Sunny
21200609,10,18,,,,<3,Sunny
21200609,11,16,45%,Northeast,<12km/h,1,Sunny
21200609,12,17,,,,<3,Sunny
21200609,13,17,,,,<3,Cloudy
21200609,14,19,32%,South,<12km/h,1,Sunny
21200609,15,17,,,,<3,Sunny
21200609,16,17,,,,<3,Sunny
21200609,17,15,53%,East,<12km/h,2,Sunny
21200609,18,13,71%,Quiet,,0,Sunny
21200609,19,6,,,,<3,Sunny
21200609,20,6,,,,<3,Sunny
21200609,21,8,89%,Quiet,,0,Cloudy
21200609,22,8,75%,Southwest,<12km/h,1,Sunny
21200609,23,4,96%,Southwest,<12km/h,1,Fog
21200610,00,6,95%,Southwest,<12km/h,1,Sunny
21200610,01,7,78%,South,<12km/h,1,Sunny
21200610,02,6,92%,South,<12km/h,2,Sunny
21200610,03,6,,,,<3,Sunny
21200610,04,5,99%,Quiet,,0,Sunny
21200610,05,9,66%,West,<12km/h,1,Sunny
21200610,06,13,,,,3-4,Sunny
21200610,07,16,,,,<3,Sunny
21200610,08,6,77%,Northeast,<12km/h,1,Sunny
21200610,09,16,,,,<3,Sunny
21200610,10,14,48%,Northwest,<12km/h,2,Sunny
21200610,11,15,42%,West,<12km/h,3,Sunny
21200610,12,17,37%,Northeast,<12km/h,2,Sunny
21200610,13,13,,,,3-4,Cloudy
21200610,14,17,28%,Northwest,<12km/h,3,Sunny
21200610,15,15,,,,<3,Sunny
21200610,16,15,,,,<3,Sunny
21200610,17,5,,,,<3,Cloudy
21200610,18,12,43%,Northwest,<12km/h,2,Sunny
21200610,19,7,,Southeast,,<3,Cloudy
21200610,20,6,,Southeast,,<3,Cloudy
21200610,21,8,56%,Northwest,<12km/h,2,Sunny
21200610,22,5,,,,<3,Cloudy
21200610,23,5,,,,<3,Cloudy
21200611,00,5,,,,<3,Cloudy
21200611,01,4,100%,Quiet,,0,Sunny
21200611,02,5,90%,West,<12km/h,1,Sunny
21200611,03,5,,,,<3,Cloudy
21200611,04,6,96%,Northwest,<12km/h,1,Sunny
21200611,05,2,100%,South,<12km/h,1,Fog
21200611,06,14,,Southeast,,<3,Cloudy
21200611,07,4,97%,North,<12km/h,1,Sunny
21200611,08,6,100%,Southwest,<12km/h,1,Sunny
21200611,09,14,,Southeast,,<3,Sunny
21200611,10,14,,,,<3,Sunny
21200611,11,12,,Southeast,,<3,Overcast
21200611,12,14,,Southeast,,<3,Cloudy
21200611,13,15,45%,East,<12km/h,2,Sunny
21200611,14,14,,Southeast,,<3,Cloudy
21200611,15,13,43%,Northeast,<12km/h,3,Sunny
21200611,16,13,50%,Northeast,<12km/h,2,Sunny
21200611,17,9,75%,Northwest,<12km/h,1,Sunny
21200611,18,4,,Southeast,,<3,Sunny
21200611,19,9,75%,Quiet,,0,Sunny
21200611,20,3,,,,<3,Sunny
21200611,21,7,82%,Southeast,<12km/h,1,Sunny
21200611,22,5,,,,<3,Sunny
21200611,23,5,88%,Quiet,,0,Sunny
21200612,00,5,88%,West,<12km/h,1,Sunny
21200612,01,5,94%,South,<12km/h,1,Cloudy
21200612,02,5,94%,Southeast,<12km/h,1,Sunny
21200612,03,3,,,,<3,Sunny
21200612,04,4,100%,Southeast,<12km/h,2,Sunny
21200612,05,5,97%,Northwest,<12km/h,1,Cloudy
21200612,06,3,100%,Quiet,,0,Sunny
21200612,07,18,,,,<3,Sunny
21200612,08,6,98%,Northwest,<12km/h,2,Cloudy
21200612,09,16,,,,<3,Sunny
21200612,10,13,63%,North,<12km/h,2,Sunny
21200612,11,16,54%,Southeast,<12km/h,2,Sunny
21200612,12,17,48%,Northeast,<12km/h,1,Sunny
21200612,13,17,53%,Southeast,<12km/h,1,Sunny
21200612,14,18,45%,Southeast,<12km/h,2,Sunny
21200612,15,17,,,,<3,Sunny
21200612,16,17,47%,Southeast,<12km/h,2,Sunny
21200612,17,17,,,,<3,Sunny
21200612,18,14,64%,East,<12km/h,2,Sunny
21200612,19,9,,Southeast,,<3,Cloudy
21200612,20,8,97%,Quiet,,0,Sunny
21200612,21,10,76%,Southeast,<12km/h,2,Sunny
21200612,22,9,87%,Quiet,,0,Cloudy
21200612,23,6,100%,Quiet,,0,Fog
21200613,00,7,,Southeast,,<3,Cloudy
21200613,01,6,100%,South,<12km/h,1,Fog
21200613,02,6,,Southeast,,<3,Cloudy
21200613,03,6,100%,Quiet,,0,Cloudy
21200613,04,6,95%,Southwest,<12km/h,1,Sunny
21200613,05,7,82%,Southeast,<12km/h,2,Sunny
21200613,06,7,99%,Northwest,<12km/h,2,Sunny
21200613,07,16,,Southeast,,<3,Cloudy
21200613,08,9,99%,North,<12km/h,1,Cloudy
21200613,09,10,74%,Southeast,<12km/h,1,Cloudy
21200613,10,14,56%,North,<12km/h,2,Sunny
21200613,11,15,,Southeast,,<3,Cloudy
21200613,12,15,,Southeast,,<3,Cloudy
21200613,13,15,,Southeast,,<3,Cloudy
21200613,14,15,68%,Northeast,<12km/h,2,Sunny
21200613,15,15,61%,Northeast,<12km/h,2,Sunny
21200613,16,15,,Southeast,,<3,Cloudy
21200613,17,12,85%,Northeast,<12km/h,2,Sunny
21200613,18,7,,Southeast,,<3,Overcast
21200613,19,11,77%,Quiet,,0,Sunny
21200613,20,9,96%,Northwest,<12km/h,1,Sunny
21200613,21,9,94%,Southwest,<12km/h,1,Sunny
21200613,22,8,,Southeast,,<3,Overcast
21200613,23,7,,Southeast,,<3,Overcast
21200614,00,14,89%,Southeast,<12km/h,2,Sunny
21200614,01,7,,Southeast,,<3,Overcast
21200614,02,8,100%,South,<12km/h,1,Cloudy
21200614,03,9,99%,Northwest,<12km/h,1,Cloudy
21200614,04,7,99%,Southeast,<12km/h,1,Cloudy
21200614,05,9,99%,Northwest,<12km/h,2,Cloudy
21200614,06,18,,Southeast,,<3,Cloudy
21200614,07,8,98%,South,<12km/h,1,Fog
21200614,08,18,,Southeast,,<3,Cloudy
21200614,09,18,,Southeast,,<3,Cloudy
21200614,10,18,,Southeast,,<3,Cloudy
21200614,11,18,60%,South,<12km/h,1,Cloudy
21200614,12,18,,Southeast,,<3,Cloudy
21200614,13,19,59%,East,<12km/h,2,Cloudy
21200614,14,19,56%,East,<12km/h,3,Cloudy
21200614,15,18,66%,East,<12km/h,2,Cloudy
21200614,16,18,,Southeast,,<3,Cloudy
21200614,17,16,82%,East,<12km/h,1,Cloudy
21200614,18,15,70%,Southeast,<12km/h,2,Cloudy
21200614,19,14,81%,Southeast,<12km/h,2,Cloudy
21200614,20,9,95%,Quiet,,0,Fog
21200614,21,14,90%,Southeast,<12km/h,2,Sunny
21200614,22,12,,,,<3,Cloudy
21200614,23,11,,,,<3,Cloudy
21200615,00,13,,,,<3,Cloudy
21200615,01,12,88%,East,<12km/h,2,Sunny
21200615,02,11,,,,<3,Cloudy
21200615,03,11,,,,<3,Cloudy
21200615,04,11,100%,South,<12km/h,1,Sunny
21200615,05,13,95%,Southeast,<12km/h,2,Sunny
21200615,06,11,96%,Southeast,<12km/h,1,Sunny
21200615,07,21,,,,<3,Cloudy
21200615,08,21,,,,<3,Cloudy
21200615,09,21,,,,<3,Cloudy
21200615,10,17,99%,East,<12km/h,2,Cloudy
21200615,11,21,,,,<3,Cloudy
21200615,12,21,,,,<3,Cloudy
21200615,13,22,63%,Southeast,<12km/h,2,Sunny
21200615,14,22,66%,South,<12km/h,1,Sunny
21200615,15,19,,,,<3,Cloudy
21200615,16,21,72%,Southeast,<12km/h,2,Sunny
21200615,17,21,,,,<3,Cloudy
21200615,18,18,83%,East,<12km/h,1,Sunny
21200615,19,15,98%,North,<12km/h,1,Sunny
21200615,20,10,,,,<3,Cloudy
21200615,21,14,100%,North,<12km/h,1,Cloudy
21200615,22,16,84%,Northwest,<12km/h,1,Sunny
21200615,23,15,88%,East,<12km/h,2,Cloudy
21200616,00,11,,,,<3,Cloudy
21200616,01,14,100%,North,<12km/h,1,Cloudy
21200616,02,10,,,,<3,Cloudy
21200616,03,15,92%,South,<12km/h,1,Sunny
21200616,04,13,,,,<3,Cloudy
21200616,05,11,,,,<3,Cloudy
21200616,06,18,,,,<3,Lightrain
21200616,07,16,,,,<3,Lightrain
21200616,08,14,85%,West,<12km/h,2,Cloudy
21200616,09,17,,,,<3,Lightrain
21200616,10,17,,,,<3,Lightrain
21200616,11,17,,,,<3,Lightrain
21200616,12,20,63%,Northeast,<12km/h,2,Cloudy
21200616,13,21,61%,North,<12km/h,3,Cloudy
21200616,14,19,66%,North,<12km/h,2,Sunny
21200616,15,16,,,,<3,Lightrain
21200616,16,15,73%,North,<12km/h,3,Overcast
21200616,17,9,,,,3-4,Lightrain
21200616,18,8,,,,<3,Lightrain
21200616,19,8,,,,<3,Lightrain
21200616,20,14,86%,Northwest,<12km/h,2,Overcast
21200616,21,12,88%,Northwest,<12km/h,2,Overcast
21200616,22,11,79%,North,<12km/h,2,Overcast
21200616,23,10,90%,North,<12km/h,2,Overcast
21200617,00,7,,,,<3,Lightrain
21200617,01,8,,,,<3,Lightrain
21200617,02,11,82%,Northwest,<12km/h,1,Overcast
21200617,03,8,,,,<3,Lightrain
21200617,04,10,97%,Northwest,<12km/h,2,Rain
21200617,05,8,,,,<3,Lightrain
21200617,06,8,100%,Northwest,<12km/h,2,Overcast
21200617,07,11,84%,Northwest,<12km/h,2,Overcast
21200617,08,11,,,,<3,Lightrain
21200617,09,11,,,,<3,Lightrain
21200617,10,9,94%,Northwest,<12km/h,2,Overcast
21200617,11,11,,,,<3,Lightrain
21200617,12,10,87%,Northwest,<12km/h,2,Overcast
21200617,13,9,84%,North,<12km/h,2,Overcast
21200617,14,9,84%,North,<12km/h,2,Overcast
21200617,15,10,93%,Northwest,<12km/h,1,Overcast
21200617,16,9,85%,North,<12km/h,3,Overcast
21200617,17,9,85%,Northwest,<12km/h,3,Overcast
21200617,18,5,,,,<3,Lightrain
21200617,19,8,96%,North,<12km/h,3,Overcast
21200617,20,5,,,,<3,Lightrain
21200617,21,5,,,,<3,Lightrain
21200617,22,7,88%,North,<12km/h,2,Overcast
21200617,23,7,97%,North,<12km/h,3,Overcast
21200618,00,7,88%,North,<12km/h,2,Rain
21200618,01,5,,,,<3,Lightrain
21200618,02,6,91%,North,<12km/h,3,Rain
21200618,03,5,,,,<3,Lightrain
21200618,04,6,98%,Northwest,<12km/h,2,Rain
21200618,05,5,,,,3-4,Lightrain
21200618,06,8,,,,<3,Lightrain
21200618,07,6,94%,Northwest,<12km/h,1,Rain
21200618,08,6,95%,North,<12km/h,2,Rain
21200618,09,8,,,,3-4,Lightrain
21200618,10,8,,,,<3,Lightrain
21200618,11,6,92%,North,<12km/h,2,Rain
21200618,12,6,88%,Northwest,<12km/h,2,Rain
21200618,13,6,91%,Northwest,<12km/h,3,Rain
21200618,14,8,,,,<3,Lightrain
21200618,15,6,93%,Northwest,<12km/h,2,Rain
21200618,16,6,96%,West,<12km/h,2,Rain
21200618,17,5,91%,Northwest,<12km/h,3,Rain
21200618,18,5,94%,West,<12km/h,2,Rain
21200618,19,5,,,,<3,Overcast
21200618,20,3,,,,<3,Cloudy
21200618,21,5,,,,<3,Overcast
21200618,22,5,,,,<3,Overcast
21200618,23,5,,,,<3,Overcast
21200619,00,6,88%,North,<12km/h,1,Cloudy
21200619,01,6,95%,West,<12km/h,2,Cloudy
21200619,02,3,,,,<3,Cloudy
21200619,03,6,89%,Northwest,<12km/h,1,Overcast
21200619,04,5,90%,West,<12km/h,1,Cloudy
21200619,05,7,85%,Northwest,<12km/h,2,Overcast
21200619,06,10,,Southeast,,<3,Lightrain
21200619,07,8,83%,Northwest,<12km/h,2,Overcast
21200619,08,11,,,,<3,Lightrain
21200619,09,11,,,,<3,Lightrain
21200619,10,8,75%,North,<12km/h,3,Overcast
21200619,11,7,89%,Northwest,<12km/h,1,Rain
21200619,12,10,,,,<3,Lightrain
21200619,13,10,,,,<3,Lightrain
21200619,14,6,93%,West,<12km/h,1,Rain
21200619,15,7,99%,Northwest,<12km/h,3,Rain
21200619,16,10,,,,<3,Lightrain
21200619,17,7,94%,Northwest,<12km/h,2,Rain
21200619,18,7,100%,Northeast,<12km/h,1,Rain
21200619,19,7,100%,Northwest,<12km/h,1,Rain
21200619,20,9,95%,West,<12km/h,1,Overcast
21200619,21,7,100%,Quiet,,0,Overcast
21200619,22,9,95%,Quiet,,0,Overcast
21200619,23,8,99%,Southwest,<12km/h,1,Overcast
21200620,00,8,,,,<3,Lightrain
21200620,01,8,,,,<3,Lightrain
21200620,02,7,100%,West,<12km/h,1,Rain
21200620,03,9,98%,Northwest,<12km/h,1,Rain
21200620,04,7,100%,North,<12km/h,1,Rain
21200620,05,9,99%,North,<12km/h,1,Rain
21200620,06,8,100%,North,<12km/h,2,Rain
21200620,07,8,100%,Southeast,<12km/h,1,Rain
21200620,08,7,98%,West,<12km/h,2,Rain
21200620,09,10,99%,Quiet,,0,Overcast
21200620,10,9,100%,Northwest,<12km/h,2,Rain
21200620,11,11,99%,West,<12km/h,2,Rain
21200620,12,13,,,,<3,Moderaterain
21200620,13,8,97%,West,<12km/h,2,Rain
21200620,14,12,,,,<3,Moderaterain
21200620,15,12,,,,<3,Moderaterain
21200620,16,10,96%,Southeast,<12km/h,2,Rain
21200620,17,11,90%,North,<12km/h,2,Overcast
21200620,18,9,,,,<3,Moderaterain
21200620,19,10,94%,Northwest,<12km/h,2,Sunny
21200620,20,9,,,,<3,Moderaterain
21200620,21,12,95%,South,<12km/h,3,Rain
21200620,22,9,,,,<3,Moderaterain
21200620,23,10,100%,Quiet,,0,Rain
21200621,00,7,100%,West,<12km/h,2,Rain
21200621,01,8,,,,<3,Lightrain
21200621,02,7,96%,West,<12km/h,1,Rain
21200621,03,6,97%,Southwest,<12km/h,2,Rain
21200621,04,8,,,,<3,Lightrain
21200621,05,8,100%,North,<12km/h,1,Rain
21200621,06,11,,,,<3,Moderaterain
21200621,07,6,100%,West,<12km/h,2,Rain
21200621,08,10,,,,<3,Heavyrain
21200621,09,9,97%,West,<12km/h,2,Rain
21200621,10,8,100%,North,<12km/h,2,Rain
21200621,11,10,,,,<3,Heavyrain
21200621,12,8,100%,Northwest,<12km/h,2,Rain
21200621,13,10,,,,<3,Heavyrain
21200621,14,10,100%,Northeast,<12km/h,2,Rain
21200621,15,11,,,,<3,Moderaterain
21200621,16,11,,,,<3,Moderaterain
21200621,17,6,,,,4-5,Lightrain
21200621,18,8,96%,North,<12km/h,1,Rain
21200621,19,6,,,,3-4,Lightrain
21200621,20,9,99%,North,<12km/h,3,Rain
21200621,21,9,97%,North,<12km/h,3,Rain
21200621,22,6,,,,3-4,Lightrain
21200621,23,6,,,,4-5,Lightrain
21200622,00,6,95%,West,<12km/h,3,Rain
21200622,01,7,,,,4-5,Lightrain
21200622,02,6,,,,3-4,Lightrain
21200622,03,7,78%,Northwest,<12km/h,3,Rain
21200622,04,6,92%,Northwest,<12km/h,3,Overcast
21200622,05,6,,,,3-4,Lightrain
21200622,06,6,87%,Northwest,16-24km/h,4,Overcast
21200622,07,6,89%,Northwest,<12km/h,3,Overcast
21200622,08,6,99%,West,<12km/h,2,Rain
21200622,09,7,82%,Northwest,<12km/h,2,Overcast
21200622,10,5,93%,Northwest,<12km/h,2,Overcast
21200622,11,7,,,,3-4,Overcast
21200622,12,7,,,,3-4,Overcast
21200622,13,7,,,,3-4,Overcast
21200622,14,7,,,,3-4,Overcast
21200622,15,8,67%,Northwest,<12km/h,3,Cloudy
21200622,16,7,,,,3-4,Overcast
21200622,17,4,93%,West,<12km/h,3,Rain
21200622,18,2,,,,<3,Cloudy
21200622,19,5,97%,Northwest,<12km/h,3,Overcast
21200622,20,5,88%,Northwest,<12km/h,2,Cloudy
21200622,21,5,99%,West,<12km/h,2,Overcast
21200622,22,5,86%,Northwest,<12km/h,2,Cloudy
21200622,23,5,88%,Northwest,<12km/h,3,Overcast
21200623,00,3,,,,<3,Overcast
21200623,01,3,,,,3-4,Cloudy
21200623,02,5,70%,Northwest,<12km/h,2,Sunny
21200623,03,4,74%,West,<12km/h,2,Sunny
21200623,04,4,69%,West,<12km/h,3,Sunny
21200623,05,3,,,,<3,Overcast
21200623,06,8,,,,4-5,Cloudy
21200623,07,4,63%,West,<12km/h,2,Sunny
21200623,08,9,,,,3-4,Sunny
21200623,09,5,59%,West,<12km/h,3,Sunny
21200623,10,6,59%,Northwest,<12km/h,2,Sunny
21200623,11,8,51%,Northwest,<12km/h,2,Cloudy
21200623,12,9,,,,3-4,Cloudy
21200623,13,9,44%,Northwest,24-34km/h,5,Cloudy
21200623,14,9,48%,Northwest,<12km/h,3,Sunny
21200623,15,9,42%,Northwest,16-24km/h,4,Cloudy
21200623,16,8,,,,4-5,Sunny
21200623,17,8,47%,Northwest,<12km/h,3,Cloudy
21200623,18,1,,,,<3,Cloudy
21200623,19,1,,,,<3,Sunny
21200623,20,7,59%,West,<12km/h,2,Sunny
21200623,21,3,,,,3-4,Sunny
21200623,22,1,,,,<3,Cloudy
21200623,23,6,61%,West,<12km/h,2,Cloudy
21200624,00,10,,,,<3,Moderaterain
21200624,01,11,98%,Southeast,<12km/h,1,Rain
21200624,02,10,98%,Quiet,,0,Rain
21200624,03,12,100%,Northwest,<12km/h,1,Rain
21200624,04,10,,,,<3,Moderaterain
21200624,05,10,,,,<3,Moderaterain
21200624,06,14,,Southeast,,<3,Lightrain
21200624,07,11,100%,Northeast,<12km/h,1,Rain
21200624,08,17,,Southeast,,<3,Lightrain
21200624,09,17,,Southeast,,<3,Lightrain
21200624,10,13,99%,North,<12km/h,3,Cloudy
21200624,11,13,,Southeast,,<3,Overcast
21200624,12,17,,Southeast,,<3,Lightrain
21200624,13,16,,Southeast,,<3,Lightrain
21200624,14,17,,Southeast,,<3,Lightrain
21200624,15,13,87%,Southeast,<12km/h,1,Overcast
21200624,16,17,,Southeast,,<3,Lightrain
21200624,17,10,,Southeast,,<3,Overcast
21200624,18,9,,Southeast,,<3,Overcast
21200624,19,13,91%,East,<12km/h,1,Cloudy
21200624,20,10,,Southeast,,<3,Overcast
21200624,21,13,100%,North,<12km/h,1,Rain
21200624,22,12,97%,Northwest,<12km/h,1,Overcast
21200624,23,11,100%,Quiet,,0,Cloudy
21200625,00,3,80%,Quiet,,0,Sunny
21200625,01,2,81%,South,<12km/h,1,Sunny
21200625,02,6,69%,West,<12km/h,3,Sunny
21200625,03,3,,,,3-4,Sunny
21200625,04,6,69%,Northwest,<12km/h,2,Sunny
21200625,05,6,69%,Northwest,<12km/h,3,Sunny
21200625,06,4,74%,Northwest,<12km/h,2,Sunny
21200625,07,7,,,,3-4,Cloudy
21200625,08,9,,,,3-4,Sunny
21200625,09,5,68%,West,16-24km/h,4,Sunny
21200625,10,6,56%,Northwest,<12km/h,3,Sunny
21200625,11,9,,,,3-4,Cloudy
21200625,12,9,,,,3-4,Sunny
21200625,13,9,40%,Northwest,<12km/h,3,Cloudy
21200625,14,8,42%,West,24-34km/h,5,Cloudy
21200625,15,9,48%,Northwest,16-24km/h,4,Cloudy
21200625,16,10,39%,Northwest,<12km/h,2,Cloudy
21200625,17,7,52%,Northwest,<12km/h,3,Cloudy
21200625,18,5,61%,Northwest,<12km/h,2,Cloudy
21200625,19,5,60%,West,<12km/h,2,Cloudy
21200625,20,1,,,,<3,Sunny
21200625,21,2,,,,3-4,Sunny
21200625,22,3,68%,Northwest,<12km/h,2,Sunny
21200625,23,2,77%,Quiet,,0,Sunny
21200626,00,9,97%,Northwest,<12km/h,2,Rain
21200626,01,8,100%,Northwest,<12km/h,2,Rain
21200626,02,8,,,,<3,Lightrain
21200626,03,8,,,,<3,Lightrain
21200626,04,8,99%,North,<12km/h,2,Overcast
21200626,05,8,100%,North,<12km/h,2,Rain
21200626,06,7,100%,Northwest,<12km/h,2,Rain
21200626,07,9,,,,<3,Moderaterain
21200626,08,7,97%,West,<12km/h,2,Rain
21200626,09,7,100%,North,<12km/h,1,Rain
21200626,10,8,100%,North,<12km/h,2,Rain
21200626,11,9,,,,<3,Moderaterain
21200626,12,8,100%,North,<12km/h,2,Rain
21200626,13,9,95%,Northwest,<12km/h,3,Rain
21200626,14,9,94%,Northwest,<12km/h,2,Rain
21200626,15,9,94%,Northwest,<12km/h,2,Overcast
21200626,16,9,94%,Northwest,<12km/h,2,Overcast
21200626,17,9,,,,<3,Moderaterain
21200626,18,9,93%,Northwest,<12km/h,2,Overcast
21200626,19,8,,,,<3,Lightrain
21200626,20,8,,,,<3,Lightrain
21200626,21,9,93%,Northwest,<12km/h,3,Overcast
21200626,22,7,99%,Northwest,<12km/h,2,Rain
21200626,23,8,,,,<3,Lightrain
21200627,00,12,,,,<3,Overcast
21200627,01,12,,,,<3,Overcast
21200627,02,12,,,,<3,Overcast
21200627,03,13,98%,Quiet,,0,Fog
21200627,04,14,100%,Southwest,<12km/h,1,Overcast
21200627,05,12,,,,<3,Overcast
21200627,06,15,,,,3-4,Lightrain
21200627,07,14,100%,Northwest,<12km/h,1,Fog
21200627,08,15,,,,3-4,Lightrain
21200627,09,13,98%,West,<12km/h,1,Rain
21200627,10,15,99%,North,<12km/h,2,Overcast
21200627,11,15,,,,3-4,Lightrain
21200627,12,17,90%,West,<12km/h,1,Overcast
21200627,13,11,95%,North,<12km/h,2,Overcast
21200627,14,10,90%,North,16-24km/h,4,Overcast
21200627,15,9,92%,North,16-24km/h,4,Overcast
21200627,16,7,93%,Northwest,<12km/h,3,Rain
21200627,17,2,,,,5-6,Moderaterain
21200627,18,8,93%,Northwest,<12km/h,3,Rain
21200627,19,4,97%,North,16-24km/h,4,Rain
21200627,20,5,90%,Northwest,24-34km/h,5,Rain
21200627,21,1,,,,4-5,Moderaterain
21200627,22,4,90%,Northwest,16-24km/h,4,Rain
21200627,23,4,91%,Northwest,<12km/h,3,Rain
21200628,00,7,100%,West,<12km/h,2,Rain
21200628,01,8,,,,<3,Lightrain
21200628,02,7,96%,West,<12km/h,1,Rain
21200628,03,6,97%,Southwest,<12km/h,2,Rain
21200628,04,8,,,,<3,Lightrain
21200628,05,8,100%,North,<12km/h,1,Rain
21200628,06,11,,,,<3,Moderaterain
21200628,07,6,100%,West,<12km/h,2,Rain
21200628,08,10,,,,<3,Heavyrain
21200628,09,9,97%,West,<12km/h,2,Rain
21200628,10,8,100%,North,<12km/h,2,Rain
21200628,11,10,,,,<3,Heavyrain
21200628,12,8,100%,Northwest,<12km/h,2,Rain
21200628,13,10,,,,<3,Heavyrain
21200628,14,10,100%,Northeast,<12km/h,2,Rain
21200628,15,11,,,,<3,Moderaterain
21200628,16,11,,,,<3,Moderaterain
21200628,17,6,,,,4-5,Lightrain
21200628,18,8,96%,North,<12km/h,1,Rain
21200628,19,6,,,,3-4,Lightrain
21200628,20,9,99%,North,<12km/h,3,Rain
21200628,21,9,97%,North,<12km/h,3,Rain
21200628,22,6,,,,3-4,Lightrain
21200628,23,6,,,,4-5,Lightrain
21200629,00,6,95%,West,<12km/h,3,Rain
21200629,01,7,,,,4-5,Lightrain
21200629,02,6,,,,3-4,Lightrain
21200629,03,7,78%,Northwest,<12km/h,3,Rain
21200629,04,6,92%,Northwest,<12km/h,3,Overcast
21200629,05,6,,,,3-4,Lightrain
21200629,06,6,87%,Northwest,16-24km/h,4,Overcast
21200629,07,6,89%,Northwest,<12km/h,3,Overcast
21200629,08,6,99%,West,<12km/h,2,Rain
21200629,09,7,82%,Northwest,<12km/h,2,Overcast
21200629,10,5,93%,Northwest,<12km/h,2,Overcast
21200629,11,7,,,,3-4,Overcast
21200629,12,7,,,,3-4,Overcast
21200629,13,7,,,,3-4,Overcast
21200629,14,7,,,,3-4,Overcast
21200629,15,8,67%,Northwest,<12km/h,3,Cloudy
21200629,16,7,,,,3-4,Overcast
21200629,17,4,93%,West,<12km/h,3,Rain
21200629,18,2,,,,<3,Cloudy
21200629,19,5,97%,Northwest,<12km/h,3,Overcast
21200629,20,5,88%,Northwest,<12km/h,2,Cloudy
21200629,21,5,99%,West,<12km/h,2,Overcast
21200629,22,5,86%,Northwest,<12km/h,2,Cloudy
21200629,23,5,88%,Northwest,<12km/h,3,Overcast
