21200501,00,15,93%,Northeast,<12km/h,2,Sunny
21200501,01,14,95%,Northeast,<12km/h,2,Sunny
21200501,02,12,,,,<3,Cloudy
21200501,03,15,90%,North,<12km/h,3,Sunny
21200501,04,14,96%,Northeast,<12km/h,2,Sunny
21200501,05,14,91%,Northeast,<12km/h,3,Sunny
21200501,06,15,96%,Northeast,<12km/h,3,Cloudy
21200501,07,14,97%,Northeast,<12km/h,2,Fog
21200501,08,21,,,,<3,Sunny
21200501,09,15,84%,Northeast,16-24km/h,4,Cloudy
21200501,10,21,,,,<3,Sunny
21200501,11,21,53%,North,<12km/h,1,Sunny
21200501,12,21,52%,East,<12km/h,2,Sunny
21200501,13,21,,,,<3,Sunny
21200501,14,23,42%,North,<12km/h,3,Sunny
21200501,15,22,37%,Northeast,24-34km/h,5,Sunny
21200501,16,21,,,,<3,Sunny
21200501,17,20,54%,Northeast,16-24km/h,4,Sunny
21200501,18,18,52%,Northeast,16-24km/h,4,Sunny
21200501,19,15,74%,Northeast,16-24km/h,4,Sunny
21200501,20,17,61%,North,16-24km/h,4,Sunny
21200501,21,15,79%,East,<12km/h,2,Sunny
21200501,22,16,67%,North,<12km/h,2,Sunny
21200501,23,15,76%,East,<12km/h,3,Sunny
21200502,00,15,84%,Northeast,16-24km/h,4,Overcast
21200502,01,13,,,,<3,Overcast
21200502,02,16,83%,Northeast,<12km/h,2,Rain
21200502,03,14,79%,Northeast,<12km/h,2,Cloudy
21200502,04,14,83%,Northeast,<12km/h,2,Rain
21200502,05,13,,,,<3,Overcast
21200502,06,14,91%,East,<12km/h,2,Overcast
21200502,07,15,92%,Northeast,16-24km/h,4,Rain
21200502,08,19,,,,<3,Cloudy
21200502,09,16,84%,Northeast,<12km/h,3,Overcast
21200502,10,18,70%,North,<12km/h,2,Overcast
21200502,11,19,56%,East,<12km/h,1,Cloudy
21200502,12,20,58%,North,<12km/h,2,Cloudy
21200502,13,21,56%,East,<12km/h,1,Cloudy
21200502,14,20,57%,Northeast,<12km/h,2,Cloudy
21200502,15,20,63%,East,<12km/h,2,Overcast
21200502,16,19,56%,Northeast,<12km/h,2,Overcast
21200502,17,19,56%,Northeast,<12km/h,3,Cloudy
21200502,18,19,45%,North,<12km/h,2,Cloudy
21200502,19,16,74%,East,<12km/h,3,Cloudy
21200502,20,16,73%,North,<12km/h,3,Cloudy
21200502,21,10,,,,<3,Cloudy
21200502,22,10,,,,<3,Cloudy
21200502,23,16,81%,Northeast,<12km/h,1,Cloudy
21200503,00,16,81%,Northeast,<12km/h,1,Cloudy
21200503,01,15,74%,East,<12km/h,2,Cloudy
21200503,02,14,88%,East,<12km/h,1,Sunny
21200503,03,15,82%,Northeast,<12km/h,2,Sunny
21200503,04,14,91%,East,<12km/h,1,Cloudy
21200503,05,13,79%,North,<12km/h,1,Sunny
21200503,06,14,91%,East,<12km/h,1,Cloudy
21200503,07,14,84%,East,<12km/h,2,Cloudy
21200503,08,19,,,,<3,Cloudy
21200503,09,17,71%,East,<12km/h,2,Cloudy
21200503,10,18,55%,Northwest,<12km/h,2,Cloudy
21200503,11,19,,,,<3,Cloudy
21200503,12,21,41%,Southeast,<12km/h,3,Cloudy
21200503,13,22,38%,East,<12km/h,2,Cloudy
21200503,14,21,38%,West,<12km/h,2,Cloudy
21200503,15,20,46%,North,<12km/h,2,Cloudy
21200503,16,19,,,,<3,Cloudy
21200503,17,4,,,,<3,Cloudy
21200503,18,15,72%,Southeast,<12km/h,2,Sunny
21200503,19,14,75%,East,<12km/h,1,Sunny
21200503,20,15,59%,Northeast,<12km/h,1,Sunny
21200503,21,12,72%,North,<12km/h,1,Sunny
21200503,22,13,71%,Northeast,<12km/h,2,Sunny
21200503,23,13,65%,Northeast,<12km/h,2,Sunny
21200504,00,14,63%,West,<12km/h,2,Sunny
21200504,01,10,78%,West,<12km/h,1,Sunny
21200504,02,10,81%,Quiet,,0,Sunny
21200504,03,8,90%,Northeast,<12km/h,1,Cloudy
21200504,04,9,88%,South,<12km/h,1,Cloudy
21200504,05,9,,,,<3,Cloudy
21200504,06,8,90%,Quiet,,0,Sunny
21200504,07,8,92%,South,<12km/h,1,Sunny
21200504,08,23,,,,<3,Cloudy
21200504,09,23,,,,<3,Cloudy
21200504,10,17,54%,South,<12km/h,1,Sunny
21200504,11,19,47%,West,<12km/h,2,Sunny
21200504,12,22,39%,Northwest,<12km/h,1,Sunny
21200504,13,23,28%,West,<12km/h,2,Sunny
21200504,14,23,28%,Northeast,<12km/h,2,Sunny
21200504,15,20,,,,<3,Cloudy
21200504,16,22,30%,Northeast,<12km/h,2,Sunny
21200504,17,20,38%,East,<12km/h,1,Sunny
21200504,18,18,47%,East,<12km/h,1,Sunny
21200504,19,16,56%,East,<12km/h,1,Sunny
21200504,20,16,56%,East,<12km/h,1,Sunny
21200504,21,17,40%,North,<12km/h,1,Sunny
21200504,22,12,,Southeast,,<3,Overcast
21200504,23,12,,Southeast,,<3,Overcast
21200505,00,14,71%,East,<12km/h,1,Cloudy
21200505,01,12,,Southeast,,<3,Overcast
21200505,02,12,,Southeast,,<3,Overcast
21200505,03,12,72%,Northwest,<12km/h,1,Cloudy
21200505,04,15,64%,Northeast,<12km/h,1,Cloudy
21200505,05,15,65%,Northeast,<12km/h,2,Cloudy
21200505,06,15,59%,Northeast,<12km/h,2,Overcast
21200505,07,14,75%,Southeast,<12km/h,1,Overcast
21200505,08,15,73%,Southeast,<12km/h,1,Overcast
21200505,09,17,59%,East,<12km/h,1,Overcast
21200505,10,18,54%,Northeast,<12km/h,1,Overcast
21200505,11,19,52%,Northeast,<12km/h,1,Overcast
21200505,12,19,53%,East,<12km/h,2,Overcast
21200505,13,20,49%,Northeast,<12km/h,2,Overcast
21200505,14,19,,,,<3,Overcast
21200505,15,20,46%,Northeast,16-24km/h,4,Overcast
21200505,16,19,,,,<3,Overcast
21200505,17,19,53%,Northeast,<12km/h,2,Overcast
21200505,18,17,57%,North,<12km/h,2,Overcast
21200505,19,17,62%,Northeast,<12km/h,1,Overcast
21200505,20,12,,Southeast,,<3,Cloudy
21200505,21,17,70%,Northeast,<12km/h,1,Sunny
21200505,22,12,,Southeast,,<3,Cloudy
21200505,23,12,,Southeast,,<3,Cloudy
21200506,00,1,,,,<3,Cloudy
21200506,01,7,88%,West,<12km/h,1,Sunny
21200506,02,3,,,,<3,Cloudy
21200506,03,3,,,,<3,Cloudy
21200506,04,7,67%,West,<12km/h,3,Sunny
21200506,05,5,91%,Quiet,,0,Sunny
21200506,06,6,72%,West,<12km/h,2,Cloudy
21200506,07,4,83%,Southwest,<12km/h,1,Sunny
21200506,08,11,,,,<3,Cloudy
21200506,09,8,68%,West,<12km/h,2,Sunny
21200506,10,10,58%,Southeast,<12km/h,1,Sunny
21200506,11,11,53%,Northwest,<12km/h,1,Sunny
21200506,12,11,,,,<3,Cloudy
21200506,13,12,48%,Northeast,<12km/h,2,Sunny
21200506,14,13,42%,Northeast,<12km/h,2,Sunny
21200506,15,11,,,,<3,Cloudy
21200506,16,9,,,,<3,Cloudy
21200506,17,12,49%,East,<12km/h,3,Sunny
21200506,18,9,64%,Northeast,<12km/h,2,Sunny
21200506,19,3,,,,<3,Cloudy
21200506,20,3,,,,<3,Cloudy
21200506,21,3,,,,<3,Cloudy
21200506,22,0,,,,<3,Cloudy
21200506,23,3,,,,<3,Cloudy
21200507,00,15,72%,North,<12km/h,1,Sunny
21200507,01,14,67%,North,<12km/h,1,Sunny
21200507,02,8,,,,<3,Sunny
21200507,03,8,,,,<3,Sunny
21200507,04,8,,,,<3,Sunny
21200507,05,8,91%,Northeast,<12km/h,1,Sunny
21200507,06,10,93%,Quiet,,0,Sunny
21200507,07,11,72%,East,<12km/h,1,Sunny
21200507,08,13,64%,North,<12km/h,2,Sunny
21200507,09,13,64%,Southeast,<12km/h,1,Sunny
21200507,10,16,40%,Northeast,<12km/h,3,Sunny
21200507,11,18,33%,East,<12km/h,2,Sunny
21200507,12,18,29%,East,<12km/h,2,Sunny
21200507,13,18,30%,Northeast,<12km/h,2,Sunny
21200507,14,15,,Southeast,,<3,Sunny
21200507,15,18,,,,<3,Sunny
21200507,16,15,,Southeast,,<3,Sunny
21200507,17,18,31%,Southeast,<12km/h,1,Sunny
21200507,18,15,38%,East,<12km/h,1,Sunny
21200507,19,14,34%,Northeast,<12km/h,2,Sunny
21200507,20,14,36%,Northeast,<12km/h,2,Sunny
21200507,21,13,46%,Quiet,,0,Sunny
21200507,22,7,,Southeast,,<3,Sunny
21200507,23,8,77%,Northeast,<12km/h,1,Sunny
21200508,00,11,52%,North,<12km/h,1,Sunny
21200508,01,7,,Southeast,,<3,Sunny
21200508,02,6,84%,North,<12km/h,1,Sunny
21200508,03,7,75%,South,<12km/h,1,Sunny
21200508,04,5,87%,North,<12km/h,1,Sunny
21200508,05,6,87%,Quiet,,0,Sunny
21200508,06,7,83%,Quiet,,0,Sunny
21200508,07,7,83%,Southeast,<12km/h,1,Sunny
21200508,08,11,66%,East,<12km/h,1,Sunny
21200508,09,13,53%,Northeast,<12km/h,2,Sunny
21200508,10,16,49%,Northeast,<12km/h,1,Sunny
21200508,11,17,43%,Northeast,<12km/h,1,Sunny
21200508,12,21,31%,Southeast,<12km/h,1,Sunny
21200508,13,22,,,,<3,Sunny
21200508,14,22,,,,<3,Sunny
21200508,15,25,24%,Southwest,<12km/h,1,Sunny
21200508,16,24,25%,South,<12km/h,1,Sunny
21200508,17,20,40%,Northeast,<12km/h,1,Sunny
21200508,18,16,49%,Quiet,,0,Sunny
21200508,19,17,41%,East,<12km/h,1,Sunny
21200508,20,14,61%,Southeast,<12km/h,2,Sunny
21200508,21,14,57%,Quiet,,0,Sunny
21200508,22,12,70%,Quiet,,0,Sunny
21200508,23,11,74%,South,<12km/h,1,Sunny
21200509,00,11,80%,East,<12km/h,3,Cloudy
21200509,01,16,53%,North,<12km/h,2,Cloudy
21200509,02,12,88%,Northeast,<12km/h,2,Sunny
21200509,03,14,61%,North,<12km/h,3,Sunny
21200509,04,14,74%,Northeast,16-24km/h,4,Sunny
21200509,05,11,,,,<3,Cloudy
21200509,06,10,95%,Northeast,16-24km/h,4,Sunny
21200509,07,8,92%,East,<12km/h,2,Sunny
21200509,08,15,68%,North,<12km/h,3,Sunny
21200509,09,16,73%,Northeast,16-24km/h,4,Sunny
21200509,10,21,,,,<3,Cloudy
21200509,11,24,,,,<3,Cloudy
21200509,12,22,54%,Northeast,16-24km/h,4,Sunny
21200509,13,25,37%,North,<12km/h,2,Sunny
21200509,14,24,46%,North,<12km/h,2,Sunny
21200509,15,24,41%,Northeast,16-24km/h,4,Sunny
21200509,16,24,36%,Northeast,<12km/h,3,Sunny
21200509,17,14,,,,<3,Overcast
21200509,18,22,48%,Northeast,<12km/h,3,Sunny
21200509,19,21,46%,Northeast,<12km/h,2,Sunny
21200509,20,17,70%,Southwest,<12km/h,2,Sunny
21200509,21,20,53%,East,<12km/h,3,Sunny
21200509,22,17,75%,Northeast,<12km/h,3,Sunny
21200509,23,17,63%,North,<12km/h,1,Cloudy
21200510,00,10,,Southeast,,<3,Sunny
21200510,01,10,80%,North,<12km/h,1,Sunny
21200510,02,8,84%,Northwest,<12km/h,1,Sunny
21200510,03,8,90%,Quiet,,0,Sunny
21200510,04,9,86%,North,<12km/h,1,Sunny
21200510,05,9,81%,Quiet,,0,Sunny
21200510,06,9,93%,North,<12km/h,2,Sunny
21200510,07,9,89%,Quiet,,0,Sunny
21200510,08,13,76%,North,<12km/h,1,Sunny
21200510,09,16,63%,Northeast,<12km/h,1,Sunny
21200510,10,18,52%,Northeast,<12km/h,1,Sunny
21200510,11,20,47%,North,<12km/h,1,Sunny
21200510,12,25,,Southeast,,<3,Cloudy
21200510,13,26,27%,South,<12km/h,2,Sunny
21200510,14,27,24%,South,<12km/h,1,Sunny
21200510,15,28,24%,Southwest,<12km/h,1,Sunny
21200510,16,27,24%,East,<12km/h,1,Sunny
21200510,17,26,28%,North,<12km/h,1,Sunny
21200510,18,12,,Southeast,,<3,Sunny
21200510,19,17,63%,Quiet,,0,Sunny
21200510,20,20,49%,Northeast,<12km/h,1,Sunny
21200510,21,19,52%,North,<12km/h,1,Sunny
21200510,22,14,78%,Quiet,,0,Sunny
21200510,23,13,83%,West,<12km/h,1,Sunny
21200511,00,12,,Southeast,,<3,Sunny
21200511,01,13,75%,Quiet,,0,Sunny
21200511,02,12,92%,Quiet,,0,Sunny
21200511,03,12,91%,East,<12km/h,1,Sunny
21200511,04,12,91%,Quiet,,0,Sunny
21200511,05,12,,Southeast,,<3,Sunny
21200511,06,26,,,,<3,Cloudy
21200511,07,13,90%,South,<12km/h,1,Sunny
21200511,08,17,64%,Southeast,<12km/h,1,Sunny
21200511,09,18,63%,Northeast,<12km/h,2,Sunny
21200511,10,21,58%,North,<12km/h,2,Sunny
21200511,11,26,,,,<3,Cloudy
21200511,12,25,42%,North,<12km/h,1,Sunny
21200511,13,27,32%,South,<12km/h,2,Sunny
21200511,14,28,30%,Northwest,<12km/h,2,Sunny
21200511,15,29,27%,Southwest,<12km/h,1,Sunny
21200511,16,28,29%,South,<12km/h,2,Sunny
21200511,17,25,42%,Quiet,,0,Sunny
21200511,18,25,43%,South,<12km/h,1,Sunny
21200511,19,21,58%,South,<12km/h,1,Sunny
21200511,20,20,60%,Quiet,,0,Cloudy
21200511,21,21,56%,South,<12km/h,1,Cloudy
21200511,22,20,62%,Quiet,,0,Cloudy
21200511,23,19,60%,Southwest,<12km/h,1,Sunny
21200512,00,19,66%,East,<12km/h,1,Sunny
21200512,01,20,56%,North,<12km/h,2,Sunny
21200512,02,19,61%,North,<12km/h,2,Cloudy
21200512,03,13,,,,<3,Overcast
21200512,04,15,57%,North,<12km/h,2,Cloudy
21200512,05,17,58%,North,<12km/h,2,Cloudy
21200512,06,17,59%,Northeast,24-34km/h,5,Overcast
21200512,07,15,59%,North,<12km/h,2,Overcast
21200512,08,14,61%,Northeast,<12km/h,3,Overcast
21200512,09,13,74%,East,<12km/h,2,Overcast
21200512,10,14,64%,Northeast,<12km/h,2,Overcast
21200512,11,13,72%,East,<12km/h,2,Overcast
21200512,12,13,71%,East,<12km/h,2,Overcast
21200512,13,11,,,,<3,Lightrain
21200512,14,12,75%,Northeast,<12km/h,2,Overcast
21200512,15,11,75%,East,<12km/h,2,Overcast
21200512,16,11,74%,Northeast,<12km/h,2,Overcast
21200512,17,11,73%,Northeast,<12km/h,2,Overcast
21200512,18,4,,,,<3,Sunny
21200512,19,11,74%,Northeast,16-24km/h,4,Overcast
21200512,20,10,69%,Northeast,<12km/h,1,Sunny
21200512,21,8,86%,East,<12km/h,3,Sunny
21200512,22,9,62%,North,<12km/h,2,Sunny
21200512,23,9,74%,Northeast,<12km/h,2,Cloudy
21200513,00,13,67%,East,<12km/h,2,Sunny
21200513,01,11,78%,Southeast,<12km/h,2,Sunny
21200513,02,14,62%,North,<12km/h,3,Sunny
21200513,03,13,60%,Northeast,16-24km/h,4,Sunny
21200513,04,9,,,,<3,Sunny
21200513,05,8,92%,East,<12km/h,2,Sunny
21200513,06,9,93%,East,16-24km/h,4,Sunny
21200513,07,10,91%,East,16-24km/h,4,Sunny
21200513,08,14,59%,East,34-44km/h,6,Overcast
21200513,09,21,,,,<3,Overcast
21200513,10,17,59%,Northeast,34-44km/h,6,Sunny
21200513,11,19,49%,East,<12km/h,2,Cloudy
21200513,12,20,51%,East,<12km/h,1,Sunny
21200513,13,20,48%,North,<12km/h,2,Overcast
21200513,14,21,,,,<3,Overcast
21200513,15,21,40%,South,<12km/h,3,Cloudy
21200513,16,21,49%,East,<12km/h,2,Cloudy
21200513,17,19,60%,Northeast,16-24km/h,4,Cloudy
21200513,18,18,67%,Northeast,24-34km/h,5,Cloudy
21200513,19,17,62%,North,<12km/h,3,Cloudy
21200513,20,17,64%,North,<12km/h,2,Cloudy
21200513,21,13,,,,<3,Overcast
21200513,22,15,74%,East,<12km/h,3,Cloudy
21200513,23,15,83%,Northeast,<12km/h,3,Overcast
21200514,00,8,78%,Northwest,<12km/h,1,Cloudy
21200514,01,8,67%,Northeast,<12km/h,2,Cloudy
21200514,02,5,92%,Southeast,<12km/h,1,Sunny
21200514,03,4,94%,Northeast,<12km/h,1,Sunny
21200514,04,4,,,,<3,Sunny
21200514,05,4,94%,Northeast,<12km/h,2,Sunny
21200514,06,14,,,,<3,Sunny
21200514,07,14,,,,<3,Sunny
21200514,08,7,89%,East,<12km/h,2,Sunny
21200514,09,9,69%,Northeast,<12km/h,2,Sunny
21200514,10,10,60%,Northeast,<12km/h,2,Sunny
21200514,11,11,50%,Northeast,<12km/h,2,Sunny
21200514,12,12,46%,East,<12km/h,2,Sunny
21200514,13,14,29%,Northwest,<12km/h,2,Sunny
21200514,14,14,32%,East,<12km/h,3,Sunny
21200514,15,13,32%,East,16-24km/h,4,Sunny
21200514,16,12,35%,Northeast,<12km/h,3,Sunny
21200514,17,13,30%,Northeast,16-24km/h,4,Sunny
21200514,18,11,45%,East,<12km/h,1,Sunny
21200514,19,4,,,,<3,Sunny
21200514,20,4,,,,<3,Sunny
21200514,21,4,,,,<3,Sunny
21200514,22,4,,,,<3,Sunny
21200514,23,9,56%,East,<12km/h,2,Sunny
21200515,00,8,62%,East,<12km/h,2,Sunny
21200515,01,5,67%,Northeast,<12km/h,2,Sunny
21200515,02,8,67%,East,<12km/h,2,Sunny
21200515,03,7,71%,East,<12km/h,1,Sunny
21200515,04,7,58%,Northwest,<12km/h,2,Sunny
21200515,05,7,58%,North,<12km/h,2,Sunny
21200515,06,7,75%,Northeast,<12km/h,1,Sunny
21200515,07,6,84%,East,<12km/h,1,Sunny
21200515,08,9,60%,East,<12km/h,3,Sunny
21200515,09,11,54%,Northeast,<12km/h,3,Sunny
21200515,10,12,53%,Northeast,16-24km/h,4,Sunny
21200515,11,17,,,,<3,Sunny
21200515,12,15,48%,Northeast,16-24km/h,4,Sunny
21200515,13,16,40%,Southeast,16-24km/h,4,Sunny
21200515,14,16,46%,East,<12km/h,2,Sunny
21200515,15,16,46%,East,<12km/h,3,Sunny
21200515,16,15,47%,East,<12km/h,3,Sunny
21200515,17,14,51%,East,<12km/h,2,Sunny
21200515,18,13,56%,East,<12km/h,2,Sunny
21200515,19,6,,,,<3,Sunny
21200515,20,6,,,,<3,Sunny
21200515,21,6,,,,<3,Sunny
21200515,22,11,58%,East,<12km/h,3,Sunny
21200515,23,11,64%,Northeast,16-24km/h,4,Sunny
21200516,00,13,71%,Northeast,<12km/h,2,Sunny
21200516,01,8,,,,<3,Cloudy
21200516,02,10,90%,South,<12km/h,1,Sunny
21200516,03,12,68%,North,<12km/h,2,Sunny
21200516,04,8,,,,<3,Cloudy
21200516,05,8,94%,Southeast,<12km/h,2,Sunny
21200516,06,8,95%,Southeast,<12km/h,1,Sunny
21200516,07,7,93%,Northeast,<12km/h,1,Sunny
21200516,08,19,,,,<3,Overcast
21200516,09,14,64%,Northeast,<12km/h,2,Sunny
21200516,10,17,51%,South,<12km/h,2,Cloudy
21200516,11,19,,,,<3,Overcast
21200516,12,18,47%,North,<12km/h,2,Cloudy
21200516,13,20,39%,Northeast,<12km/h,3,Cloudy
21200516,14,19,40%,Northeast,<12km/h,2,Cloudy
21200516,15,19,,,,<3,Overcast
21200516,16,19,43%,Northeast,<12km/h,2,Cloudy
21200516,17,17,51%,East,<12km/h,2,Cloudy
21200516,18,8,,,,<3,Overcast
21200516,19,12,74%,East,<12km/h,1,Cloudy
21200516,20,14,54%,North,<12km/h,1,Overcast
21200516,21,8,,,,<3,Overcast
21200516,22,14,56%,North,<12km/h,2,Overcast
21200516,23,4,,,,<3,Overcast
21200517,00,11,58%,East,<12km/h,2,Sunny
21200517,01,2,,,,<3,Sunny
21200517,02,11,70%,East,<12km/h,1,Sunny
21200517,03,11,60%,East,<12km/h,3,Sunny
21200517,04,9,81%,Quiet,,0,Sunny
21200517,05,6,,,,<3,Sunny
21200517,06,11,72%,Northeast,<12km/h,2,Sunny
21200517,07,5,88%,Northeast,<12km/h,1,Sunny
21200517,08,12,70%,East,<12km/h,2,Sunny
21200517,09,19,,,,<3,Sunny
21200517,10,16,53%,Northeast,<12km/h,3,Sunny
21200517,11,16,52%,Northeast,<12km/h,3,Sunny
21200517,12,18,49%,Northeast,<12km/h,3,Sunny
21200517,13,19,48%,Northeast,<12km/h,2,Sunny
21200517,14,19,47%,Northeast,<12km/h,2,Sunny
21200517,15,20,39%,Northeast,<12km/h,3,Sunny
21200517,16,21,36%,West,<12km/h,1,Sunny
21200517,17,17,56%,Northeast,<12km/h,2,Sunny
21200517,18,17,54%,Northeast,<12km/h,2,Sunny
21200517,19,8,,,,<3,Sunny
21200517,20,13,72%,East,<12km/h,2,Sunny
21200517,21,8,,,,<3,Sunny
21200517,22,10,83%,Quiet,,0,Sunny
21200517,23,13,77%,Northeast,<12km/h,2,Sunny
21200518,00,11,84%,Southeast,<12km/h,2,Sunny
21200518,01,8,89%,North,<12km/h,1,Sunny
21200518,02,9,93%,East,<12km/h,1,Sunny
21200518,03,11,76%,North,<12km/h,2,Sunny
21200518,04,7,93%,Northeast,<12km/h,1,Sunny
21200518,05,8,94%,Southeast,<12km/h,1,Sunny
21200518,06,22,,,,<3,Sunny
21200518,07,8,95%,Southeast,<12km/h,1,Sunny
21200518,08,11,82%,Northeast,<12km/h,2,Sunny
21200518,09,19,,,,<3,Sunny
21200518,10,16,64%,Northeast,16-24km/h,4,Sunny
21200518,11,22,,,,<3,Sunny
21200518,12,18,58%,Northeast,<12km/h,2,Sunny
21200518,13,22,46%,East,<12km/h,3,Sunny
21200518,14,23,39%,West,<12km/h,2,Sunny
21200518,15,23,38%,North,<12km/h,1,Sunny
21200518,16,19,64%,Northeast,<12km/h,2,Sunny
21200518,17,18,71%,Northeast,<12km/h,2,Sunny
21200518,18,18,70%,Northeast,<12km/h,3,Sunny
21200518,19,16,69%,Northeast,<12km/h,2,Sunny
21200518,20,15,79%,Northeast,<12km/h,2,Sunny
21200518,21,12,,,,<3,Cloudy
21200518,22,14,85%,North,<12km/h,1,Sunny
21200518,23,15,76%,North,<12km/h,2,Sunny
21200519,00,13,90%,Southeast,<12km/h,2,Sunny
21200519,01,12,,,,<3,Cloudy
21200519,02,13,91%,East,<12km/h,1,Sunny
21200519,03,13,91%,East,<12km/h,1,Sunny
21200519,04,10,94%,Northwest,<12km/h,1,Sunny
21200519,05,13,92%,Southeast,<12km/h,1,Sunny
21200519,06,13,91%,Quiet,,0,Cloudy
21200519,07,13,93%,Northeast,<12km/h,1,Cloudy
21200519,08,24,,,,<3,Cloudy
21200519,09,17,77%,Northeast,<12km/h,1,Cloudy
21200519,10,21,67%,East,<12km/h,2,Cloudy
21200519,11,20,66%,Northeast,<12km/h,2,Sunny
21200519,12,24,50%,East,<12km/h,1,Sunny
21200519,13,26,45%,Southeast,<12km/h,2,Sunny
21200519,14,25,49%,Northeast,<12km/h,2,Sunny
21200519,15,26,41%,North,<12km/h,1,Sunny
21200519,16,24,53%,East,<12km/h,1,Cloudy
21200519,17,23,54%,Northeast,<12km/h,2,Sunny
21200519,18,20,64%,Quiet,,0,Sunny
21200519,19,18,82%,Southeast,<12km/h,1,Sunny
21200519,20,16,80%,Quiet,,0,Sunny
21200519,21,17,88%,Southeast,<12km/h,1,Sunny
21200519,22,15,93%,Quiet,,0,Sunny
21200519,23,15,95%,Southeast,<12km/h,1,Sunny
21200520,00,11,,,,<3,Sunny
21200520,01,11,,,,<3,Sunny
21200520,02,12,93%,Northeast,<12km/h,2,Sunny
21200520,03,11,86%,North,<12km/h,2,Sunny
21200520,04,11,,,,<3,Sunny
21200520,05,13,93%,East,<12km/h,1,Sunny
21200520,06,13,94%,East,<12km/h,1,Sunny
21200520,07,13,92%,East,<12km/h,1,Sunny
21200520,08,14,90%,East,<12km/h,2,Sunny
21200520,09,17,71%,East,<12km/h,3,Sunny
21200520,10,19,61%,East,<12km/h,2,Sunny
21200520,11,19,62%,North,<12km/h,2,Overcast
21200520,12,19,58%,East,<12km/h,3,Sunny
21200520,13,20,,,,<3,Cloudy
21200520,14,20,51%,East,<12km/h,3,Sunny
21200520,15,21,39%,East,<12km/h,3,Sunny
21200520,16,20,51%,East,<12km/h,3,Sunny
21200520,17,19,56%,Northeast,16-24km/h,4,Sunny
21200520,18,17,63%,East,<12km/h,2,Sunny
21200520,19,9,,,,<3,Sunny
21200520,20,16,60%,Northeast,16-24km/h,4,Sunny
21200520,21,13,77%,Northeast,16-24km/h,4,Sunny
21200520,22,9,,,,<3,Sunny
21200520,23,9,,,,<3,Sunny
21200521,00,14,96%,Southwest,<12km/h,1,Sunny
21200521,01,15,88%,Southwest,<12km/h,1,Sunny
21200521,02,14,96%,South,<12km/h,1,Sunny
21200521,03,12,94%,Northeast,<12km/h,1,Sunny
21200521,04,13,96%,Southwest,<12km/h,1,Sunny
21200521,05,13,97%,Southwest,<12km/h,1,Sunny
21200521,06,13,93%,Quiet,,0,Sunny
21200521,07,11,95%,Northeast,<12km/h,1,Sunny
21200521,08,15,96%,Southwest,<12km/h,1,Sunny
21200521,09,18,75%,South,<12km/h,1,Sunny
21200521,10,19,75%,Northwest,<12km/h,1,Sunny
21200521,11,24,54%,Northeast,<12km/h,2,Sunny
21200521,12,26,44%,Southeast,<12km/h,2,Sunny
21200521,13,26,,,,<3,Overcast
21200521,14,27,37%,Northeast,<12km/h,3,Cloudy
21200521,15,25,50%,Northeast,<12km/h,2,Cloudy
21200521,16,25,44%,Northeast,<12km/h,2,Cloudy
21200521,17,24,53%,Northeast,<12km/h,2,Cloudy
21200521,18,22,57%,Northwest,<12km/h,1,Cloudy
21200521,19,22,61%,Northeast,<12km/h,2,Cloudy
21200521,20,20,68%,East,<12km/h,2,Overcast
21200521,21,18,85%,East,<12km/h,2,Overcast
21200521,22,17,89%,East,<12km/h,2,Overcast
21200521,23,18,75%,Northeast,<12km/h,2,Overcast
21200522,00,19,61%,North,<12km/h,2,Overcast
21200522,01,16,85%,Northeast,<12km/h,2,Overcast
21200522,02,14,90%,Northeast,<12km/h,3,Overcast
21200522,03,14,84%,Northeast,<12km/h,2,Rain
21200522,04,13,79%,Northeast,<12km/h,3,Overcast
21200522,05,12,83%,Northeast,<12km/h,3,Overcast
21200522,06,12,79%,Northeast,<12km/h,3,Overcast
21200522,07,11,79%,East,24-34km/h,5,Overcast
21200522,08,11,81%,Northeast,<12km/h,3,Overcast
21200522,09,10,84%,Northeast,<12km/h,2,Overcast
21200522,10,10,77%,Northeast,<12km/h,3,Rain
21200522,11,12,,,,<3,Lightrain
21200522,12,9,92%,East,<12km/h,2,Overcast
21200522,13,9,88%,East,<12km/h,2,Overcast
21200522,14,10,76%,Northeast,16-24km/h,4,Overcast
21200522,15,9,78%,Northeast,<12km/h,3,Overcast
21200522,16,10,76%,Northeast,<12km/h,2,Overcast
21200522,17,9,79%,East,16-24km/h,4,Overcast
21200522,18,8,88%,Northeast,<12km/h,2,Overcast
21200522,19,8,93%,East,<12km/h,2,Overcast
21200522,20,8,73%,Northeast,16-24km/h,4,Overcast
21200522,21,8,85%,Northeast,<12km/h,2,Overcast
21200522,22,8,84%,Northeast,<12km/h,2,Overcast
21200522,23,8,85%,East,<12km/h,2,Overcast
21200523,00,9,83%,South,<12km/h,2,Cloudy
21200523,01,8,83%,Southeast,<12km/h,2,Cloudy
21200523,02,8,89%,Northeast,<12km/h,1,Cloudy
21200523,03,8,86%,West,<12km/h,1,Cloudy
21200523,04,8,,,,<3,Overcast
21200523,05,21,,,,<3,Overcast
21200523,06,21,,,,<3,Overcast
21200523,07,21,,,,<3,Overcast
21200523,08,21,,,,<3,Overcast
21200523,09,21,,,,<3,Overcast
21200523,10,17,50%,Southwest,<12km/h,2,Cloudy
21200523,11,19,47%,Southwest,<12km/h,3,Cloudy
21200523,12,20,39%,Southwest,<12km/h,2,Cloudy
21200523,13,22,32%,West,<12km/h,3,Cloudy
21200523,14,21,,,,<3,Overcast
21200523,15,21,,,,<3,Overcast
21200523,16,22,33%,Southwest,<12km/h,3,Cloudy
21200523,17,21,36%,West,<12km/h,2,Cloudy
21200523,18,20,40%,Southwest,<12km/h,2,Cloudy
21200523,19,18,45%,Southwest,<12km/h,2,Cloudy
21200523,20,9,,,,<3,Cloudy
21200523,21,15,58%,Quiet,,0,Cloudy
21200523,22,16,55%,West,<12km/h,2,Overcast
21200523,23,15,57%,West,<12km/h,1,Sunny
21200524,00,8,82%,Northeast,<12km/h,3,Overcast
21200524,01,8,84%,East,<12km/h,2,Overcast
21200524,02,8,78%,Northeast,<12km/h,3,Cloudy
21200524,03,8,79%,North,<12km/h,1,Overcast
21200524,04,8,81%,Northeast,<12km/h,2,Overcast
21200524,05,8,80%,Northeast,<12km/h,3,Cloudy
21200524,06,8,79%,North,<12km/h,1,Overcast
21200524,07,8,82%,Northeast,<12km/h,2,Overcast
21200524,08,8,81%,East,<12km/h,2,Overcast
21200524,09,9,78%,East,<12km/h,3,Overcast
21200524,10,8,78%,Northeast,<12km/h,3,Overcast
21200524,11,9,76%,North,<12km/h,2,Overcast
21200524,12,9,77%,East,<12km/h,2,Cloudy
21200524,13,9,76%,East,<12km/h,1,Cloudy
21200524,14,10,74%,Northeast,<12km/h,2,Overcast
21200524,15,10,73%,Northeast,<12km/h,2,Overcast
21200524,16,10,70%,East,<12km/h,2,Overcast
21200524,17,9,75%,Northeast,<12km/h,1,Overcast
21200524,18,10,79%,East,<12km/h,1,Overcast
21200524,19,10,76%,Northeast,<12km/h,1,Overcast
21200524,20,10,75%,Northeast,<12km/h,2,Overcast
21200524,21,10,76%,Northeast,<12km/h,2,Overcast
21200524,22,10,71%,Northeast,<12km/h,3,Overcast
21200524,23,10,77%,Northeast,<12km/h,2,Cloudy
21200525,00,10,79%,Northeast,<12km/h,2,Cloudy
21200525,01,10,81%,Northeast,<12km/h,2,Cloudy
21200525,02,10,82%,Northeast,<12km/h,2,Overcast
21200525,03,10,82%,Northeast,<12km/h,2,Overcast
21200525,04,10,82%,Northeast,<12km/h,2,Overcast
21200525,05,9,79%,Northeast,<12km/h,3,Overcast
21200525,06,10,84%,North,<12km/h,2,Overcast
21200525,07,9,86%,Northeast,<12km/h,1,Overcast
21200525,08,10,84%,Northeast,<12km/h,2,Overcast
21200525,09,10,82%,Northeast,<12km/h,2,Overcast
21200525,10,11,73%,East,<12km/h,2,Overcast
21200525,11,10,80%,Northeast,<12km/h,3,Overcast
21200525,12,10,84%,Northeast,<12km/h,2,Overcast
21200525,13,10,88%,Northeast,<12km/h,3,Overcast
21200525,14,9,91%,North,<12km/h,1,Rain
21200525,15,9,94%,North,<12km/h,2,Rain
21200525,16,9,94%,Northeast,<12km/h,3,Rain
21200525,17,8,95%,Northeast,<12km/h,2,Rain
21200525,18,8,95%,Northeast,<12km/h,2,Rain
21200525,19,8,93%,North,<12km/h,1,Rain
21200525,20,8,95%,Northeast,<12km/h,2,Rain
21200525,21,8,95%,Northeast,<12km/h,1,Rain
21200525,22,8,87%,North,<12km/h,2,Rain
21200525,23,8,88%,Northeast,<12km/h,3,Overcast
21200526,00,8,91%,North,<12km/h,2,Overcast
21200526,01,6,,,,<3,Lightrain
21200526,02,7,90%,East,<12km/h,2,Cloudy
21200526,03,7,91%,Southeast,<12km/h,1,Cloudy
21200526,04,7,87%,Northeast,<12km/h,3,Cloudy
21200526,05,7,94%,Quiet,,0,Overcast
21200526,06,7,94%,East,<12km/h,1,Overcast
21200526,07,7,95%,Southeast,<12km/h,1,Overcast
21200526,08,7,87%,Northeast,<12km/h,3,Overcast
21200526,09,7,85%,Northeast,<12km/h,2,Overcast
21200526,10,8,81%,Northeast,16-24km/h,4,Overcast
21200526,11,8,78%,East,<12km/h,2,Cloudy
21200526,12,8,75%,East,<12km/h,2,Cloudy
21200526,13,9,80%,Southeast,<12km/h,2,Overcast
21200526,14,9,78%,Southeast,<12km/h,2,Sunny
21200526,15,9,72%,North,<12km/h,1,Overcast
21200526,16,9,69%,Northeast,<12km/h,3,Cloudy
21200526,17,8,80%,East,<12km/h,1,Sunny
21200526,18,3,,,,<3,Cloudy
21200526,19,3,,,,<3,Cloudy
21200526,20,3,,,,<3,Cloudy
21200526,21,3,,,,<3,Cloudy
21200526,22,3,,,,<3,Cloudy
21200526,23,0,,,,<3,Sunny
21200527,00,14,82%,Southeast,<12km/h,1,Sunny
21200527,01,12,,Southeast,,<3,Cloudy
21200527,02,14,88%,South,<12km/h,1,Sunny
21200527,03,13,85%,North,<12km/h,1,Overcast
21200527,04,8,,,,<3,Cloudy
21200527,05,13,85%,West,<12km/h,1,Sunny
21200527,06,13,87%,Quiet,,0,Cloudy
21200527,07,21,,,,<3,Overcast
21200527,08,14,85%,Northeast,<12km/h,1,Cloudy
21200527,09,17,70%,East,<12km/h,1,Overcast
21200527,10,19,65%,Southeast,<12km/h,2,Overcast
21200527,11,18,67%,Southeast,<12km/h,1,Cloudy
21200527,12,18,65%,North,<12km/h,1,Cloudy
21200527,13,18,66%,Southeast,<12km/h,1,Cloudy
21200527,14,21,,,,<3,Overcast
21200527,15,18,,,,<3,Overcast
21200527,16,20,55%,West,<12km/h,2,Cloudy
21200527,17,18,54%,North,<12km/h,2,Cloudy
21200527,18,18,68%,South,<12km/h,2,Cloudy
21200527,19,18,60%,Northwest,<12km/h,1,Cloudy
21200527,20,16,74%,Southwest,<12km/h,1,Sunny
21200527,21,15,76%,Quiet,,0,Sunny
21200527,22,8,,,,<3,Sunny
21200527,23,15,77%,Northwest,<12km/h,1,Sunny
21200528,00,3,,,,<3,Cloudy
21200528,01,3,,,,<3,Cloudy
21200528,02,3,,,,<3,Cloudy
21200528,03,3,,,,<3,Cloudy
21200528,04,3,,,,<3,Cloudy
21200528,05,3,,,,<3,Cloudy
21200528,06,13,,,,<3,Cloudy
21200528,07,13,,,,<3,Cloudy
21200528,08,2,94%,Northeast,<12km/h,1,Cloudy
21200528,09,8,58%,East,24-34km/h,5,Sunny
21200528,10,9,61%,Southeast,<12km/h,1,Cloudy
21200528,11,9,63%,Northeast,<12km/h,2,Cloudy
21200528,12,13,,,,<3,Cloudy
21200528,13,11,55%,Northeast,16-24km/h,4,Sunny
21200528,14,14,48%,North,<12km/h,3,Sunny
21200528,15,12,53%,East,16-24km/h,4,Sunny
21200528,16,11,60%,Northeast,<12km/h,2,Cloudy
21200528,17,10,65%,East,<12km/h,2,Sunny
21200528,18,10,70%,East,<12km/h,2,Sunny
21200528,19,5,,,,<3,Overcast
21200528,20,10,68%,Northeast,16-24km/h,4,Sunny
21200528,21,8,77%,Quiet,,0,Sunny
21200528,22,9,67%,East,16-24km/h,4,Cloudy
21200528,23,5,,,,<3,Overcast
21200529,00,9,77%,Northeast,<12km/h,2,Sunny
21200529,01,9,76%,Northeast,<12km/h,2,Sunny
21200529,02,8,79%,Northeast,<12km/h,1,Cloudy
21200529,03,9,71%,East,<12km/h,2,Sunny
21200529,04,9,79%,East,<12km/h,2,Sunny
21200529,05,8,80%,North,<12km/h,1,Cloudy
21200529,06,9,82%,Northeast,<12km/h,2,Overcast
21200529,07,9,78%,Northeast,<12km/h,3,Overcast
21200529,08,10,80%,Northeast,<12km/h,2,Cloudy
21200529,09,10,77%,East,<12km/h,2,Overcast
21200529,10,11,72%,Southeast,<12km/h,1,Cloudy
21200529,11,12,72%,Northeast,<12km/h,2,Overcast
21200529,12,15,,,,<3,Overcast
21200529,13,12,67%,West,<12km/h,2,Overcast
21200529,14,12,73%,Northeast,<12km/h,2,Overcast
21200529,15,13,68%,Northeast,<12km/h,2,Overcast
21200529,16,12,69%,East,<12km/h,2,Cloudy
21200529,17,11,86%,Northeast,<12km/h,2,Overcast
21200529,18,12,74%,North,<12km/h,2,Overcast
21200529,19,11,89%,Northeast,<12km/h,1,Overcast
21200529,20,11,91%,Northeast,<12km/h,1,Cloudy
21200529,21,11,91%,East,<12km/h,1,Rain
21200529,22,11,89%,Northeast,<12km/h,1,Overcast
21200529,23,10,87%,North,<12km/h,3,Overcast
21200530,00,16,78%,Northeast,<12km/h,3,Cloudy
21200530,01,17,74%,East,<12km/h,1,Cloudy
21200530,02,18,63%,Northeast,<12km/h,2,Cloudy
21200530,03,15,87%,North,<12km/h,1,Cloudy
21200530,04,15,87%,Northeast,<12km/h,2,Cloudy
21200530,05,16,87%,Northeast,<12km/h,2,Overcast
21200530,06,22,,,,<3,Overcast
21200530,07,22,,,,<3,Overcast
21200530,08,15,85%,North,<12km/h,1,Overcast
21200530,09,17,87%,Quiet,,0,Overcast
21200530,10,18,91%,Quiet,,0,Overcast
21200530,11,18,86%,North,<12km/h,3,Cloudy
21200530,12,20,63%,South,<12km/h,3,Cloudy
21200530,13,20,74%,Southeast,<12km/h,3,Cloudy
21200530,14,20,72%,Northeast,<12km/h,3,Sunny
21200530,15,21,69%,Northeast,<12km/h,3,Sunny
21200530,16,21,67%,North,<12km/h,1,Sunny
21200530,17,20,60%,East,<12km/h,3,Sunny
21200530,18,12,,,,<3,Cloudy
21200530,19,17,86%,North,<12km/h,2,Sunny
21200530,20,18,79%,Northeast,<12km/h,2,Sunny
21200530,21,15,83%,Northeast,<12km/h,2,Sunny
21200530,22,16,92%,East,<12km/h,2,Sunny
21200530,23,12,,,,<3,Cloudy
21200531,00,10,96%,Quiet,,0,Overcast
21200531,01,9,,,,<3,Overcast
21200531,02,10,96%,Quiet,,0,Overcast
21200531,03,10,87%,Southwest,<12km/h,2,Cloudy
21200531,04,9,,,,<3,Overcast
21200531,05,10,87%,Southwest,<12km/h,2,Cloudy
21200531,06,10,86%,Southwest,<12km/h,3,Overcast
21200531,07,11,87%,Southwest,<12km/h,2,Overcast
21200531,08,11,96%,Quiet,,0,Overcast
21200531,09,11,84%,Southwest,<12km/h,2,Overcast
21200531,10,10,82%,Southwest,<12km/h,1,Overcast
21200531,11,10,78%,Southwest,<12km/h,3,Overcast
21200531,12,13,,,,<3,Overcast
21200531,13,12,79%,West,<12km/h,2,Overcast
21200531,14,13,,,,<3,Overcast
21200531,15,9,86%,Southwest,<12km/h,2,Rain
21200531,16,13,,,,<3,Overcast
21200531,17,10,88%,West,<12km/h,3,Overcast
21200531,18,3,,,,<3,Overcast
21200531,19,9,93%,West,<12km/h,2,Overcast
21200531,20,9,91%,Southwest,<12km/h,1,Cloudy
21200531,21,7,96%,West,<12km/h,1,Rain
21200531,22,3,,,,<3,Overcast
21200531,23,3,,,,<3,Overcast
21200601,00,7,94%,West,<12km/h,2,Overcast
21200601,01,6,76%,North,<12km/h,1,Cloudy
21200601,02,0,,,,<3,Overcast
21200601,03,4,89%,Northwest,<12km/h,1,Cloudy
21200601,04,3,93%,North,<12km/h,1,Cloudy
21200601,05,5,79%,Southwest,<12km/h,2,Sunny
21200601,06,12,,,,<3,Sunny
21200601,07,5,95%,Southeast,<12km/h,1,Sunny
21200601,08,12,,,,<3,Sunny
21200601,09,8,61%,Northeast,<12km/h,1,Sunny
21200601,10,10,54%,West,<12km/h,1,Sunny
21200601,11,12,,,,<3,Sunny
21200601,12,11,39%,West,<12km/h,2,Sunny
21200601,13,12,,,,<3,Sunny
21200601,14,12,,,,<3,Sunny
21200601,15,12,,,,<3,Sunny
21200601,16,12,,,,<3,Sunny
21200601,17,-2,,,,<3,Sunny
21200601,18,7,61%,South,<12km/h,2,Sunny
21200601,19,6,71%,Southeast,<12km/h,2,Sunny
21200601,20,1,,,,<3,Sunny
21200601,21,4,82%,East,<12km/h,1,Sunny
21200601,22,5,80%,Southeast,<12km/h,1,Sunny
21200601,23,1,86%,Northeast,<12km/h,2,Sunny
21200602,00,1,,,,<3,Sunny
21200602,01,2,92%,South,<12km/h,1,Sunny
21200602,02,2,92%,Quiet,,0,Sunny
21200602,03,1,,,,<3,Sunny
21200602,04,0,93%,South,<12km/h,1,Sunny
21200602,05,1,,,,<3,Sunny
21200602,06,0,95%,South,<12km/h,1,Sunny
21200602,07,9,,,,<3,Sunny
21200602,08,1,95%,Quiet,,0,Sunny
21200602,09,6,69%,North,<12km/h,1,Overcast
21200602,10,9,57%,North,<12km/h,2,Overcast
21200602,11,9,,,,<3,Sunny
21200602,12,11,39%,East,<12km/h,2,Sunny
21200602,13,12,,,,<3,Sunny
21200602,14,12,,,,<3,Sunny
21200602,15,12,,,,<3,Sunny
21200602,16,12,,,,<3,Sunny
21200602,17,2,,,,<3,Sunny
21200602,18,2,,,,<3,Sunny
21200602,19,6,59%,South,<12km/h,1,Sunny
21200602,20,6,47%,Quiet,,0,Sunny
21200602,21,-1,,,,<3,Sunny
21200602,22,2,81%,Northeast,<12km/h,1,Sunny
21200602,23,-1,,,,<3,Sunny
21200603,00,2,,,,<3,Sunny
21200603,01,2,,,,<3,Sunny
21200603,02,1,87%,Quiet,,0,Sunny
21200603,03,2,,,,<3,Sunny
21200603,04,2,,,,<3,Sunny
21200603,05,0,89%,South,<12km/h,1,Sunny
21200603,06,13,,,,<3,Cloudy
21200603,07,0,93%,South,<12km/h,1,Sunny
21200603,08,13,,,,<3,Cloudy
21200603,09,6,76%,Northeast,<12km/h,2,Overcast
21200603,10,9,54%,North,<12km/h,2,Overcast
21200603,11,13,,,,<3,Cloudy
21200603,12,11,43%,Northeast,<12km/h,1,Cloudy
21200603,13,11,37%,East,<12km/h,2,Cloudy
21200603,14,15,22%,West,<12km/h,1,Cloudy
21200603,15,14,27%,East,<12km/h,2,Cloudy
21200603,16,13,29%,East,<12km/h,2,Cloudy
21200603,17,11,46%,Northeast,<12km/h,1,Sunny
21200603,18,11,33%,Northeast,<12km/h,2,Sunny
21200603,19,3,,,,<3,Sunny
21200603,20,8,55%,Northeast,<12km/h,2,Cloudy
21200603,21,4,66%,Southeast,<12km/h,2,Sunny
21200603,22,3,,,,<3,Sunny
21200603,23,3,76%,South,<12km/h,1,Sunny
21200604,00,4,72%,Quiet,,0,Sunny
21200604,01,3,78%,North,<12km/h,2,Sunny
21200604,02,3,,,,<3,Sunny
21200604,03,2,82%,East,<12km/h,1,Sunny
21200604,04,5,65%,Northeast,<12km/h,3,Cloudy
21200604,05,3,79%,North,<12km/h,1,Cloudy
21200604,06,2,86%,South,<12km/h,1,Sunny
21200604,07,4,64%,North,<12km/h,2,Sunny
21200604,08,12,,,,<3,Cloudy
21200604,09,9,,,,<3,Cloudy
21200604,10,12,,,,<3,Cloudy
21200604,11,12,,,,<3,Cloudy
21200604,12,12,,,,<3,Cloudy
21200604,13,11,31%,Northeast,<12km/h,3,Cloudy
21200604,14,8,70%,Northeast,<12km/h,3,Overcast
21200604,15,12,,,,<3,Cloudy
21200604,16,11,25%,Northeast,<12km/h,3,Sunny
21200604,17,10,42%,East,<12km/h,2,Sunny
21200604,18,3,,,,<3,Overcast
21200604,19,5,79%,Northeast,<12km/h,2,Cloudy
21200604,20,3,,,,<3,Overcast
21200604,21,8,59%,Northeast,<12km/h,1,Cloudy
21200604,22,4,93%,East,<12km/h,1,Cloudy
21200604,23,3,,,,<3,Overcast
21200605,00,3,,,,<3,Overcast
21200605,01,7,58%,North,<12km/h,2,Cloudy
21200605,02,6,71%,East,<12km/h,1,Overcast
21200605,03,3,,,,<3,Overcast
21200605,04,6,70%,East,<12km/h,1,Overcast
21200605,05,4,72%,Quiet,,0,Sunny
21200605,06,6,79%,Quiet,,0,Overcast
21200605,07,9,,,,<3,Overcast
21200605,08,7,63%,Northeast,<12km/h,3,Cloudy
21200605,09,9,60%,Northeast,<12km/h,3,Overcast
21200605,10,9,58%,Northeast,<12km/h,3,Cloudy
21200605,11,9,,,,<3,Overcast
21200605,12,9,,,,<3,Overcast
21200605,13,9,,,,<3,Overcast
21200605,14,8,73%,Northeast,<12km/h,3,Overcast
21200605,15,8,70%,Northeast,<12km/h,2,Overcast
21200605,16,9,63%,East,16-24km/h,4,Overcast
21200605,17,0,,,,<3,Sunny
21200605,18,0,,,,<3,Sunny
21200605,19,7,82%,East,<12km/h,1,Overcast
21200605,20,5,82%,Northeast,<12km/h,1,Sunny
21200605,21,0,,,,<3,Sunny
21200605,22,0,,,,<3,Sunny
21200605,23,0,,,,<3,Sunny
21200606,00,2,95%,Southeast,<12km/h,1,Sunny
21200606,01,0,,,,<3,Sunny
21200606,02,0,,,,<3,Sunny
21200606,03,0,97%,South,<12km/h,1,Sunny
21200606,04,0,,,,<3,Sunny
21200606,05,0,,,,<3,Sunny
21200606,06,11,,,,<3,Sunny
21200606,07,1,94%,North,<12km/h,2,Sunny
21200606,08,0,95%,Quiet,,0,Sunny
21200606,09,11,,,,<3,Sunny
21200606,10,11,,,,<3,Sunny
21200606,11,8,50%,Northeast,16-24km/h,4,Sunny
21200606,12,10,43%,Southeast,<12km/h,2,Sunny
21200606,13,12,19%,Northeast,<12km/h,3,Sunny
21200606,14,11,,,,<3,Sunny
21200606,15,11,36%,East,<12km/h,2,Sunny
21200606,16,10,38%,East,<12km/h,2,Sunny
21200606,17,7,53%,East,<12km/h,1,Sunny
21200606,18,-3,,Southeast,,<3,Sunny
21200606,19,8,38%,Northeast,<12km/h,2,Sunny
21200606,20,3,71%,Northeast,<12km/h,1,Sunny
21200606,21,0,,,,<3,Sunny
21200606,22,0,,,,<3,Sunny
21200606,23,0,,,,<3,Sunny
21200607,00,1,76%,North,<12km/h,1,Sunny
21200607,01,-3,,Southeast,,<3,Sunny
21200607,02,0,,,,<3,Sunny
21200607,03,1,80%,South,<12km/h,1,Sunny
21200607,04,0,,,,<3,Sunny
21200607,05,0,87%,South,<12km/h,2,Sunny
21200607,06,-1,88%,Southwest,<12km/h,1,Sunny
21200607,07,13,,Southeast,,<3,Sunny
21200607,08,10,,,,<3,Sunny
21200607,09,6,63%,North,<12km/h,1,Sunny
21200607,10,5,60%,South,<12km/h,1,Sunny
21200607,11,8,52%,Northeast,<12km/h,2,Sunny
21200607,12,13,,Southeast,,<3,Sunny
21200607,13,12,34%,East,<12km/h,1,Sunny
21200607,14,12,32%,Southwest,<12km/h,1,Sunny
21200607,15,14,26%,Southeast,<12km/h,2,Sunny
21200607,16,13,28%,Quiet,,0,Sunny
21200607,17,2,,,,<3,Sunny
21200607,18,2,,,,<3,Sunny
21200607,19,8,57%,Southeast,<12km/h,1,Sunny
21200607,20,3,62%,Quiet,,0,Sunny
21200607,21,4,66%,Quiet,,0,Sunny
21200607,22,-1,,Southeast,,<3,Sunny
21200607,23,-1,,Southeast,,<3,Sunny
21200608,00,2,,,,<3,Sunny
21200608,01,2,,,,<3,Sunny
21200608,02,-1,,Southeast,,<3,Sunny
21200608,03,0,82%,Southwest,<12km/h,1,Sunny
21200608,04,0,94%,Quiet,,0,Sunny
21200608,05,2,,,,<3,Sunny
21200608,06,0,89%,Southwest,<12km/h,1,Cloudy
21200608,07,16,,,,<3,Overcast
21200608,08,16,,,,<3,Overcast
21200608,09,16,,,,<3,Overcast
21200608,10,13,,,,<3,Overcast
21200608,11,13,,,,<3,Overcast
21200608,12,16,,,,<3,Overcast
21200608,13,16,,,,<3,Overcast
21200608,14,16,,,,<3,Overcast
21200608,15,16,22%,North,<12km/h,1,Cloudy
21200608,16,16,,,,<3,Overcast
21200608,17,4,,,,<3,Cloudy
21200608,18,9,49%,East,<12km/h,1,Sunny
21200608,19,0,,,,<3,Cloudy
21200608,20,9,50%,Quiet,,0,Sunny
21200608,21,6,71%,Quiet,,0,Cloudy
21200608,22,4,78%,Southeast,<12km/h,1,Sunny
21200608,23,4,,,,<3,Cloudy
21200609,00,4,,,,<3,Cloudy
21200609,01,3,84%,West,<12km/h,1,Sunny
21200609,02,1,89%,Northeast,<12km/h,1,Sunny
21200609,03,4,,,,<3,Cloudy
21200609,04,2,89%,South,<12km/h,1,Sunny
21200609,05,0,93%,Northeast,<12km/h,1,Sunny
21200609,06,18,,,,<3,Sunny
21200609,07,18,,,,<3,Sunny
21200609,08,4,83%,Southwest,<12km/h,2,Sunny
21200609,09,18,,,,<3,Sunny
21200609,10,10,48%,West,<12km/h,1,Sunny
21200609,11,18,,,,<3,Sunny
21200609,12,18,,,,<3,Sunny
21200609,13,18,21%,South,<12km/h,2,Sunny
21200609,14,19,15%,Northwest,<12km/h,3,Sunny
21200609,15,15,,,,<3,Sunny
21200609,16,18,27%,East,<12km/h,2,Sunny
21200609,17,17,16%,Southwest,<12km/h,1,Sunny
21200609,18,13,29%,Southeast,<12km/h,1,Sunny
21200609,19,9,56%,Quiet,,0,Sunny
21200609,20,5,,,,<3,Sunny
21200609,21,6,65%,West,<12km/h,1,Sunny
21200609,22,5,,,,<3,Sunny
21200609,23,5,,,,<3,Sunny
21200610,00,5,68%,South,<12km/h,2,Sunny
21200610,01,4,71%,Southwest,<12km/h,2,Sunny
21200610,02,5,,,,<3,Sunny
21200610,03,5,,,,<3,Sunny
21200610,04,5,,,,<3,Sunny
21200610,05,3,79%,South,<12km/h,2,Sunny
21200610,06,15,,,,<3,Cloudy
21200610,07,18,,,,<3,Cloudy
21200610,08,18,,,,<3,Cloudy
21200610,09,15,,,,<3,Cloudy
21200610,10,15,,,,<3,Cloudy
21200610,11,18,,,,<3,Cloudy
21200610,12,18,,,,<3,Cloudy
21200610,13,18,31%,Northeast,<12km/h,2,Sunny
21200610,14,18,,,,<3,Cloudy
21200610,15,20,22%,Southeast,<12km/h,1,Sunny
21200610,16,19,25%,Quiet,,0,Sunny
21200610,17,16,33%,East,<12km/h,1,Sunny
21200610,18,15,36%,North,<12km/h,1,Sunny
21200610,19,4,,,,<3,Sunny
21200610,20,11,49%,Quiet,,0,Sunny
21200610,21,4,,,,<3,Sunny
21200610,22,4,,,,<3,Sunny
21200610,23,4,,,,<3,Sunny
21200611,00,4,,,,<3,Sunny
21200611,01,10,48%,Northeast,<12km/h,2,Sunny
21200611,02,10,48%,Northeast,<12km/h,3,Sunny
21200611,03,4,,,,<3,Sunny
21200611,04,4,,,,<3,Sunny
21200611,05,4,,,,<3,Sunny
21200611,06,16,,,,<3,Sunny
21200611,07,16,,,,<3,Sunny
21200611,08,16,,,,<3,Sunny
21200611,09,16,,,,<3,Sunny
21200611,10,10,60%,Northeast,<12km/h,2,Sunny
21200611,11,16,,,,<3,Sunny
21200611,12,13,45%,Northeast,<12km/h,2,Sunny
21200611,13,15,32%,Northeast,<12km/h,3,Sunny
21200611,14,16,24%,East,<12km/h,3,Sunny
21200611,15,16,,,,<3,Sunny
21200611,16,13,,,,<3,Sunny
21200611,17,3,,,,<3,Sunny
21200611,18,3,,,,<3,Sunny
21200611,19,11,49%,Northeast,<12km/h,2,Sunny
21200611,20,3,,,,<3,Sunny
21200611,21,3,,,,<3,Sunny
21200611,22,10,63%,Northeast,<12km/h,2,Sunny
21200611,23,8,71%,Northeast,<12km/h,2,Sunny
21200612,00,8,71%,Northeast,<12km/h,2,Sunny
21200612,01,5,82%,Southeast,<12km/h,1,Sunny
21200612,02,8,59%,North,<12km/h,2,Sunny
21200612,03,4,87%,South,<12km/h,2,Sunny
21200612,04,5,72%,Northwest,<12km/h,1,Sunny
21200612,05,3,,,,<3,Sunny
21200612,06,4,76%,South,<12km/h,1,Sunny
21200612,07,15,,,,<3,Sunny
21200612,08,2,92%,Quiet,,0,Sunny
21200612,09,9,66%,North,<12km/h,1,Sunny
21200612,10,12,58%,North,<12km/h,2,Overcast
21200612,11,13,45%,Quiet,,0,Sunny
21200612,12,15,44%,Southwest,<12km/h,1,Sunny
21200612,13,18,,,,<3,Sunny
21200612,14,18,35%,Northeast,<12km/h,1,Sunny
21200612,15,18,,,,<3,Sunny
21200612,16,18,,,,<3,Sunny
21200612,17,6,,,,<3,Cloudy
21200612,18,6,,,,<3,Cloudy
21200612,19,6,,,,<3,Cloudy
21200612,20,6,,,,<3,Cloudy
21200612,21,6,,,,<3,Cloudy
21200612,22,9,70%,Quiet,,0,Sunny
21200612,23,8,75%,Quiet,,0,Sunny
21200613,00,6,,,,<3,Cloudy
21200613,01,6,82%,Southwest,<12km/h,1,Sunny
21200613,02,6,82%,Quiet,,0,Sunny
21200613,03,5,88%,Southeast,<12km/h,1,Sunny
21200613,04,3,91%,Northeast,<12km/h,1,Sunny
21200613,05,3,93%,Quiet,,0,Sunny
21200613,06,5,94%,Northeast,<12km/h,1,Sunny
21200613,07,5,88%,Southwest,<12km/h,1,Sunny
21200613,08,4,90%,East,<12km/h,1,Sunny
21200613,09,19,,,,<3,Sunny
21200613,10,12,56%,South,<12km/h,1,Sunny
21200613,11,19,,,,<3,Sunny
21200613,12,19,,,,<3,Sunny
21200613,13,19,,,,<3,Sunny
21200613,14,16,,Southeast,,<3,Sunny
21200613,15,19,40%,Northeast,<12km/h,2,Sunny
21200613,16,19,,,,<3,Sunny
21200613,17,16,48%,East,<12km/h,2,Sunny
21200613,18,15,51%,East,<12km/h,2,Sunny
21200613,19,14,54%,East,<12km/h,3,Sunny
21200613,20,5,,,,<3,Sunny
21200613,21,13,62%,Northeast,<12km/h,3,Sunny
21200613,22,5,,,,<3,Sunny
21200613,23,5,,,,<3,Sunny
21200614,00,9,86%,Southeast,<12km/h,1,Sunny
21200614,01,10,77%,Northeast,<12km/h,2,Cloudy
21200614,02,9,81%,Northeast,<12km/h,2,Sunny
21200614,03,2,,,,<3,Sunny
21200614,04,8,85%,East,<12km/h,1,Sunny
21200614,05,5,88%,Northeast,<12km/h,2,Sunny
21200614,06,8,74%,North,<12km/h,2,Sunny
21200614,07,5,95%,East,<12km/h,1,Fog
21200614,08,19,,,,<3,Sunny
21200614,09,19,,,,<3,Sunny
21200614,10,13,63%,Northeast,<12km/h,2,Sunny
21200614,11,16,52%,Northeast,<12km/h,2,Sunny
21200614,12,19,,,,<3,Sunny
21200614,13,17,,Southeast,,<3,Sunny
21200614,14,19,,,,<3,Sunny
21200614,15,19,,,,<3,Sunny
21200614,16,19,40%,Northeast,<12km/h,1,Sunny
21200614,17,17,47%,Northwest,<12km/h,1,Sunny
21200614,18,8,,Southeast,,<3,Cloudy
21200614,19,8,,Southeast,,<3,Cloudy
21200614,20,8,,Southeast,,<3,Cloudy
21200614,21,11,66%,Quiet,,0,Sunny
21200614,22,8,,Southeast,,<3,Cloudy
21200614,23,8,,Southeast,,<3,Cloudy
21200615,00,5,,Southeast,,<3,Cloudy
21200615,01,8,,Southeast,,<3,Cloudy
21200615,02,13,65%,North,<12km/h,3,Sunny
21200615,03,8,83%,Northeast,<12km/h,1,Sunny
21200615,04,8,,Southeast,,<3,Cloudy
21200615,05,9,89%,East,<12km/h,1,Sunny
21200615,06,8,84%,Southwest,<12km/h,1,Cloudy
21200615,07,9,94%,East,<12km/h,1,Cloudy
21200615,08,22,,,,<3,Cloudy
21200615,09,19,,,,<3,Cloudy
21200615,10,22,,,,<3,Cloudy
21200615,11,22,,,,<3,Cloudy
21200615,12,17,54%,West,<12km/h,1,Cloudy
21200615,13,22,,,,<3,Cloudy
21200615,14,22,,,,<3,Cloudy
21200615,15,20,57%,East,<12km/h,1,Cloudy
21200615,16,19,,,,<3,Cloudy
21200615,17,19,65%,North,<12km/h,1,Cloudy
21200615,18,19,57%,East,<12km/h,1,Cloudy
21200615,19,17,71%,East,<12km/h,1,Cloudy
21200615,20,13,,,,<3,Cloudy
21200615,21,13,,,,<3,Cloudy
21200615,22,13,,,,<3,Cloudy
21200615,23,15,84%,Quiet,,0,Cloudy
21200616,00,9,,,,<3,Cloudy
21200616,01,9,,,,<3,Cloudy
21200616,02,13,,,,<3,Cloudy
21200616,03,13,,,,<3,Cloudy
21200616,04,13,,,,<3,Cloudy
21200616,05,12,94%,Quiet,,0,Cloudy
21200616,06,23,,,,<3,Overcast
21200616,07,12,95%,South,<12km/h,1,Overcast
21200616,08,23,,,,<3,Overcast
21200616,09,13,83%,Quiet,,0,Cloudy
21200616,10,23,,,,<3,Overcast
21200616,11,23,,,,<3,Overcast
21200616,12,23,,,,<3,Overcast
21200616,13,20,,,,<3,Cloudy
21200616,14,21,61%,West,<12km/h,2,Overcast
21200616,15,23,,,,<3,Overcast
21200616,16,25,48%,West,<12km/h,3,Overcast
21200616,17,5,,,,<3,Lightrain
21200616,18,20,65%,East,<12km/h,2,Overcast
21200616,19,5,,,,<3,Lightrain
21200616,20,17,78%,Quiet,,0,Overcast
21200616,21,9,,,,<3,Lightrain
21200616,22,14,76%,East,<12km/h,3,Overcast
21200616,23,13,77%,Northeast,<12km/h,2,Overcast
21200617,00,9,,,,<3,Lightrain
21200617,01,9,,,,<3,Lightrain
21200617,02,9,,,,<3,Lightrain
21200617,03,11,88%,North,<12km/h,1,Rain
21200617,04,10,90%,Northeast,<12km/h,2,Overcast
21200617,05,9,,,,<3,Lightrain
21200617,06,10,76%,Northeast,16-24km/h,4,Overcast
21200617,07,11,,,,<3,Lightrain
21200617,08,10,84%,Northeast,<12km/h,3,Overcast
21200617,09,9,93%,Northeast,<12km/h,2,Overcast
21200617,10,10,81%,Northeast,16-24km/h,4,Overcast
21200617,11,9,85%,Northeast,<12km/h,3,Overcast
21200617,12,8,,,,<3,Lightrain
21200617,13,9,76%,Northeast,16-24km/h,4,Overcast
21200617,14,10,74%,East,16-24km/h,4,Overcast
21200617,15,9,83%,Northeast,<12km/h,3,Overcast
21200617,16,11,,,,<3,Lightrain
21200617,17,9,85%,Northeast,<12km/h,2,Overcast
21200617,18,8,91%,North,<12km/h,2,Overcast
21200617,19,8,91%,Northeast,<12km/h,1,Rain
21200617,20,8,94%,Northeast,<12km/h,2,Overcast
21200617,21,2,,,,<3,Lightrain
21200617,22,8,86%,Northeast,<12km/h,2,Overcast
21200617,23,7,92%,Northeast,<12km/h,2,Rain
21200618,00,7,96%,North,<12km/h,2,Rain
21200618,01,5,,,,<3,Lightrain
21200618,02,5,,,,<3,Lightrain
21200618,03,5,,,,<3,Lightrain
21200618,04,6,95%,Northeast,<12km/h,2,Rain
21200618,05,6,96%,Northeast,<12km/h,2,Rain
21200618,06,6,,,,<3,Lightrain
21200618,07,6,,,,<3,Lightrain
21200618,08,6,,,,<3,Lightrain
21200618,09,6,,,,<3,Lightrain
21200618,10,6,,,,<3,Lightrain
21200618,11,6,94%,Northeast,<12km/h,1,Rain
21200618,12,6,,,,<3,Lightrain
21200618,13,6,,,,<3,Lightrain
21200618,14,7,90%,North,<12km/h,1,Rain
21200618,15,3,,,,<3,Lightrain
21200618,16,5,93%,Northeast,<12km/h,2,Overcast
21200618,17,5,94%,East,<12km/h,2,Overcast
21200618,18,5,90%,East,<12km/h,3,Overcast
21200618,19,3,,,,<3,Overcast
21200618,20,3,,,,<3,Overcast
21200618,21,0,,,,<3,Overcast
21200618,22,3,,,,<3,Overcast
21200618,23,5,90%,Northeast,<12km/h,1,Cloudy
21200619,00,3,,,,<3,Overcast
21200619,01,5,85%,Northeast,<12km/h,2,Cloudy
21200619,02,3,,,,<3,Overcast
21200619,03,5,81%,Northwest,<12km/h,1,Cloudy
21200619,04,5,89%,Northeast,<12km/h,2,Cloudy
21200619,05,3,,,,<3,Overcast
21200619,06,5,86%,Northeast,<12km/h,2,Rain
21200619,07,5,,,,<3,Lightrain
21200619,08,6,,,,<3,Lightrain
21200619,09,6,,,,<3,Lightrain
21200619,10,6,,,,<3,Lightrain
21200619,11,4,94%,East,16-24km/h,4,Rain
21200619,12,6,,,,<3,Lightrain
21200619,13,5,96%,East,<12km/h,1,Rain
21200619,14,5,96%,Northeast,<12km/h,3,Rain
21200619,15,5,91%,North,<12km/h,1,Rain
21200619,16,6,,,,<3,Lightrain
21200619,17,6,,,,<3,Lightrain
21200619,18,5,96%,East,<12km/h,2,Rain
21200619,19,5,,,,<3,Lightrain
21200619,20,5,,,,<3,Lightrain
21200619,21,5,,,,<3,Lightrain
21200619,22,5,,,,<3,Lightrain
21200619,23,6,95%,Northeast,<12km/h,2,Overcast
21200620,00,5,,,,<3,Lightrain
21200620,01,5,,,,<3,Lightrain
21200620,02,6,96%,Northeast,<12km/h,2,Rain
21200620,03,5,,,,<3,Lightrain
21200620,04,5,,,,<3,Lightrain
21200620,05,5,96%,Northwest,<12km/h,1,Rain
21200620,06,6,96%,Northeast,<12km/h,2,Overcast
21200620,07,8,,,,<3,Lightrain
21200620,08,6,96%,North,<12km/h,2,Overcast
21200620,09,8,,,,<3,Lightrain
21200620,10,8,,,,<3,Lightrain
21200620,11,7,92%,Quiet,,0,Rain
21200620,12,8,,,,<3,Lightrain
21200620,13,8,,,,<3,Lightrain
21200620,14,7,96%,Northeast,<12km/h,2,Rain
21200620,15,8,96%,Northeast,<12km/h,1,Rain
21200620,16,8,,,,<3,Lightrain
21200620,17,7,97%,Northeast,<12km/h,1,Rain
21200620,18,7,96%,North,<12km/h,2,Rain
21200620,19,10,81%,Southwest,<12km/h,1,Overcast
21200620,20,6,,,,<3,Lightrain
21200620,21,6,,,,<3,Lightrain
21200620,22,2,,,,<3,Lightrain
21200620,23,6,,,,<3,Lightrain
21200621,00,6,,,,<3,Lightrain
21200621,01,6,,,,<3,Lightrain
21200621,02,6,,,,<3,Lightrain
21200621,03,7,94%,South,<12km/h,1,Overcast
21200621,04,8,93%,West,<12km/h,3,Overcast
21200621,05,6,,,,<3,Lightrain
21200621,06,7,,,,<3,Overcast
21200621,07,11,,,,<3,Overcast
21200621,08,11,,,,<3,Overcast
21200621,09,9,87%,West,<12km/h,3,Overcast
21200621,10,11,,,,<3,Overcast
21200621,11,11,,,,<3,Overcast
21200621,12,8,89%,Southwest,<12km/h,2,Overcast
21200621,13,11,74%,West,<12km/h,3,Overcast
21200621,14,9,85%,Southwest,<12km/h,2,Overcast
21200621,15,11,,,,<3,Overcast
21200621,16,10,79%,West,<12km/h,2,Overcast
21200621,17,9,89%,Southwest,<12km/h,2,Overcast
21200621,18,10,81%,West,<12km/h,2,Overcast
21200621,19,5,,,,<3,Lightrain
21200621,20,5,,,,<3,Lightrain
21200621,21,5,,,,<3,Lightrain
21200621,22,9,92%,East,<12km/h,1,Overcast
21200621,23,9,91%,East,<12km/h,1,Cloudy
21200622,00,9,91%,Northeast,<12km/h,2,Cloudy
21200622,01,2,,,,<3,Lightrain
21200622,02,8,95%,North,<12km/h,1,Cloudy
21200622,03,5,,,,<3,Lightrain
21200622,04,5,,,,<3,Lightrain
21200622,05,9,94%,East,<12km/h,2,Overcast
21200622,06,11,,,,<3,Lightrain
21200622,07,9,83%,East,16-24km/h,4,Cloudy
21200622,08,11,,,,<3,Lightrain
21200622,09,11,,,,<3,Lightrain
21200622,10,10,78%,North,<12km/h,3,Cloudy
21200622,11,11,,,,<3,Lightrain
21200622,12,10,85%,Northeast,<12km/h,3,Overcast
21200622,13,11,,,,<3,Lightrain
21200622,14,11,,,,<3,Lightrain
21200622,15,11,,,,<3,Lightrain
21200622,16,9,95%,Northeast,<12km/h,2,Rain
21200622,17,11,,,,<3,Lightrain
21200622,18,8,,,,<3,Lightrain
21200622,19,8,,,,<3,Lightrain
21200622,20,9,97%,Northeast,<12km/h,2,Rain
21200622,21,9,97%,Northeast,<12km/h,2,Rain
21200622,22,9,97%,Northeast,<12km/h,1,Rain
21200622,23,8,,,,<3,Lightrain
21200623,00,9,97%,North,<12km/h,2,Rain
21200623,01,8,,,,<3,Lightrain
21200623,02,8,,,,<3,Lightrain
21200623,03,9,97%,East,<12km/h,1,Overcast
21200623,04,8,,,,<3,Lightrain
21200623,05,9,98%,Northeast,<12km/h,1,Rain
21200623,06,9,98%,Northeast,<12km/h,1,Rain
21200623,07,10,98%,East,<12km/h,1,Rain
21200623,08,10,98%,East,<12km/h,1,Overcast
21200623,09,10,95%,North,<12km/h,1,Overcast
21200623,10,10,98%,Northeast,<12km/h,1,Rain
21200623,11,12,,,,<3,Overcast
21200623,12,11,85%,North,<12km/h,2,Overcast
21200623,13,11,89%,North,<12km/h,1,Overcast
21200623,14,10,,,,<3,Overcast
21200623,15,11,93%,East,<12km/h,1,Overcast
21200623,16,12,,,,<3,Overcast
21200623,17,8,,,,<3,Cloudy
21200623,18,10,90%,Northeast,<12km/h,2,Overcast
21200623,19,8,,,,<3,Cloudy
21200623,20,11,95%,East,<12km/h,1,Overcast
21200623,21,8,,,,<3,Cloudy
21200623,22,10,94%,Quiet,,0,Overcast
21200623,23,11,95%,North,<12km/h,1,Overcast
21200624,00,11,94%,Northeast,<12km/h,2,Overcast
21200624,01,8,,,,<3,Cloudy
21200624,02,11,93%,Northeast,<12km/h,1,Cloudy
21200624,03,10,91%,Northeast,<12km/h,2,Cloudy
21200624,04,8,,,,<3,Cloudy
21200624,05,5,,,,<3,Cloudy
21200624,06,10,94%,Northeast,<12km/h,2,Rain
21200624,07,10,97%,Northeast,<12km/h,2,Overcast
21200624,08,13,,,,<3,Lightrain
21200624,09,11,94%,Northeast,<12km/h,2,Overcast
21200624,10,13,,,,<3,Lightrain
21200624,11,11,92%,Northeast,<12km/h,2,Overcast
21200624,12,13,89%,Southeast,<12km/h,2,Overcast
21200624,13,12,90%,East,<12km/h,2,Rain
21200624,14,13,,,,<3,Lightrain
21200624,15,13,87%,East,<12km/h,2,Overcast
21200624,16,13,,,,<3,Lightrain
21200624,17,13,91%,South,<12km/h,2,Overcast
21200624,18,13,90%,North,<12km/h,1,Overcast
21200624,19,10,,,,<3,Lightrain
21200624,20,10,,,,<3,Lightrain
21200624,21,10,,,,<3,Lightrain
21200624,22,11,96%,Quiet,,0,Overcast
21200624,23,10,,,,<3,Lightrain
21200625,00,12,95%,West,<12km/h,1,Overcast
21200625,01,12,96%,Quiet,,0,Rain
21200625,02,10,,,,<3,Lightrain
21200625,03,12,97%,West,<12km/h,2,Rain
21200625,04,10,,,,<3,Lightrain
21200625,05,11,95%,Quiet,,0,Rain
21200625,06,12,96%,West,<12km/h,2,Overcast
21200625,07,11,,,,<3,Overcast
21200625,08,11,,,,<3,Overcast
21200625,09,10,97%,South,<12km/h,2,Rain
21200625,10,11,95%,Southwest,<12km/h,2,Overcast
21200625,11,11,,,,<3,Overcast
21200625,12,11,,,,<3,Overcast
21200625,13,11,,,,<3,Overcast
21200625,14,10,96%,Southeast,<12km/h,1,Overcast
21200625,15,11,,,,<3,Overcast
21200625,16,11,,,,<3,Overcast
21200625,17,2,,,,<3,Cloudy
21200625,18,9,82%,North,<12km/h,1,Overcast
21200625,19,2,,,,<3,Cloudy
21200625,20,8,81%,Northwest,<12km/h,2,Cloudy
21200625,21,2,,,,<3,Cloudy
21200625,22,8,72%,Northeast,<12km/h,2,Cloudy
21200625,23,7,85%,Northwest,<12km/h,1,Cloudy
21200626,00,7,76%,East,<12km/h,2,Overcast
21200626,01,2,,,,<3,Cloudy
21200626,02,2,,,,<3,Cloudy
21200626,03,2,91%,North,<12km/h,1,Sunny
21200626,04,5,78%,North,<12km/h,2,Sunny
21200626,05,5,73%,Northeast,<12km/h,2,Sunny
21200626,06,9,,,,<3,Sunny
21200626,07,9,,,,<3,Sunny
21200626,08,9,,,,<3,Sunny
21200626,09,9,,,,<3,Sunny
21200626,10,6,,Southeast,,<3,Sunny
21200626,11,9,,,,<3,Sunny
21200626,12,9,,,,<3,Sunny
21200626,13,11,46%,Northeast,<12km/h,2,Sunny
21200626,14,10,43%,Northeast,<12km/h,2,Sunny
21200626,15,12,47%,East,<12km/h,1,Overcast
21200626,16,9,54%,Northeast,<12km/h,1,Sunny
21200626,17,1,,,,<3,Sunny
21200626,18,6,69%,Northeast,<12km/h,1,Sunny
21200626,19,1,,,,<3,Sunny
21200626,20,1,,,,<3,Sunny
21200626,21,3,90%,Quiet,,0,Sunny
21200626,22,3,93%,East,<12km/h,2,Sunny
21200626,23,1,,,,<3,Sunny
21200627,00,2,95%,East,<12km/h,1,Sunny
21200627,01,1,,,,<3,Sunny
21200627,02,1,,,,<3,Sunny
21200627,03,0,95%,North,<12km/h,1,Sunny
21200627,04,1,95%,Southwest,<12km/h,1,Sunny
21200627,05,1,97%,Southeast,<12km/h,1,Cloudy
21200627,06,11,,,,<3,Overcast
21200627,07,2,90%,North,<12km/h,2,Cloudy
21200627,08,3,97%,East,<12km/h,1,Cloudy
21200627,09,4,96%,East,<12km/h,2,Cloudy
21200627,10,6,76%,South,<12km/h,2,Overcast
21200627,11,11,,,,<3,Overcast
21200627,12,9,59%,North,<12km/h,1,Overcast
21200627,13,11,,,,<3,Overcast
21200627,14,11,55%,North,<12km/h,1,Cloudy
21200627,15,11,,,,<3,Overcast
21200627,16,11,56%,Quiet,,0,Overcast
21200627,17,10,59%,Northeast,<12km/h,2,Overcast
21200627,18,6,,,,<3,Cloudy
21200627,19,10,65%,Northeast,<12km/h,2,Overcast
21200627,20,6,,,,<3,Cloudy
21200627,21,6,,,,<3,Cloudy
21200627,22,6,,,,<3,Cloudy
21200627,23,6,,,,<3,Cloudy
21200628,00,7,95%,Quiet,,0,Overcast
21200628,01,2,,Southeast,,<3,Cloudy
21200628,02,7,88%,Southwest,<12km/h,1,Cloudy
21200628,03,6,94%,West,<12km/h,1,Sunny
21200628,04,6,,,,<3,Cloudy
21200628,05,6,95%,South,<12km/h,1,Cloudy
21200628,06,17,,,,<3,Overcast
21200628,07,7,96%,Southwest,<12km/h,1,Cloudy
21200628,08,17,,,,<3,Overcast
21200628,09,17,,,,<3,Overcast
21200628,10,14,60%,Southwest,<12km/h,2,Cloudy
21200628,11,14,,,,<3,Overcast
21200628,12,17,,,,<3,Overcast
21200628,13,17,,,,<3,Overcast
21200628,14,17,,,,<3,Overcast
21200628,15,20,41%,South,<12km/h,2,Cloudy
21200628,16,18,59%,Southeast,<12km/h,1,Cloudy
21200628,17,9,,,,<3,Overcast
21200628,18,17,56%,Southeast,<12km/h,1,Cloudy
21200628,19,6,,,,<3,Overcast
21200628,20,13,65%,East,24-34km/h,5,Overcast
21200628,21,9,,,,<3,Overcast
21200628,22,13,80%,Northeast,<12km/h,1,Cloudy
21200628,23,9,,,,<3,Overcast
21200629,00,9,,,,<3,Overcast
21200629,01,12,87%,East,<12km/h,1,Cloudy
21200629,02,12,91%,East,<12km/h,1,Cloudy
21200629,03,12,84%,Quiet,,0,Cloudy
21200629,04,9,,,,<3,Overcast
21200629,05,12,79%,East,<12km/h,1,Overcast
21200629,06,15,,,,<3,Lightrain
21200629,07,13,81%,Northeast,<12km/h,2,Cloudy
21200629,08,15,,,,<3,Lightrain
21200629,09,13,71%,East,<12km/h,2,Cloudy
21200629,10,13,69%,Northeast,<12km/h,2,Cloudy
21200629,11,15,,,,<3,Lightrain
21200629,12,16,62%,Northeast,<12km/h,2,Cloudy
21200629,13,15,,,,<3,Lightrain
21200629,14,16,60%,East,<12km/h,2,Overcast
21200629,15,15,63%,East,<12km/h,3,Cloudy
21200629,16,16,61%,North,<12km/h,2,Cloudy
21200629,17,14,66%,Northeast,<12km/h,2,Overcast
21200629,18,4,,,,<3,Lightrain
21200629,19,4,,,,<3,Lightrain
21200629,20,4,,,,<3,Lightrain
21200629,21,5,55%,Northeast,16-24km/h,4,Sunny
21200629,22,11,69%,Northeast,16-24km/h,4,Overcast
21200629,23,10,83%,East,<12km/h,1,Overcast
