21200501,00,15,95%,Quiet,,0,Sunny
21200501,01,15,87%,Southeast,<12km/h,2,Sunny
21200501,02,15,89%,Southwest,<12km/h,2,Sunny
21200501,03,16,91%,North,<12km/h,1,Sunny
21200501,04,15,91%,North,<12km/h,1,Sunny
21200501,05,12,96%,Quiet,,0,Sunny
21200501,06,15,92%,North,<12km/h,1,Cloudy
21200501,07,15,90%,East,<12km/h,1,Overcast
21200501,08,15,89%,Northwest,<12km/h,1,Cloudy
21200501,09,16,84%,North,<12km/h,1,Cloudy
21200501,10,19,68%,Northwest,<12km/h,1,Cloudy
21200501,11,22,47%,Southeast,<12km/h,2,Sunny
21200501,12,21,44%,Northwest,<12km/h,2,Sunny
21200501,13,22,,,,<3,Sunny
21200501,14,21,50%,North,<12km/h,2,Cloudy
21200501,15,23,35%,Northeast,<12km/h,2,Sunny
21200501,16,21,64%,Northeast,<12km/h,3,Sunny
21200501,17,21,72%,Northeast,<12km/h,3,Sunny
21200501,18,20,79%,Northeast,<12km/h,3,Sunny
21200501,19,18,85%,Northeast,<12km/h,3,Sunny
21200501,20,16,90%,Northeast,<12km/h,3,Sunny
21200501,21,14,75%,Quiet,,0,Sunny
21200501,22,16,54%,North,<12km/h,1,Sunny
21200501,23,12,85%,North,<12km/h,2,Cloudy
21200502,00,16,80%,North,<12km/h,1,Overcast
21200502,01,16,80%,Northeast,<12km/h,1,Overcast
21200502,02,15,85%,Northwest,<12km/h,1,Cloudy
21200502,03,15,83%,Southeast,<12km/h,2,Overcast
21200502,04,15,92%,Northeast,<12km/h,1,Rain
21200502,05,14,95%,Quiet,,0,Cloudy
21200502,06,14,97%,South,<12km/h,3,Overcast
21200502,07,14,90%,North,<12km/h,3,Cloudy
21200502,08,15,95%,Northeast,<12km/h,1,Cloudy
21200502,09,15,94%,Northeast,<12km/h,1,Cloudy
21200502,10,17,84%,Quiet,,0,Overcast
21200502,11,19,72%,West,<12km/h,2,Cloudy
21200502,12,20,56%,West,<12km/h,2,Cloudy
21200502,13,19,77%,Northeast,<12km/h,1,Overcast
21200502,14,18,71%,Northeast,<12km/h,1,Cloudy
21200502,15,20,58%,North,<12km/h,2,Cloudy
21200502,16,18,58%,North,<12km/h,3,Cloudy
21200502,17,18,73%,North,<12km/h,1,Cloudy
21200502,18,16,72%,Quiet,,0,Overcast
21200502,19,17,71%,Northeast,<12km/h,2,Overcast
21200502,20,15,72%,North,<12km/h,2,Overcast
21200502,21,16,72%,North,<12km/h,1,Overcast
21200502,22,15,73%,Northeast,<12km/h,2,Overcast
21200502,23,15,82%,Northeast,<12km/h,1,Cloudy
21200503,00,15,66%,East,<12km/h,2,Cloudy
21200503,01,14,82%,Quiet,,0,Overcast
21200503,02,14,88%,Northeast,<12km/h,1,Sunny
21200503,03,14,85%,Quiet,,0,Sunny
21200503,04,13,89%,Quiet,,0,Overcast
21200503,05,10,89%,West,<12km/h,1,Cloudy
21200503,06,13,91%,Quiet,,0,Overcast
21200503,07,9,90%,South,<12km/h,1,Sunny
21200503,08,19,,,,<3,Overcast
21200503,09,15,75%,Northeast,<12km/h,1,Cloudy
21200503,10,15,71%,North,<12km/h,2,Cloudy
21200503,11,18,51%,North,<12km/h,2,Sunny
21200503,12,16,64%,North,<12km/h,2,Cloudy
21200503,13,17,59%,Northwest,<12km/h,2,Cloudy
21200503,14,19,46%,Northwest,<12km/h,1,Cloudy
21200503,15,20,49%,Northwest,<12km/h,3,Cloudy
21200503,16,18,51%,Quiet,,0,Cloudy
21200503,17,15,68%,South,<12km/h,1,Cloudy
21200503,18,16,63%,North,<12km/h,1,Cloudy
21200503,19,14,77%,Quiet,,0,Cloudy
21200503,20,12,83%,Quiet,,0,Sunny
21200503,21,16,66%,West,<12km/h,1,Sunny
21200503,22,11,92%,Quiet,,0,Sunny
21200503,23,11,86%,South,<12km/h,1,Sunny
21200504,00,10,85%,Quiet,,0,Cloudy
21200504,01,9,89%,Quiet,,0,Cloudy
21200504,02,10,83%,Northeast,<12km/h,1,Sunny
21200504,03,8,94%,East,<12km/h,1,Sunny
21200504,04,8,94%,East,<12km/h,1,Sunny
21200504,05,7,95%,East,<12km/h,1,Sunny
21200504,06,7,96%,Northeast,<12km/h,1,Sunny
21200504,07,7,97%,Quiet,,0,Sunny
21200504,08,9,87%,North,<12km/h,1,Sunny
21200504,09,13,73%,Northwest,<12km/h,1,Cloudy
21200504,10,15,60%,Northeast,<12km/h,1,Cloudy
21200504,11,19,46%,Northwest,<12km/h,1,Sunny
21200504,12,22,39%,Northwest,<12km/h,1,Sunny
21200504,13,24,31%,Northeast,<12km/h,1,Sunny
21200504,14,25,30%,Northwest,<12km/h,1,Sunny
21200504,15,24,28%,North,<12km/h,2,Sunny
21200504,16,23,32%,Northeast,<12km/h,2,Sunny
21200504,17,21,33%,Quiet,,0,Sunny
21200504,18,21,37%,Northwest,<12km/h,1,Sunny
21200504,19,16,59%,Quiet,,0,Sunny
21200504,20,16,59%,East,<12km/h,1,Sunny
21200504,21,13,71%,Quiet,,0,Cloudy
21200504,22,13,68%,Quiet,,0,Sunny
21200504,23,13,68%,Northeast,<12km/h,1,Cloudy
21200505,00,12,80%,Northwest,<12km/h,1,Sunny
21200505,01,11,78%,North,<12km/h,1,Sunny
21200505,02,13,75%,Quiet,,0,Cloudy
21200505,03,10,78%,Southwest,<12km/h,1,Sunny
21200505,04,14,72%,Quiet,,0,Sunny
21200505,05,11,83%,Quiet,,0,Sunny
21200505,06,11,85%,Quiet,,0,Sunny
21200505,07,11,82%,Quiet,,0,Sunny
21200505,08,13,77%,Northwest,<12km/h,1,Sunny
21200505,09,15,73%,North,<12km/h,1,Cloudy
21200505,10,17,61%,Northwest,<12km/h,1,Cloudy
21200505,11,19,51%,Quiet,,0,Cloudy
21200505,12,22,39%,North,<12km/h,2,Cloudy
21200505,13,23,33%,North,<12km/h,2,Cloudy
21200505,14,26,31%,North,<12km/h,1,Cloudy
21200505,15,24,38%,North,<12km/h,2,Sunny
21200505,16,23,37%,Northeast,<12km/h,2,Cloudy
21200505,17,21,52%,Quiet,,0,Overcast
21200505,18,20,52%,Quiet,,0,Overcast
21200505,19,18,59%,Northeast,<12km/h,2,Overcast
21200505,20,10,,Southeast,,<3,Cloudy
21200505,21,16,73%,Northeast,<12km/h,1,Sunny
21200505,22,10,,Southeast,,<3,Cloudy
21200505,23,10,,Southeast,,<3,Cloudy
21200506,00,5,,,,<3,Sunny
21200506,01,9,71%,East,<12km/h,1,Sunny
21200506,02,5,,,,<3,Sunny
21200506,03,8,71%,North,<12km/h,2,Sunny
21200506,04,11,49%,Northeast,<12km/h,3,Sunny
21200506,05,11,53%,West,<12km/h,2,Sunny
21200506,06,12,,,,<3,Sunny
21200506,07,5,87%,Northeast,<12km/h,1,Sunny
21200506,08,5,79%,Quiet,,0,Sunny
21200506,09,9,71%,South,<12km/h,1,Sunny
21200506,10,12,45%,Northwest,<12km/h,3,Sunny
21200506,11,12,,,,<3,Sunny
21200506,12,15,39%,Northeast,<12km/h,2,Sunny
21200506,13,12,,,,<3,Sunny
21200506,14,14,40%,Northeast,<12km/h,2,Sunny
21200506,15,13,44%,North,<12km/h,1,Sunny
21200506,16,16,34%,North,<12km/h,1,Sunny
21200506,17,14,40%,North,<12km/h,2,Sunny
21200506,18,11,50%,Quiet,,0,Sunny
21200506,19,11,65%,Southeast,<12km/h,2,Sunny
21200506,20,9,64%,Southeast,<12km/h,1,Sunny
21200506,21,8,69%,North,<12km/h,1,Sunny
21200506,22,9,66%,Northeast,<12km/h,1,Sunny
21200506,23,4,,,,<3,Overcast
21200507,00,14,80%,Quiet,,0,Sunny
21200507,01,14,81%,North,<12km/h,1,Sunny
21200507,02,15,73%,Quiet,,0,Sunny
21200507,03,14,68%,North,<12km/h,2,Cloudy
21200507,04,16,53%,Northeast,<12km/h,2,Sunny
21200507,05,13,64%,North,<12km/h,2,Sunny
21200507,06,11,69%,Northeast,<12km/h,1,Sunny
21200507,07,13,70%,Northeast,<12km/h,1,Sunny
21200507,08,11,84%,Quiet,,0,Sunny
21200507,09,15,48%,Quiet,,0,Sunny
21200507,10,17,44%,North,<12km/h,1,Sunny
21200507,11,18,45%,East,<12km/h,2,Sunny
21200507,12,18,32%,West,<12km/h,2,Sunny
21200507,13,20,23%,West,<12km/h,2,Sunny
21200507,14,21,20%,South,<12km/h,2,Sunny
21200507,15,22,20%,Quiet,,0,Sunny
21200507,16,19,,Southeast,,<3,Sunny
21200507,17,17,28%,Northeast,<12km/h,1,Sunny
21200507,18,15,45%,South,<12km/h,1,Sunny
21200507,19,13,52%,Northeast,<12km/h,1,Sunny
21200507,20,11,57%,Southwest,<12km/h,1,Sunny
21200507,21,11,65%,Northeast,<12km/h,1,Sunny
21200507,22,5,,Southeast,,<3,Sunny
21200507,23,10,72%,Quiet,,0,Sunny
21200508,00,11,72%,South,<12km/h,1,Sunny
21200508,01,5,,Southeast,,<3,Sunny
21200508,02,7,84%,Northeast,<12km/h,1,Sunny
21200508,03,7,86%,Quiet,,0,Sunny
21200508,04,7,82%,North,<12km/h,1,Sunny
21200508,05,8,84%,Quiet,,0,Sunny
21200508,06,6,92%,Northeast,<12km/h,1,Sunny
21200508,07,9,82%,South,<12km/h,1,Sunny
21200508,08,8,77%,Quiet,,0,Sunny
21200508,09,14,60%,South,<12km/h,1,Sunny
21200508,10,14,54%,Quiet,,0,Sunny
21200508,11,17,48%,Northeast,<12km/h,1,Sunny
21200508,12,20,40%,Northwest,<12km/h,1,Sunny
21200508,13,23,33%,Quiet,,0,Sunny
21200508,14,25,28%,North,<12km/h,2,Sunny
21200508,15,25,26%,Northeast,<12km/h,1,Sunny
21200508,16,24,26%,South,<12km/h,1,Sunny
21200508,17,21,41%,Southwest,<12km/h,1,Sunny
21200508,18,19,42%,Quiet,,0,Sunny
21200508,19,15,62%,Quiet,,0,Sunny
21200508,20,14,64%,East,<12km/h,1,Sunny
21200508,21,12,69%,Quiet,,0,Sunny
21200508,22,12,73%,Northeast,<12km/h,1,Sunny
21200508,23,13,67%,Quiet,,0,Sunny
21200509,00,14,77%,North,<12km/h,1,Sunny
21200509,01,15,73%,North,<12km/h,1,Sunny
21200509,02,13,84%,North,<12km/h,1,Sunny
21200509,03,11,94%,Northeast,<12km/h,1,Sunny
21200509,04,11,97%,East,<12km/h,2,Cloudy
21200509,05,11,98%,Quiet,,0,Cloudy
21200509,06,12,98%,Quiet,,0,Cloudy
21200509,07,10,97%,Northeast,<12km/h,1,Sunny
21200509,08,15,85%,Southwest,<12km/h,1,Cloudy
21200509,09,13,94%,East,<12km/h,2,Cloudy
21200509,10,18,63%,Northwest,<12km/h,1,Sunny
21200509,11,25,,,,<3,Cloudy
21200509,12,25,27%,Southwest,<12km/h,2,Cloudy
21200509,13,26,35%,North,<12km/h,1,Cloudy
21200509,14,26,34%,Northeast,<12km/h,1,Cloudy
21200509,15,25,46%,East,<12km/h,3,Cloudy
21200509,16,25,41%,Northeast,<12km/h,2,Cloudy
21200509,17,24,48%,East,<12km/h,3,Cloudy
21200509,18,21,61%,Quiet,,0,Cloudy
21200509,19,19,67%,Quiet,,0,Cloudy
21200509,20,20,70%,Southeast,<12km/h,3,Cloudy
21200509,21,19,67%,Southeast,<12km/h,3,Overcast
21200509,22,17,83%,Southeast,<12km/h,2,Overcast
21200509,23,16,85%,Quiet,,0,Overcast
21200510,00,7,,Southeast,,<3,Sunny
21200510,01,10,79%,South,<12km/h,1,Sunny
21200510,02,10,88%,East,<12km/h,1,Sunny
21200510,03,10,88%,Quiet,,0,Sunny
21200510,04,11,83%,Quiet,,0,Sunny
21200510,05,9,93%,Northeast,<12km/h,1,Sunny
21200510,06,8,95%,East,<12km/h,1,Sunny
21200510,07,8,97%,Quiet,,0,Sunny
21200510,08,10,84%,Quiet,,0,Sunny
21200510,09,14,67%,Quiet,,0,Sunny
21200510,10,18,56%,West,<12km/h,2,Cloudy
21200510,11,21,47%,East,<12km/h,2,Sunny
21200510,12,22,42%,North,<12km/h,1,Sunny
21200510,13,24,36%,Northeast,<12km/h,2,Sunny
21200510,14,28,25%,Northwest,<12km/h,1,Sunny
21200510,15,27,26%,Southwest,<12km/h,2,Sunny
21200510,16,27,31%,Quiet,,0,Sunny
21200510,17,22,44%,South,<12km/h,1,Sunny
21200510,18,21,45%,Northwest,<12km/h,1,Sunny
21200510,19,16,62%,Quiet,,0,Sunny
21200510,20,16,59%,Northeast,<12km/h,1,Sunny
21200510,21,14,71%,Quiet,,0,Sunny
21200510,22,16,71%,Quiet,,0,Sunny
21200510,23,13,81%,Quiet,,0,Sunny
21200511,00,10,,Southeast,,<3,Sunny
21200511,01,10,87%,Quiet,,0,Sunny
21200511,02,11,88%,Southwest,<12km/h,2,Sunny
21200511,03,14,79%,Northeast,<12km/h,1,Sunny
21200511,04,9,88%,Northwest,<12km/h,1,Sunny
21200511,05,9,89%,Northwest,<12km/h,1,Sunny
21200511,06,11,91%,North,<12km/h,1,Sunny
21200511,07,13,92%,East,<12km/h,1,Cloudy
21200511,08,17,75%,Quiet,,0,Cloudy
21200511,09,17,67%,Northwest,<12km/h,1,Sunny
21200511,10,20,57%,North,<12km/h,1,Sunny
21200511,11,24,44%,Northeast,<12km/h,1,Sunny
21200511,12,28,30%,Northeast,<12km/h,2,Sunny
21200511,13,27,43%,Quiet,,0,Sunny
21200511,14,30,24%,Northeast,<12km/h,1,Sunny
21200511,15,29,39%,West,<12km/h,1,Sunny
21200511,16,30,37%,Quiet,,0,Sunny
21200511,17,25,37%,Quiet,,0,Sunny
21200511,18,21,50%,West,<12km/h,1,Sunny
21200511,19,21,64%,Northeast,<12km/h,1,Sunny
21200511,20,18,71%,Quiet,,0,Sunny
21200511,21,17,76%,Quiet,,0,Sunny
21200511,22,17,80%,Quiet,,0,Sunny
21200511,23,18,72%,Quiet,,0,Cloudy
21200512,00,17,74%,South,<12km/h,1,Cloudy
21200512,01,18,72%,North,<12km/h,1,Cloudy
21200512,02,21,62%,Northeast,<12km/h,2,Cloudy
21200512,03,18,67%,Quiet,,0,Sunny
21200512,04,19,64%,East,<12km/h,1,Sunny
21200512,05,17,64%,North,<12km/h,2,Cloudy
21200512,06,18,66%,Northwest,<12km/h,2,Overcast
21200512,07,17,64%,Northeast,<12km/h,2,Overcast
21200512,08,16,65%,Northwest,<12km/h,2,Overcast
21200512,09,15,66%,North,<12km/h,3,Overcast
21200512,10,15,64%,Quiet,,0,Overcast
21200512,11,16,63%,Northwest,<12km/h,3,Cloudy
21200512,12,14,70%,Northwest,<12km/h,3,Overcast
21200512,13,14,67%,Northeast,<12km/h,2,Overcast
21200512,14,12,68%,North,<12km/h,3,Cloudy
21200512,15,12,78%,Northeast,<12km/h,2,Overcast
21200512,16,13,69%,North,<12km/h,2,Overcast
21200512,17,12,67%,North,<12km/h,2,Cloudy
21200512,18,12,68%,Northeast,<12km/h,3,Cloudy
21200512,19,11,69%,Northeast,<12km/h,2,Cloudy
21200512,20,11,70%,North,<12km/h,2,Cloudy
21200512,21,9,56%,North,<12km/h,2,Cloudy
21200512,22,10,53%,North,<12km/h,2,Cloudy
21200512,23,12,44%,Northwest,<12km/h,2,Sunny
21200513,00,11,88%,Quiet,,0,Sunny
21200513,01,10,92%,Northeast,<12km/h,1,Sunny
21200513,02,10,93%,East,<12km/h,1,Sunny
21200513,03,10,91%,Quiet,,0,Sunny
21200513,04,9,94%,Northeast,<12km/h,1,Sunny
21200513,05,9,95%,Quiet,,0,Sunny
21200513,06,9,96%,Southeast,<12km/h,2,Cloudy
21200513,07,8,96%,Northeast,<12km/h,1,Sunny
21200513,08,11,91%,East,<12km/h,2,Cloudy
21200513,09,13,74%,Northwest,<12km/h,1,Sunny
21200513,10,15,66%,East,<12km/h,3,Cloudy
21200513,11,22,,,,<3,Overcast
21200513,12,19,52%,Southeast,<12km/h,1,Cloudy
21200513,13,21,52%,North,<12km/h,1,Cloudy
21200513,14,22,,,,<3,Overcast
21200513,15,23,43%,East,16-24km/h,4,Cloudy
21200513,16,20,50%,Quiet,,0,Cloudy
21200513,17,20,51%,North,<12km/h,3,Cloudy
21200513,18,19,59%,East,16-24km/h,4,Cloudy
21200513,19,19,63%,East,<12km/h,1,Cloudy
21200513,20,19,60%,East,<12km/h,3,Overcast
21200513,21,12,,,,<3,Overcast
21200513,22,17,69%,West,<12km/h,1,Overcast
21200513,23,16,75%,Northeast,<12km/h,3,Overcast
21200514,00,11,47%,Northeast,<12km/h,2,Sunny
21200514,01,10,43%,Northwest,<12km/h,2,Cloudy
21200514,02,10,53%,North,<12km/h,2,Cloudy
21200514,03,10,56%,Northeast,<12km/h,2,Cloudy
21200514,04,8,60%,Northeast,<12km/h,1,Sunny
21200514,05,8,53%,Northeast,<12km/h,2,Sunny
21200514,06,15,,,,<3,Sunny
21200514,07,6,79%,Northeast,<12km/h,2,Sunny
21200514,08,8,65%,North,<12km/h,1,Sunny
21200514,09,9,56%,North,<12km/h,2,Sunny
21200514,10,11,47%,North,<12km/h,1,Sunny
21200514,11,11,49%,North,<12km/h,1,Sunny
21200514,12,14,32%,Northeast,<12km/h,1,Sunny
21200514,13,15,31%,North,<12km/h,2,Sunny
21200514,14,17,30%,Northeast,<12km/h,1,Sunny
21200514,15,17,29%,North,<12km/h,2,Sunny
21200514,16,15,29%,Northeast,<12km/h,2,Sunny
21200514,17,13,36%,Northeast,<12km/h,2,Sunny
21200514,18,13,33%,Northeast,<12km/h,2,Sunny
21200514,19,2,,,,<3,Sunny
21200514,20,2,,,,<3,Sunny
21200514,21,10,49%,Northwest,<12km/h,1,Sunny
21200514,22,2,,,,<3,Sunny
21200514,23,11,45%,East,<12km/h,2,Sunny
21200515,00,7,65%,Quiet,,0,Sunny
21200515,01,10,48%,East,<12km/h,3,Sunny
21200515,02,5,77%,Quiet,,0,Sunny
21200515,03,9,61%,West,<12km/h,2,Sunny
21200515,04,5,80%,Quiet,,0,Sunny
21200515,05,8,55%,Northeast,<12km/h,2,Sunny
21200515,06,9,58%,Northeast,<12km/h,2,Sunny
21200515,07,4,85%,Northeast,<12km/h,1,Sunny
21200515,08,6,77%,Quiet,,0,Cloudy
21200515,09,9,58%,North,<12km/h,1,Sunny
21200515,10,10,59%,South,<12km/h,2,Cloudy
21200515,11,17,,,,<3,Cloudy
21200515,12,15,44%,Northeast,<12km/h,1,Cloudy
21200515,13,16,47%,Southeast,<12km/h,1,Overcast
21200515,14,17,42%,East,<12km/h,2,Cloudy
21200515,15,17,43%,East,<12km/h,2,Cloudy
21200515,16,16,47%,East,<12km/h,2,Cloudy
21200515,17,14,50%,East,<12km/h,3,Sunny
21200515,18,14,51%,Northwest,<12km/h,1,Cloudy
21200515,19,14,53%,East,<12km/h,2,Cloudy
21200515,20,5,,,,<3,Overcast
21200515,21,14,51%,Northeast,<12km/h,2,Sunny
21200515,22,14,61%,Quiet,,0,Overcast
21200515,23,14,55%,Northwest,<12km/h,1,Cloudy
21200516,00,10,92%,Northeast,<12km/h,1,Sunny
21200516,01,10,94%,East,<12km/h,1,Sunny
21200516,02,8,97%,East,<12km/h,1,Sunny
21200516,03,9,96%,Northeast,<12km/h,1,Sunny
21200516,04,9,92%,East,<12km/h,1,Sunny
21200516,05,8,98%,North,<12km/h,1,Sunny
21200516,06,7,93%,Quiet,,0,Sunny
21200516,07,9,94%,Southeast,<12km/h,1,Cloudy
21200516,08,9,96%,Northeast,<12km/h,1,Sunny
21200516,09,10,92%,Northeast,<12km/h,1,Sunny
21200516,10,14,73%,Northwest,<12km/h,1,Sunny
21200516,11,16,63%,Southwest,<12km/h,1,Cloudy
21200516,12,19,43%,Northeast,<12km/h,1,Cloudy
21200516,13,20,40%,Northwest,<12km/h,1,Cloudy
21200516,14,19,43%,Northwest,<12km/h,1,Cloudy
21200516,15,22,34%,Northwest,<12km/h,1,Cloudy
21200516,16,22,37%,South,<12km/h,1,Cloudy
21200516,17,19,40%,West,<12km/h,1,Cloudy
21200516,18,15,47%,Quiet,,0,Cloudy
21200516,19,13,56%,Quiet,,0,Cloudy
21200516,20,12,75%,Northeast,<12km/h,1,Overcast
21200516,21,12,74%,North,<12km/h,1,Overcast
21200516,22,9,74%,Quiet,,0,Overcast
21200516,23,9,84%,East,<12km/h,1,Overcast
21200517,00,14,53%,Northeast,<12km/h,2,Sunny
21200517,01,12,67%,Southeast,<12km/h,1,Cloudy
21200517,02,12,68%,Quiet,,0,Cloudy
21200517,03,13,59%,Northeast,<12km/h,1,Cloudy
21200517,04,11,72%,Quiet,,0,Cloudy
21200517,05,12,67%,Northeast,<12km/h,1,Cloudy
21200517,06,13,63%,Quiet,,0,Cloudy
21200517,07,9,74%,West,<12km/h,2,Cloudy
21200517,08,13,68%,Quiet,,0,Cloudy
21200517,09,12,70%,Quiet,,0,Cloudy
21200517,10,15,56%,North,<12km/h,1,Cloudy
21200517,11,17,50%,Northeast,<12km/h,2,Sunny
21200517,12,18,49%,Southwest,<12km/h,1,Cloudy
21200517,13,20,43%,Northeast,<12km/h,2,Cloudy
21200517,14,17,52%,Southeast,<12km/h,1,Cloudy
21200517,15,21,44%,Northeast,<12km/h,2,Cloudy
21200517,16,19,46%,Southeast,<12km/h,2,Sunny
21200517,17,17,57%,East,<12km/h,2,Cloudy
21200517,18,17,56%,Northeast,<12km/h,2,Sunny
21200517,19,15,65%,West,<12km/h,1,Sunny
21200517,20,13,74%,Quiet,,0,Sunny
21200517,21,7,,,,<3,Sunny
21200517,22,11,85%,Northeast,<12km/h,1,Sunny
21200517,23,10,86%,Quiet,,0,Sunny
21200518,00,11,84%,Quiet,,0,Sunny
21200518,01,9,93%,Northeast,<12km/h,1,Sunny
21200518,02,10,90%,East,<12km/h,1,Sunny
21200518,03,8,91%,Quiet,,0,Sunny
21200518,04,8,96%,North,<12km/h,1,Sunny
21200518,05,7,92%,Northwest,<12km/h,1,Sunny
21200518,06,8,98%,Quiet,,0,Sunny
21200518,07,7,95%,Quiet,,0,Sunny
21200518,08,14,73%,Northwest,<12km/h,3,Sunny
21200518,09,11,85%,Quiet,,0,Sunny
21200518,10,16,60%,Northeast,<12km/h,2,Sunny
21200518,11,22,,,,<3,Sunny
21200518,12,19,53%,Southeast,<12km/h,1,Sunny
21200518,13,20,57%,Quiet,,0,Sunny
21200518,14,21,52%,Southwest,<12km/h,1,Cloudy
21200518,15,17,67%,Quiet,,0,Cloudy
21200518,16,19,60%,Quiet,,0,Sunny
21200518,17,20,61%,Northeast,<12km/h,1,Sunny
21200518,18,18,70%,Quiet,,0,Cloudy
21200518,19,19,69%,Northeast,<12km/h,3,Cloudy
21200518,20,15,82%,Quiet,,0,Cloudy
21200518,21,17,75%,Quiet,,0,Sunny
21200518,22,17,76%,Quiet,,0,Sunny
21200518,23,15,84%,Quiet,,0,Cloudy
21200519,00,16,84%,East,<12km/h,1,Cloudy
21200519,01,15,82%,Northeast,<12km/h,1,Cloudy
21200519,02,15,84%,Quiet,,0,Cloudy
21200519,03,15,82%,North,<12km/h,1,Cloudy
21200519,04,16,84%,South,<12km/h,1,Cloudy
21200519,05,15,83%,South,<12km/h,1,Cloudy
21200519,06,15,85%,Quiet,,0,Cloudy
21200519,07,14,87%,South,<12km/h,1,Cloudy
21200519,08,24,,,,<3,Cloudy
21200519,09,20,68%,North,<12km/h,1,Cloudy
21200519,10,21,62%,North,<12km/h,1,Cloudy
21200519,11,21,64%,Southwest,<12km/h,1,Cloudy
21200519,12,24,56%,North,<12km/h,1,Cloudy
21200519,13,25,53%,Quiet,,0,Cloudy
21200519,14,25,51%,North,<12km/h,1,Cloudy
21200519,15,26,48%,Northwest,<12km/h,1,Cloudy
21200519,16,26,49%,Northwest,<12km/h,2,Cloudy
21200519,17,23,62%,East,<12km/h,2,Sunny
21200519,18,21,69%,Quiet,,0,Cloudy
21200519,19,19,76%,Quiet,,0,Cloudy
21200519,20,17,84%,Quiet,,0,Sunny
21200519,21,17,89%,Quiet,,0,Sunny
21200519,22,16,91%,Quiet,,0,Sunny
21200519,23,15,94%,Quiet,,0,Sunny
21200520,00,12,87%,North,<12km/h,1,Sunny
21200520,01,13,84%,South,<12km/h,2,Sunny
21200520,02,10,89%,North,<12km/h,1,Sunny
21200520,03,11,91%,Northeast,<12km/h,1,Sunny
21200520,04,10,,,,<3,Overcast
21200520,05,11,99%,South,<12km/h,1,Sunny
21200520,06,11,91%,Northeast,<12km/h,1,Cloudy
21200520,07,9,92%,South,<12km/h,1,Sunny
21200520,08,13,87%,East,<12km/h,1,Sunny
21200520,09,16,78%,Southeast,<12km/h,1,Sunny
21200520,10,19,64%,South,<12km/h,1,Sunny
21200520,11,21,49%,North,<12km/h,1,Sunny
21200520,12,19,52%,North,<12km/h,2,Cloudy
21200520,13,20,45%,Northwest,<12km/h,2,Cloudy
21200520,14,21,41%,Southeast,<12km/h,1,Sunny
21200520,15,22,41%,Northeast,16-24km/h,4,Sunny
21200520,16,20,44%,Northeast,<12km/h,1,Sunny
21200520,17,19,43%,Northeast,<12km/h,3,Sunny
21200520,18,17,53%,Quiet,,0,Sunny
21200520,19,8,,,,<3,Cloudy
21200520,20,15,65%,Northwest,<12km/h,1,Sunny
21200520,21,13,77%,Northeast,<12km/h,3,Cloudy
21200520,22,12,80%,Northeast,<12km/h,2,Cloudy
21200520,23,11,87%,East,<12km/h,1,Sunny
21200521,00,16,91%,Quiet,,0,Sunny
21200521,01,14,97%,Quiet,,0,Sunny
21200521,02,15,93%,Quiet,,0,Sunny
21200521,03,13,95%,Quiet,,0,Sunny
21200521,04,14,98%,Quiet,,0,Sunny
21200521,05,14,99%,Quiet,,0,Fog
21200521,06,13,99%,Quiet,,0,Fog
21200521,07,13,99%,North,<12km/h,1,Fog
21200521,08,14,99%,Quiet,,0,Sunny
21200521,09,18,74%,Quiet,,0,Sunny
21200521,10,19,79%,Southwest,<12km/h,1,Sunny
21200521,11,24,63%,West,<12km/h,2,Sunny
21200521,12,25,52%,Northwest,<12km/h,1,Sunny
21200521,13,26,,,,<3,Overcast
21200521,14,28,43%,East,<12km/h,2,Cloudy
21200521,15,26,42%,Northeast,<12km/h,2,Cloudy
21200521,16,25,51%,North,<12km/h,2,Cloudy
21200521,17,24,46%,Northeast,<12km/h,2,Cloudy
21200521,18,22,62%,Quiet,,0,Cloudy
21200521,19,21,62%,Quiet,,0,Cloudy
21200521,20,18,75%,Southeast,<12km/h,1,Overcast
21200521,21,21,58%,Northeast,<12km/h,2,Cloudy
21200521,22,21,61%,Northeast,<12km/h,3,Overcast
21200521,23,20,65%,West,<12km/h,2,Overcast
21200522,00,21,61%,East,<12km/h,3,Overcast
21200522,01,20,84%,Southeast,<12km/h,1,Cloudy
21200522,02,18,71%,Northeast,<12km/h,2,Overcast
21200522,03,17,69%,Northeast,<12km/h,2,Overcast
21200522,04,17,70%,North,<12km/h,1,Overcast
21200522,05,15,69%,Northeast,<12km/h,2,Overcast
21200522,06,17,75%,Northwest,<12km/h,2,Overcast
21200522,07,14,78%,Northwest,<12km/h,1,Overcast
21200522,08,14,68%,Northeast,<12km/h,2,Overcast
21200522,09,13,77%,North,<12km/h,3,Overcast
21200522,10,12,82%,North,<12km/h,3,Overcast
21200522,11,14,73%,Northwest,<12km/h,2,Overcast
21200522,12,12,66%,Northeast,<12km/h,2,Overcast
21200522,13,12,68%,Northeast,<12km/h,2,Overcast
21200522,14,11,67%,Northeast,<12km/h,1,Overcast
21200522,15,11,69%,Northeast,<12km/h,2,Overcast
21200522,16,9,77%,North,<12km/h,2,Overcast
21200522,17,10,75%,Northeast,<12km/h,2,Overcast
21200522,18,10,74%,West,<12km/h,1,Overcast
21200522,19,9,79%,North,<12km/h,2,Overcast
21200522,20,8,77%,Northwest,<12km/h,2,Cloudy
21200522,21,9,75%,Northeast,<12km/h,1,Overcast
21200522,22,9,78%,North,<12km/h,1,Overcast
21200522,23,9,81%,Northeast,<12km/h,2,Overcast
21200523,00,8,83%,Quiet,,0,Overcast
21200523,01,7,83%,North,<12km/h,1,Overcast
21200523,02,7,96%,Northeast,<12km/h,1,Overcast
21200523,03,7,91%,Quiet,,0,Overcast
21200523,04,5,90%,Northwest,<12km/h,1,Overcast
21200523,05,23,,,,<3,Overcast
21200523,06,23,,,,<3,Overcast
21200523,07,23,,,,<3,Overcast
21200523,08,23,,,,<3,Overcast
21200523,09,23,,,,<3,Overcast
21200523,10,16,54%,Southeast,<12km/h,1,Cloudy
21200523,11,18,51%,North,<12km/h,1,Cloudy
21200523,12,19,44%,North,<12km/h,1,Cloudy
21200523,13,23,31%,Northwest,<12km/h,2,Cloudy
21200523,14,22,34%,Northwest,<12km/h,2,Cloudy
21200523,15,23,32%,North,<12km/h,1,Cloudy
21200523,16,23,33%,East,<12km/h,1,Cloudy
21200523,17,21,37%,Southeast,<12km/h,1,Cloudy
21200523,18,18,53%,Northwest,<12km/h,1,Cloudy
21200523,19,15,55%,West,<12km/h,1,Cloudy
21200523,20,13,68%,North,<12km/h,1,Overcast
21200523,21,14,68%,Northeast,<12km/h,1,Overcast
21200523,22,11,82%,Northeast,<12km/h,1,Overcast
21200523,23,10,77%,Quiet,,0,Cloudy
21200524,00,10,73%,East,<12km/h,2,Cloudy
21200524,01,9,75%,Northeast,<12km/h,1,Overcast
21200524,02,9,75%,East,<12km/h,2,Overcast
21200524,03,8,79%,East,<12km/h,1,Overcast
21200524,04,9,77%,Northeast,<12km/h,1,Overcast
21200524,05,9,81%,Northeast,<12km/h,1,Cloudy
21200524,06,8,78%,Northeast,<12km/h,1,Overcast
21200524,07,9,76%,East,<12km/h,2,Overcast
21200524,08,9,80%,Quiet,,0,Cloudy
21200524,09,10,72%,Southeast,<12km/h,1,Overcast
21200524,10,11,70%,Quiet,,0,Overcast
21200524,11,12,68%,East,<12km/h,2,Overcast
21200524,12,12,69%,East,<12km/h,2,Overcast
21200524,13,16,62%,East,<12km/h,2,Overcast
21200524,14,13,67%,North,<12km/h,2,Overcast
21200524,15,12,70%,North,<12km/h,2,Overcast
21200524,16,12,71%,Northeast,<12km/h,1,Overcast
21200524,17,13,68%,Northeast,<12km/h,1,Overcast
21200524,18,12,73%,Northeast,<12km/h,2,Overcast
21200524,19,12,74%,Northeast,<12km/h,2,Overcast
21200524,20,11,79%,Quiet,,0,Overcast
21200524,21,10,78%,North,<12km/h,1,Overcast
21200524,22,11,83%,Northeast,<12km/h,1,Overcast
21200524,23,11,75%,East,<12km/h,1,Cloudy
21200525,00,11,76%,Northeast,<12km/h,1,Cloudy
21200525,01,11,84%,Quiet,,0,Overcast
21200525,02,10,83%,Northeast,<12km/h,1,Cloudy
21200525,03,11,79%,Quiet,,0,Cloudy
21200525,04,11,77%,Northeast,<12km/h,1,Cloudy
21200525,05,11,78%,North,<12km/h,1,Overcast
21200525,06,13,77%,Northwest,<12km/h,1,Cloudy
21200525,07,11,84%,East,<12km/h,1,Cloudy
21200525,08,11,81%,Quiet,,0,Cloudy
21200525,09,12,76%,Quiet,,0,Cloudy
21200525,10,13,77%,Quiet,,0,Cloudy
21200525,11,14,69%,South,<12km/h,1,Cloudy
21200525,12,15,70%,North,<12km/h,2,Overcast
21200525,13,14,71%,Northeast,<12km/h,2,Overcast
21200525,14,14,70%,East,<12km/h,2,Overcast
21200525,15,13,74%,North,<12km/h,1,Overcast
21200525,16,13,76%,North,<12km/h,2,Cloudy
21200525,17,11,91%,Northwest,<12km/h,2,Overcast
21200525,18,11,92%,North,<12km/h,2,Rain
21200525,19,10,92%,Northwest,<12km/h,3,Rain
21200525,20,9,91%,Northeast,<12km/h,1,Rain
21200525,21,10,92%,Quiet,,0,Rain
21200525,22,10,91%,Northeast,<12km/h,2,Rain
21200525,23,11,83%,Northwest,<12km/h,3,Overcast
21200526,00,10,88%,East,<12km/h,1,Rain
21200526,01,8,81%,North,<12km/h,1,Overcast
21200526,02,7,94%,North,<12km/h,2,Rain
21200526,03,8,77%,North,<12km/h,1,Overcast
21200526,04,8,81%,Northwest,<12km/h,2,Overcast
21200526,05,9,91%,Southeast,<12km/h,1,Rain
21200526,06,8,90%,Northeast,<12km/h,1,Overcast
21200526,07,10,72%,Northwest,<12km/h,2,Overcast
21200526,08,8,86%,East,<12km/h,1,Overcast
21200526,09,9,82%,East,<12km/h,1,Overcast
21200526,10,9,76%,East,<12km/h,2,Overcast
21200526,11,9,70%,Northeast,<12km/h,2,Overcast
21200526,12,8,78%,North,<12km/h,3,Overcast
21200526,13,9,74%,North,<12km/h,2,Overcast
21200526,14,9,67%,North,<12km/h,2,Overcast
21200526,15,9,72%,Northeast,<12km/h,1,Sunny
21200526,16,8,74%,North,<12km/h,2,Overcast
21200526,17,9,65%,Northeast,<12km/h,1,Sunny
21200526,18,3,,,,<3,Sunny
21200526,19,3,,,,<3,Sunny
21200526,20,3,,,,<3,Sunny
21200526,21,3,,,,<3,Sunny
21200526,22,3,,,,<3,Sunny
21200526,23,3,,,,<3,Sunny
21200527,00,15,81%,Quiet,,0,Sunny
21200527,01,14,85%,Northeast,<12km/h,1,Sunny
21200527,02,14,83%,Quiet,,0,Sunny
21200527,03,10,93%,Southeast,<12km/h,1,Overcast
21200527,04,10,,Southeast,,<3,Cloudy
21200527,05,11,96%,Quiet,,0,Sunny
21200527,06,10,92%,South,<12km/h,1,Sunny
21200527,07,23,,,,<3,Overcast
21200527,08,12,96%,Quiet,,0,Sunny
21200527,09,17,72%,South,<12km/h,1,Overcast
21200527,10,20,58%,North,<12km/h,2,Overcast
21200527,11,20,55%,Southwest,<12km/h,1,Cloudy
21200527,12,22,50%,Northwest,<12km/h,2,Cloudy
21200527,13,19,56%,Southeast,<12km/h,1,Cloudy
21200527,14,20,52%,Northwest,<12km/h,3,Overcast
21200527,15,20,52%,Northwest,<12km/h,3,Overcast
21200527,16,19,55%,North,<12km/h,1,Overcast
21200527,17,20,52%,Northeast,<12km/h,2,Overcast
21200527,18,19,50%,North,<12km/h,2,Overcast
21200527,19,16,72%,Quiet,,0,Overcast
21200527,20,15,74%,Quiet,,0,Cloudy
21200527,21,18,62%,Southeast,<12km/h,1,Sunny
21200527,22,14,78%,North,<12km/h,1,Cloudy
21200527,23,16,71%,Quiet,,0,Sunny
21200528,00,3,,,,<3,Sunny
21200528,01,3,,,,<3,Sunny
21200528,02,3,,,,<3,Sunny
21200528,03,3,,,,<3,Sunny
21200528,04,3,,,,<3,Sunny
21200528,05,3,,,,<3,Sunny
21200528,06,13,,,,<3,Overcast
21200528,07,13,,,,<3,Overcast
21200528,08,5,81%,West,<12km/h,2,Sunny
21200528,09,7,71%,Northeast,<12km/h,2,Cloudy
21200528,10,10,62%,South,<12km/h,1,Sunny
21200528,11,10,60%,Northeast,<12km/h,2,Cloudy
21200528,12,10,60%,Northeast,<12km/h,1,Cloudy
21200528,13,11,60%,Northwest,<12km/h,1,Cloudy
21200528,14,12,58%,North,<12km/h,1,Cloudy
21200528,15,13,54%,South,<12km/h,1,Cloudy
21200528,16,13,57%,North,<12km/h,1,Cloudy
21200528,17,10,66%,North,<12km/h,2,Sunny
21200528,18,9,77%,Quiet,,0,Cloudy
21200528,19,8,82%,Northeast,<12km/h,1,Cloudy
21200528,20,7,85%,Quiet,,0,Cloudy
21200528,21,7,86%,Quiet,,0,Sunny
21200528,22,7,86%,East,<12km/h,1,Sunny
21200528,23,9,82%,Quiet,,0,Overcast
21200529,00,9,82%,Quiet,,0,Sunny
21200529,01,11,73%,East,<12km/h,1,Cloudy
21200529,02,9,83%,Quiet,,0,Cloudy
21200529,03,9,82%,East,<12km/h,1,Cloudy
21200529,04,9,85%,Quiet,,0,Cloudy
21200529,05,9,87%,Quiet,,0,Overcast
21200529,06,9,86%,North,<12km/h,1,Overcast
21200529,07,9,85%,Northeast,<12km/h,2,Overcast
21200529,08,9,94%,Quiet,,0,Cloudy
21200529,09,9,87%,West,<12km/h,1,Overcast
21200529,10,10,81%,Quiet,,0,Overcast
21200529,11,11,75%,Northeast,<12km/h,2,Cloudy
21200529,12,12,74%,Northeast,<12km/h,1,Overcast
21200529,13,12,74%,Quiet,,0,Cloudy
21200529,14,12,79%,Quiet,,0,Overcast
21200529,15,12,79%,Northeast,<12km/h,1,Cloudy
21200529,16,11,90%,Quiet,,0,Overcast
21200529,17,11,84%,Northeast,<12km/h,1,Overcast
21200529,18,11,88%,Quiet,,0,Overcast
21200529,19,11,88%,Quiet,,0,Overcast
21200529,20,10,93%,Quiet,,0,Rain
21200529,21,11,94%,Quiet,,0,Rain
21200529,22,12,95%,Quiet,,0,Overcast
21200529,23,11,94%,Quiet,,0,Overcast
21200530,00,18,73%,Southeast,<12km/h,3,Overcast
21200530,01,15,79%,East,<12km/h,2,Sunny
21200530,02,15,87%,East,<12km/h,1,Cloudy
21200530,03,17,84%,Quiet,,0,Sunny
21200530,04,15,90%,Northeast,<12km/h,1,Cloudy
21200530,05,15,93%,South,<12km/h,2,Overcast
21200530,06,15,93%,Northeast,<12km/h,1,Overcast
21200530,07,15,93%,Northwest,<12km/h,1,Overcast
21200530,08,15,91%,North,<12km/h,2,Cloudy
21200530,09,19,68%,North,<12km/h,1,Overcast
21200530,10,17,93%,Quiet,,0,Rain
21200530,11,19,71%,North,<12km/h,2,Overcast
21200530,12,20,67%,Northwest,<12km/h,2,Overcast
21200530,13,20,72%,Northeast,<12km/h,3,Rain
21200530,14,18,86%,Quiet,,0,Cloudy
21200530,15,18,84%,Quiet,,0,Overcast
21200530,16,20,63%,Quiet,,0,Overcast
21200530,17,18,87%,Quiet,,0,Cloudy
21200530,18,16,93%,Southeast,16-24km/h,4,Sunny
21200530,19,18,74%,Northeast,<12km/h,1,Sunny
21200530,20,16,92%,North,<12km/h,3,Sunny
21200530,21,14,97%,Quiet,,0,Cloudy
21200530,22,14,84%,Southeast,<12km/h,1,Sunny
21200530,23,14,95%,Quiet,,0,Sunny
21200531,00,11,94%,Quiet,,0,Overcast
21200531,01,10,95%,Quiet,,0,Rain
21200531,02,10,95%,Quiet,,0,Rain
21200531,03,11,95%,Quiet,,0,Overcast
21200531,04,11,99%,Southwest,<12km/h,1,Overcast
21200531,05,11,97%,Quiet,,0,Overcast
21200531,06,11,99%,Quiet,,0,Overcast
21200531,07,13,89%,West,<12km/h,2,Overcast
21200531,08,12,95%,South,<12km/h,1,Overcast
21200531,09,12,90%,Quiet,,0,Overcast
21200531,10,15,,,,<3,Overcast
21200531,11,15,,,,<3,Overcast
21200531,12,12,99%,South,<12km/h,1,Overcast
21200531,13,16,68%,North,<12km/h,2,Overcast
21200531,14,15,,,,<3,Overcast
21200531,15,15,,,,<3,Overcast
21200531,16,14,87%,Quiet,,0,Overcast
21200531,17,13,79%,North,<12km/h,1,Overcast
21200531,18,4,,,,<3,Cloudy
21200531,19,13,76%,Northeast,<12km/h,2,Overcast
21200531,20,8,94%,North,<12km/h,2,Overcast
21200531,21,4,,,,<3,Cloudy
21200531,22,11,72%,Northeast,<12km/h,3,Overcast
21200531,23,10,79%,Northwest,<12km/h,3,Overcast
21200601,00,11,73%,Northwest,<12km/h,2,Cloudy
21200601,01,8,80%,North,<12km/h,3,Overcast
21200601,02,10,64%,Northwest,<12km/h,1,Overcast
21200601,03,4,,,,<3,Cloudy
21200601,04,6,71%,North,<12km/h,3,Overcast
21200601,05,8,70%,North,<12km/h,1,Sunny
21200601,06,5,83%,North,<12km/h,1,Sunny
21200601,07,12,,,,<3,Sunny
21200601,08,8,62%,Northwest,<12km/h,3,Cloudy
21200601,09,10,47%,Northwest,<12km/h,2,Cloudy
21200601,10,11,49%,West,<12km/h,3,Cloudy
21200601,11,10,46%,North,<12km/h,2,Sunny
21200601,12,14,29%,Northeast,<12km/h,2,Sunny
21200601,13,12,,,,<3,Sunny
21200601,14,14,33%,Northeast,<12km/h,2,Overcast
21200601,15,11,34%,North,<12km/h,2,Sunny
21200601,16,13,30%,North,<12km/h,2,Sunny
21200601,17,0,,,,<3,Sunny
21200601,18,10,43%,North,<12km/h,2,Sunny
21200601,19,0,,,,<3,Sunny
21200601,20,6,64%,Quiet,,0,Sunny
21200601,21,0,,,,<3,Sunny
21200601,22,2,89%,East,<12km/h,1,Sunny
21200601,23,1,85%,Northwest,<12km/h,2,Sunny
21200602,00,2,86%,North,<12km/h,1,Sunny
21200602,01,6,73%,West,<12km/h,2,Sunny
21200602,02,5,74%,Quiet,,0,Sunny
21200602,03,1,88%,South,<12km/h,2,Sunny
21200602,04,1,93%,Quiet,,0,Sunny
21200602,05,1,93%,East,<12km/h,1,Sunny
21200602,06,5,68%,West,<12km/h,2,Sunny
21200602,07,0,91%,Quiet,,0,Sunny
21200602,08,5,67%,West,<12km/h,1,Sunny
21200602,09,4,78%,North,<12km/h,1,Overcast
21200602,10,9,42%,Northwest,<12km/h,3,Overcast
21200602,11,12,,,,<3,Sunny
21200602,12,11,30%,Northwest,<12km/h,1,Sunny
21200602,13,14,23%,West,<12km/h,2,Sunny
21200602,14,14,21%,North,<12km/h,2,Sunny
21200602,15,15,21%,Northwest,<12km/h,1,Sunny
21200602,16,13,25%,Northwest,<12km/h,3,Sunny
21200602,17,0,,,,<3,Cloudy
21200602,18,8,54%,South,<12km/h,1,Sunny
21200602,19,5,65%,East,<12km/h,1,Sunny
21200602,20,0,,,,<3,Cloudy
21200602,21,4,75%,Northeast,<12km/h,1,Sunny
21200602,22,7,66%,Northwest,<12km/h,2,Sunny
21200602,23,2,82%,Quiet,,0,Sunny
21200603,00,3,72%,Quiet,,0,Sunny
21200603,01,0,,,,<3,Cloudy
21200603,02,4,77%,West,<12km/h,2,Sunny
21200603,03,0,,,,<3,Cloudy
21200603,04,0,94%,Northeast,<12km/h,1,Sunny
21200603,05,0,,,,<3,Cloudy
21200603,06,14,,,,<3,Sunny
21200603,07,2,84%,Southeast,<12km/h,1,Overcast
21200603,08,3,78%,Quiet,,0,Sunny
21200603,09,6,71%,West,<12km/h,1,Sunny
21200603,10,9,55%,West,<12km/h,2,Sunny
21200603,11,14,,,,<3,Sunny
21200603,12,10,43%,West,<12km/h,2,Cloudy
21200603,13,11,37%,South,<12km/h,1,Cloudy
21200603,14,16,24%,East,<12km/h,2,Sunny
21200603,15,14,,,,<3,Sunny
21200603,16,14,,,,<3,Sunny
21200603,17,12,31%,Northeast,<12km/h,1,Sunny
21200603,18,10,44%,Southeast,<12km/h,1,Sunny
21200603,19,1,,,,<3,Cloudy
21200603,20,7,65%,North,<12km/h,1,Overcast
21200603,21,1,,,,<3,Cloudy
21200603,22,3,67%,Northwest,<12km/h,1,Sunny
21200603,23,5,67%,East,<12km/h,1,Sunny
21200604,00,6,65%,West,<12km/h,1,Sunny
21200604,01,3,82%,Quiet,,0,Sunny
21200604,02,1,,,,<3,Cloudy
21200604,03,1,,,,<3,Cloudy
21200604,04,1,,,,<3,Cloudy
21200604,05,0,85%,Quiet,,0,Sunny
21200604,06,11,,,,<3,Overcast
21200604,07,0,88%,Quiet,,0,Cloudy
21200604,08,4,78%,West,<12km/h,1,Overcast
21200604,09,11,,,,<3,Cloudy
21200604,10,11,,,,<3,Cloudy
21200604,11,11,,,,<3,Cloudy
21200604,12,11,,,,<3,Cloudy
21200604,13,9,49%,Quiet,,0,Cloudy
21200604,14,9,68%,Southeast,<12km/h,2,Overcast
21200604,15,11,,,,<3,Cloudy
21200604,16,9,52%,East,<12km/h,1,Overcast
21200604,17,8,47%,Quiet,,0,Overcast
21200604,18,8,60%,Quiet,,0,Overcast
21200604,19,8,66%,Northwest,<12km/h,2,Overcast
21200604,20,7,60%,Quiet,,0,Overcast
21200604,21,3,,,,<3,Overcast
21200604,22,7,62%,Northwest,<12km/h,1,Cloudy
21200604,23,7,62%,Southeast,<12km/h,1,Overcast
21200605,00,8,64%,Quiet,,0,Overcast
21200605,01,9,57%,Northwest,<12km/h,2,Overcast
21200605,02,3,,,,<3,Overcast
21200605,03,3,,,,<3,Overcast
21200605,04,3,,,,<3,Overcast
21200605,05,3,,,,<3,Overcast
21200605,06,8,,,,<3,Overcast
21200605,07,8,63%,Northeast,<12km/h,2,Overcast
21200605,08,8,,,,<3,Overcast
21200605,09,8,70%,North,<12km/h,2,Overcast
21200605,10,8,68%,North,<12km/h,2,Overcast
21200605,11,8,,,,<3,Overcast
21200605,12,9,69%,Northeast,<12km/h,2,Overcast
21200605,13,8,,,,<3,Overcast
21200605,14,8,,,,<3,Overcast
21200605,15,9,60%,North,<12km/h,2,Overcast
21200605,16,8,,,,<3,Overcast
21200605,17,0,,,,<3,Sunny
21200605,18,0,,,,<3,Sunny
21200605,19,8,59%,Northwest,<12km/h,2,Overcast
21200605,20,0,,,,<3,Sunny
21200605,21,0,,,,<3,Sunny
21200605,22,0,,,,<3,Sunny
21200605,23,6,93%,Quiet,,0,Cloudy
21200606,00,0,,,,<3,Sunny
21200606,01,0,,,,<3,Sunny
21200606,02,2,89%,Quiet,,0,Sunny
21200606,03,1,97%,North,<12km/h,1,Sunny
21200606,04,0,94%,East,<12km/h,1,Sunny
21200606,05,0,,,,<3,Sunny
21200606,06,11,,,,<3,Sunny
21200606,07,1,99%,Quiet,,0,Sunny
21200606,08,11,,,,<3,Sunny
21200606,09,6,69%,Northwest,<12km/h,2,Sunny
21200606,10,7,68%,Southwest,<12km/h,1,Sunny
21200606,11,11,,,,<3,Sunny
21200606,12,12,40%,West,<12km/h,2,Sunny
21200606,13,10,41%,Northeast,<12km/h,2,Sunny
21200606,14,12,32%,Northeast,<12km/h,2,Sunny
21200606,15,11,,,,<3,Sunny
21200606,16,11,,,,<3,Sunny
21200606,17,8,44%,East,<12km/h,1,Sunny
21200606,18,8,41%,Northwest,<12km/h,2,Sunny
21200606,19,4,75%,Quiet,,0,Sunny
21200606,20,5,63%,Southeast,<12km/h,1,Sunny
21200606,21,-1,,,,<3,Sunny
21200606,22,6,63%,Northwest,<12km/h,1,Sunny
21200606,23,-1,,,,<3,Sunny
21200607,00,0,88%,Quiet,,0,Sunny
21200607,01,0,81%,Northwest,<12km/h,1,Sunny
21200607,02,0,93%,Quiet,,0,Sunny
21200607,03,0,88%,East,<12km/h,1,Sunny
21200607,04,2,82%,West,<12km/h,2,Sunny
21200607,05,0,91%,East,<12km/h,1,Sunny
21200607,06,13,,Southeast,,<3,Sunny
21200607,07,-2,97%,Quiet,,0,Sunny
21200607,08,13,,Southeast,,<3,Sunny
21200607,09,5,65%,East,<12km/h,1,Sunny
21200607,10,13,,Southeast,,<3,Sunny
21200607,11,8,50%,South,<12km/h,1,Sunny
21200607,12,12,33%,West,<12km/h,2,Sunny
21200607,13,12,32%,Southwest,<12km/h,1,Sunny
21200607,14,13,,Southeast,,<3,Sunny
21200607,15,15,24%,Quiet,,0,Sunny
21200607,16,15,38%,Southeast,<12km/h,1,Sunny
21200607,17,0,,,,<3,Sunny
21200607,18,0,,,,<3,Sunny
21200607,19,9,51%,North,<12km/h,1,Sunny
21200607,20,5,63%,East,<12km/h,1,Sunny
21200607,21,0,,,,<3,Sunny
21200607,22,3,77%,Quiet,,0,Sunny
21200607,23,1,78%,Northwest,<12km/h,1,Sunny
21200608,00,0,77%,Quiet,,0,Sunny
21200608,01,0,80%,South,<12km/h,1,Sunny
21200608,02,0,89%,North,<12km/h,1,Sunny
21200608,03,0,87%,South,<12km/h,1,Sunny
21200608,04,1,87%,Northeast,<12km/h,1,Sunny
21200608,05,0,,,,<3,Sunny
21200608,06,16,,,,<3,Cloudy
21200608,07,-1,92%,South,<12km/h,1,Cloudy
21200608,08,16,,,,<3,Cloudy
21200608,09,4,69%,Southeast,<12km/h,1,Sunny
21200608,10,8,51%,Northwest,<12km/h,1,Sunny
21200608,11,16,,,,<3,Cloudy
21200608,12,14,32%,Southwest,<12km/h,2,Sunny
21200608,13,16,24%,West,<12km/h,1,Cloudy
21200608,14,17,27%,Northeast,<12km/h,2,Cloudy
21200608,15,16,,,,<3,Cloudy
21200608,16,16,28%,North,<12km/h,1,Cloudy
21200608,17,2,,,,<3,Cloudy
21200608,18,11,48%,Quiet,,0,Sunny
21200608,19,8,62%,Northwest,<12km/h,1,Sunny
21200608,20,10,64%,Quiet,,0,Sunny
21200608,21,11,67%,South,<12km/h,1,Sunny
21200608,22,4,75%,Quiet,,0,Cloudy
21200608,23,2,,,,<3,Cloudy
21200609,00,4,78%,Quiet,,0,Cloudy
21200609,01,8,83%,South,<12km/h,1,Sunny
21200609,02,2,,,,<3,Cloudy
21200609,03,2,89%,Quiet,,0,Cloudy
21200609,04,2,,,,<3,Cloudy
21200609,05,1,93%,Quiet,,0,Sunny
21200609,06,3,83%,Quiet,,0,Sunny
21200609,07,1,91%,North,<12km/h,1,Sunny
21200609,08,1,87%,Quiet,,0,Sunny
21200609,09,7,70%,Quiet,,0,Sunny
21200609,10,12,53%,Quiet,,0,Sunny
21200609,11,19,,,,<3,Sunny
21200609,12,16,38%,South,<12km/h,2,Sunny
21200609,13,19,29%,Northeast,<12km/h,1,Sunny
21200609,14,19,,,,<3,Sunny
21200609,15,21,23%,Quiet,,0,Sunny
21200609,16,19,,,,<3,Sunny
21200609,17,4,,,,<3,Sunny
21200609,18,4,,,,<3,Sunny
21200609,19,11,60%,Quiet,,0,Sunny
21200609,20,4,,,,<3,Sunny
21200609,21,4,,,,<3,Sunny
21200609,22,7,80%,Northwest,<12km/h,1,Sunny
21200609,23,4,,,,<3,Sunny
21200610,00,4,,,,<3,Sunny
21200610,01,4,,,,<3,Sunny
21200610,02,6,81%,Quiet,,0,Sunny
21200610,03,7,86%,West,<12km/h,2,Sunny
21200610,04,4,,,,<3,Sunny
21200610,05,1,87%,Quiet,,0,Sunny
21200610,06,0,93%,Quiet,,0,Sunny
21200610,07,3,92%,Northeast,<12km/h,1,Sunny
21200610,08,3,95%,Quiet,,0,Sunny
21200610,09,7,61%,Quiet,,0,Sunny
21200610,10,12,45%,West,<12km/h,1,Sunny
21200610,11,19,,,,<3,Cloudy
21200610,12,17,33%,Quiet,,0,Sunny
21200610,13,19,28%,Quiet,,0,Sunny
21200610,14,19,,,,<3,Cloudy
21200610,15,19,,,,<3,Cloudy
21200610,16,19,,,,<3,Cloudy
21200610,17,16,27%,Northwest,<12km/h,1,Sunny
21200610,18,15,41%,East,<12km/h,1,Sunny
21200610,19,10,54%,South,<12km/h,1,Sunny
21200610,20,8,65%,Quiet,,0,Sunny
21200610,21,9,59%,Quiet,,0,Sunny
21200610,22,7,76%,Quiet,,0,Sunny
21200610,23,4,86%,Quiet,,0,Sunny
21200611,00,2,,Southeast,,<3,Sunny
21200611,01,5,78%,Northeast,<12km/h,1,Sunny
21200611,02,2,93%,East,<12km/h,1,Sunny
21200611,03,2,,Southeast,,<3,Sunny
21200611,04,2,83%,South,<12km/h,1,Sunny
21200611,05,5,83%,Northwest,<12km/h,1,Sunny
21200611,06,16,,,,<3,Sunny
21200611,07,2,94%,Northeast,<12km/h,1,Sunny
21200611,08,16,,Southeast,,<3,Sunny
21200611,09,6,75%,Quiet,,0,Sunny
21200611,10,10,61%,Quiet,,0,Sunny
21200611,11,13,46%,Northeast,<12km/h,1,Sunny
21200611,12,15,40%,Southwest,<12km/h,1,Sunny
21200611,13,19,24%,East,<12km/h,2,Sunny
21200611,14,16,,Southeast,,<3,Sunny
21200611,15,16,,Southeast,,<3,Sunny
21200611,16,17,28%,Northeast,<12km/h,1,Sunny
21200611,17,3,,Southeast,,<3,Sunny
21200611,18,12,57%,Quiet,,0,Sunny
21200611,19,11,49%,East,<12km/h,2,Sunny
21200611,20,3,,Southeast,,<3,Sunny
21200611,21,7,63%,West,<12km/h,1,Sunny
21200611,22,10,68%,South,<12km/h,1,Sunny
21200611,23,6,77%,Quiet,,0,Sunny
21200612,00,8,75%,Quiet,,0,Sunny
21200612,01,5,79%,West,<12km/h,1,Sunny
21200612,02,6,78%,Quiet,,0,Sunny
21200612,03,3,,Southeast,,<3,Sunny
21200612,04,2,88%,Northwest,<12km/h,1,Sunny
21200612,05,3,87%,Quiet,,0,Sunny
21200612,06,1,91%,Northwest,<12km/h,1,Sunny
21200612,07,1,90%,Quiet,,0,Sunny
21200612,08,6,86%,Quiet,,0,Sunny
21200612,09,9,72%,North,<12km/h,1,Sunny
21200612,10,12,59%,North,<12km/h,1,Sunny
21200612,11,15,45%,Northwest,<12km/h,1,Sunny
21200612,12,18,35%,East,<12km/h,1,Sunny
21200612,13,19,,,,<3,Sunny
21200612,14,20,27%,Northeast,<12km/h,1,Sunny
21200612,15,19,,,,<3,Sunny
21200612,16,20,33%,Southwest,<12km/h,1,Sunny
21200612,17,18,39%,Northwest,<12km/h,1,Sunny
21200612,18,6,,,,<3,Cloudy
21200612,19,11,64%,Quiet,,0,Sunny
21200612,20,8,71%,Southeast,<12km/h,1,Sunny
21200612,21,9,73%,Quiet,,0,Sunny
21200612,22,10,84%,East,<12km/h,1,Sunny
21200612,23,6,81%,South,<12km/h,1,Sunny
21200613,00,8,75%,Quiet,,0,Sunny
21200613,01,5,90%,Quiet,,0,Sunny
21200613,02,6,82%,Quiet,,0,Sunny
21200613,03,4,93%,Quiet,,0,Sunny
21200613,04,6,,,,<3,Cloudy
21200613,05,5,91%,Quiet,,0,Sunny
21200613,06,3,95%,Quiet,,0,Sunny
21200613,07,7,92%,West,<12km/h,2,Sunny
21200613,08,7,87%,Quiet,,0,Sunny
21200613,09,20,,Southeast,,<3,Sunny
21200613,10,13,53%,East,<12km/h,1,Sunny
21200613,11,13,55%,Northwest,<12km/h,1,Sunny
21200613,12,20,,Southeast,,<3,Sunny
21200613,13,20,,Southeast,,<3,Sunny
21200613,14,20,,Southeast,,<3,Sunny
21200613,15,20,,Southeast,,<3,Sunny
21200613,16,21,33%,West,<12km/h,2,Sunny
21200613,17,5,,Southeast,,<3,Sunny
21200613,18,15,48%,Northwest,<12km/h,1,Sunny
21200613,19,12,63%,Quiet,,0,Sunny
21200613,20,11,64%,Northeast,<12km/h,1,Sunny
21200613,21,9,73%,Quiet,,0,Sunny
21200613,22,9,75%,Quiet,,0,Sunny
21200613,23,8,80%,West,<12km/h,1,Sunny
21200614,00,8,88%,Quiet,,0,Sunny
21200614,01,5,,Southeast,,<3,Sunny
21200614,02,7,81%,West,<12km/h,2,Sunny
21200614,03,5,90%,Quiet,,0,Sunny
21200614,04,5,93%,Quiet,,0,Sunny
21200614,05,5,94%,Quiet,,0,Sunny
21200614,06,20,,Southeast,,<3,Sunny
21200614,07,20,,Southeast,,<3,Sunny
21200614,08,8,82%,Quiet,,0,Cloudy
21200614,09,11,70%,Northeast,<12km/h,1,Cloudy
21200614,10,14,62%,Southwest,<12km/h,1,Cloudy
21200614,11,18,45%,South,<12km/h,1,Sunny
21200614,12,20,,Southeast,,<3,Sunny
21200614,13,20,,Southeast,,<3,Sunny
21200614,14,20,,Southeast,,<3,Sunny
21200614,15,22,37%,North,<12km/h,2,Sunny
21200614,16,19,59%,Southeast,<12km/h,2,Overcast
21200614,17,7,,Southeast,,<3,Overcast
21200614,18,15,69%,Quiet,,0,Sunny
21200614,19,7,,Southeast,,<3,Overcast
21200614,20,14,76%,Southeast,<12km/h,1,Cloudy
21200614,21,10,81%,Quiet,,0,Sunny
21200614,22,13,82%,East,<12km/h,1,Cloudy
21200614,23,7,,Southeast,,<3,Overcast
21200615,00,7,,Southeast,,<3,Overcast
21200615,01,7,,Southeast,,<3,Overcast
21200615,02,13,83%,Southwest,<12km/h,1,Sunny
21200615,03,9,86%,Quiet,,0,Sunny
21200615,04,9,96%,Quiet,,0,Sunny
21200615,05,11,81%,Quiet,,0,Sunny
21200615,06,12,88%,Quiet,,0,Sunny
21200615,07,23,,Southeast,,<3,Sunny
21200615,08,12,86%,Quiet,,0,Cloudy
21200615,09,16,69%,Quiet,,0,Sunny
21200615,10,18,59%,Quiet,,0,Overcast
21200615,11,23,53%,Quiet,,0,Cloudy
21200615,12,23,,Southeast,,<3,Sunny
21200615,13,26,45%,Northeast,<12km/h,2,Overcast
21200615,14,27,42%,South,<12km/h,2,Cloudy
21200615,15,23,56%,East,<12km/h,2,Cloudy
21200615,16,24,51%,West,<12km/h,1,Cloudy
21200615,17,11,,Southeast,,<3,Cloudy
21200615,18,19,67%,Quiet,,0,Sunny
21200615,19,11,,Southeast,,<3,Cloudy
21200615,20,16,79%,Quiet,,0,Sunny
21200615,21,11,,Southeast,,<3,Cloudy
21200615,22,11,,Southeast,,<3,Cloudy
21200615,23,11,,Southeast,,<3,Cloudy
21200616,00,14,88%,Quiet,,0,Sunny
21200616,01,11,,Southeast,,<3,Cloudy
21200616,02,15,89%,Quiet,,0,Sunny
21200616,03,14,90%,Quiet,,0,Sunny
21200616,04,12,95%,Quiet,,0,Sunny
21200616,05,14,93%,Quiet,,0,Sunny
21200616,06,13,95%,Quiet,,0,Cloudy
21200616,07,14,94%,South,<12km/h,1,Cloudy
21200616,08,13,96%,Quiet,,0,Sunny
21200616,09,13,84%,Quiet,,0,Sunny
21200616,10,25,,,,<3,Cloudy
21200616,11,25,,,,<3,Cloudy
21200616,12,24,50%,Northwest,<12km/h,1,Sunny
21200616,13,27,43%,Southeast,<12km/h,2,Cloudy
21200616,14,27,42%,South,<12km/h,2,Cloudy
21200616,15,28,42%,South,<12km/h,1,Sunny
21200616,16,27,46%,Southeast,<12km/h,1,Sunny
21200616,17,23,56%,Southwest,<12km/h,1,Cloudy
21200616,18,22,61%,Quiet,,0,Sunny
21200616,19,23,55%,East,<12km/h,2,Sunny
21200616,20,17,78%,Quiet,,0,Cloudy
21200616,21,9,,,,<3,Lightrain
21200616,22,17,70%,East,<12km/h,3,Overcast
21200616,23,13,88%,South,<12km/h,1,Sunny
21200617,00,17,79%,Northwest,<12km/h,1,Overcast
21200617,01,9,,,,<3,Lightrain
21200617,02,16,74%,Northeast,<12km/h,1,Overcast
21200617,03,14,76%,Northeast,<12km/h,2,Overcast
21200617,04,13,78%,East,<12km/h,2,Overcast
21200617,05,9,,,,<3,Lightrain
21200617,06,11,85%,Quiet,,0,Overcast
21200617,07,13,77%,Quiet,,0,Overcast
21200617,08,14,90%,West,<12km/h,2,Rain
21200617,09,14,86%,West,<12km/h,2,Overcast
21200617,10,12,,,,<3,Lightrain
21200617,11,12,,,,<3,Lightrain
21200617,12,11,83%,North,<12km/h,2,Overcast
21200617,13,11,78%,Northeast,<12km/h,1,Overcast
21200617,14,11,74%,Northeast,<12km/h,2,Overcast
21200617,15,12,,,,<3,Lightrain
21200617,16,12,,,,<3,Lightrain
21200617,17,5,,,,<3,Lightrain
21200617,18,9,86%,Northeast,<12km/h,2,Overcast
21200617,19,9,87%,North,<12km/h,2,Overcast
21200617,20,10,79%,Northwest,<12km/h,2,Overcast
21200617,21,5,,,,<3,Lightrain
21200617,22,11,77%,East,<12km/h,2,Overcast
21200617,23,13,76%,West,<12km/h,2,Overcast
21200618,00,9,94%,Northwest,<12km/h,2,Rain
21200618,01,12,78%,West,<12km/h,3,Overcast
21200618,02,9,96%,East,<12km/h,1,Rain
21200618,03,6,95%,North,<12km/h,2,Rain
21200618,04,10,93%,West,<12km/h,3,Rain
21200618,05,8,94%,North,<12km/h,1,Rain
21200618,06,7,,,,<3,Moderaterain
21200618,07,8,95%,Northeast,<12km/h,1,Rain
21200618,08,7,96%,Quiet,,0,Rain
21200618,09,7,,,,<3,Moderaterain
21200618,10,8,92%,North,<12km/h,1,Rain
21200618,11,7,91%,Northeast,<12km/h,2,Rain
21200618,12,7,90%,Northeast,<12km/h,2,Rain
21200618,13,7,,,,<3,Moderaterain
21200618,14,7,,,,<3,Moderaterain
21200618,15,7,92%,Northwest,<12km/h,2,Overcast
21200618,16,8,85%,Northwest,<12km/h,2,Rain
21200618,17,7,86%,East,<12km/h,2,Overcast
21200618,18,7,79%,Northeast,<12km/h,2,Overcast
21200618,19,7,83%,Quiet,,0,Overcast
21200618,20,7,85%,East,<12km/h,2,Cloudy
21200618,21,6,90%,Northeast,<12km/h,1,Overcast
21200618,22,2,,,,<3,Overcast
21200618,23,2,,,,<3,Overcast
21200619,00,5,89%,North,<12km/h,1,Overcast
21200619,01,2,,,,<3,Overcast
21200619,02,6,82%,East,<12km/h,1,Overcast
21200619,03,6,83%,East,<12km/h,2,Overcast
21200619,04,6,84%,East,<12km/h,2,Overcast
21200619,05,2,,,,<3,Overcast
21200619,06,9,72%,East,<12km/h,3,Overcast
21200619,07,6,84%,Northwest,<12km/h,1,Overcast
21200619,08,7,83%,North,<12km/h,1,Overcast
21200619,09,6,83%,North,<12km/h,1,Overcast
21200619,10,7,84%,Quiet,,0,Overcast
21200619,11,7,89%,Northwest,<12km/h,2,Cloudy
21200619,12,8,78%,Quiet,,0,Cloudy
21200619,13,8,89%,West,<12km/h,2,Cloudy
21200619,14,7,,,,<3,Lightrain
21200619,15,6,93%,Northeast,<12km/h,1,Rain
21200619,16,6,95%,Quiet,,0,Rain
21200619,17,7,,,,<3,Lightrain
21200619,18,6,94%,North,<12km/h,1,Rain
21200619,19,5,,,,<3,Lightrain
21200619,20,7,94%,Quiet,,0,Rain
21200619,21,5,,,,<3,Lightrain
21200619,22,6,97%,Quiet,,0,Rain
21200619,23,7,95%,Northeast,<12km/h,1,Rain
21200620,00,7,94%,West,<12km/h,2,Rain
21200620,01,6,98%,Quiet,,0,Overcast
21200620,02,6,95%,North,<12km/h,1,Overcast
21200620,03,7,96%,Quiet,,0,Overcast
21200620,04,8,92%,West,<12km/h,2,Overcast
21200620,05,7,96%,Northeast,<12km/h,1,Rain
21200620,06,6,98%,North,<12km/h,2,Rain
21200620,07,8,90%,West,<12km/h,2,Overcast
21200620,08,7,97%,Northeast,<12km/h,1,Overcast
21200620,09,7,97%,Quiet,,0,Overcast
21200620,10,10,,,,<3,Lightrain
21200620,11,10,,,,<3,Lightrain
21200620,12,10,84%,North,<12km/h,2,Overcast
21200620,13,8,92%,Quiet,,0,Rain
21200620,14,10,,,,<3,Lightrain
21200620,15,8,93%,Southwest,<12km/h,1,Rain
21200620,16,10,,,,<3,Lightrain
21200620,17,8,100%,West,<12km/h,1,Overcast
21200620,18,6,,,,<3,Lightrain
21200620,19,10,92%,Quiet,,0,Cloudy
21200620,20,8,99%,North,<12km/h,1,Rain
21200620,21,11,96%,Quiet,,0,Rain
21200620,22,6,,,,<3,Lightrain
21200620,23,6,,,,<3,Lightrain
21200621,00,6,,,,<3,Lightrain
21200621,01,8,100%,Quiet,,0,Rain
21200621,02,8,98%,Quiet,,0,Rain
21200621,03,10,92%,Northwest,<12km/h,2,Rain
21200621,04,8,100%,Quiet,,0,Overcast
21200621,05,8,98%,Quiet,,0,Overcast
21200621,06,9,98%,Northeast,<12km/h,1,Overcast
21200621,07,8,100%,Southeast,<12km/h,1,Rain
21200621,08,13,,,,<3,Overcast
21200621,09,9,97%,Southwest,<12km/h,1,Overcast
21200621,10,9,98%,Quiet,,0,Overcast
21200621,11,13,,,,<3,Overcast
21200621,12,12,69%,Northwest,<12km/h,2,Overcast
21200621,13,13,,,,<3,Overcast
21200621,14,12,77%,Quiet,,0,Overcast
21200621,15,11,78%,Southwest,<12km/h,1,Overcast
21200621,16,12,77%,Quiet,,0,Overcast
21200621,17,5,,,,<3,Lightrain
21200621,18,11,82%,Quiet,,0,Overcast
21200621,19,5,,,,<3,Lightrain
21200621,20,10,97%,Quiet,,0,Overcast
21200621,21,11,87%,North,<12km/h,1,Cloudy
21200621,22,10,80%,West,<12km/h,1,Sunny
21200621,23,10,81%,West,<12km/h,2,Sunny
21200622,00,9,90%,Quiet,,0,Cloudy
21200622,01,5,,,,<3,Lightrain
21200622,02,9,91%,Southwest,<12km/h,1,Cloudy
21200622,03,10,78%,East,<12km/h,1,Cloudy
21200622,04,5,,,,<3,Lightrain
21200622,05,9,98%,Quiet,,0,Overcast
21200622,06,12,,,,<3,Lightrain
21200622,07,9,95%,Quiet,,0,Overcast
21200622,08,12,,,,<3,Lightrain
21200622,09,11,92%,Quiet,,0,Overcast
21200622,10,11,79%,North,<12km/h,2,Cloudy
21200622,11,11,83%,Quiet,,0,Rain
21200622,12,10,92%,East,<12km/h,1,Rain
21200622,13,11,81%,North,<12km/h,2,Overcast
21200622,14,13,82%,Northeast,<12km/h,2,Overcast
21200622,15,11,91%,Southwest,<12km/h,1,Rain
21200622,16,11,92%,Quiet,,0,Overcast
21200622,17,9,,Southeast,,<3,Lightrain
21200622,18,10,96%,Northeast,<12km/h,1,Rain
21200622,19,11,95%,Southeast,<12km/h,1,Overcast
21200622,20,10,97%,Quiet,,0,Rain
21200622,21,10,95%,South,<12km/h,1,Rain
21200622,22,9,,Southeast,,<3,Lightrain
21200622,23,10,98%,Northeast,<12km/h,1,Rain
21200623,00,11,96%,East,<12km/h,2,Rain
21200623,01,9,,Southeast,,<3,Lightrain
21200623,02,11,98%,Quiet,,0,Rain
21200623,03,9,,Southeast,,<3,Lightrain
21200623,04,11,98%,Quiet,,0,Rain
21200623,05,14,,Southeast,,<3,Overcast
21200623,06,14,,Southeast,,<3,Overcast
21200623,07,11,98%,Northwest,<12km/h,1,Overcast
21200623,08,10,99%,Quiet,,0,Overcast
21200623,09,14,,,,<3,Overcast
21200623,10,11,96%,Quiet,,0,Overcast
21200623,11,13,90%,West,<12km/h,1,Overcast
21200623,12,13,84%,East,<12km/h,1,Overcast
21200623,13,13,80%,Northeast,<12km/h,2,Overcast
21200623,14,13,83%,Quiet,,0,Overcast
21200623,15,13,84%,Quiet,,0,Overcast
21200623,16,13,90%,Quiet,,0,Overcast
21200623,17,13,91%,West,<12km/h,2,Overcast
21200623,18,12,92%,Quiet,,0,Overcast
21200623,19,12,95%,West,<12km/h,1,Overcast
21200623,20,12,93%,Quiet,,0,Overcast
21200623,21,8,,Southeast,,<3,Overcast
21200623,22,10,98%,Quiet,,0,Overcast
21200623,23,12,95%,Quiet,,0,Overcast
21200624,00,11,96%,Quiet,,0,Overcast
21200624,01,8,,Southeast,,<3,Overcast
21200624,02,11,90%,Quiet,,0,Cloudy
21200624,03,8,,Southeast,,<3,Overcast
21200624,04,8,,Southeast,,<3,Overcast
21200624,05,11,97%,North,<12km/h,1,Cloudy
21200624,06,17,,Southeast,,<3,Overcast
21200624,07,17,,Southeast,,<3,Overcast
21200624,08,11,98%,North,<12km/h,1,Cloudy
21200624,09,12,91%,Quiet,,0,Cloudy
21200624,10,17,,Southeast,,<3,Overcast
21200624,11,17,,Southeast,,<3,Overcast
21200624,12,16,79%,West,<12km/h,2,Cloudy
21200624,13,17,,Southeast,,<3,Overcast
21200624,14,17,,Southeast,,<3,Overcast
21200624,15,17,70%,Quiet,,0,Overcast
21200624,16,19,68%,Quiet,,0,Cloudy
21200624,17,16,78%,Quiet,,0,Cloudy
21200624,18,10,,,,<3,Lightrain
21200624,19,10,,,,<3,Lightrain
21200624,20,10,,,,<3,Lightrain
21200624,21,12,98%,Quiet,,0,Sunny
21200624,22,12,98%,Quiet,,0,Sunny
21200624,23,12,99%,Quiet,,0,Fog
21200625,00,11,98%,Northeast,<12km/h,1,Cloudy
21200625,01,10,,,,<3,Lightrain
21200625,02,11,99%,Quiet,,0,Fog
21200625,03,14,94%,Quiet,,0,Overcast
21200625,04,10,,,,<3,Lightrain
21200625,05,12,98%,East,<12km/h,1,Rain
21200625,06,12,99%,Northeast,<12km/h,2,Rain
21200625,07,13,,,,<3,Overcast
21200625,08,14,91%,North,<12km/h,2,Overcast
21200625,09,16,78%,Northwest,<12km/h,3,Cloudy
21200625,10,12,83%,Northwest,<12km/h,3,Overcast
21200625,11,14,72%,Northwest,<12km/h,2,Overcast
21200625,12,11,92%,North,<12km/h,2,Overcast
21200625,13,13,76%,North,<12km/h,1,Overcast
21200625,14,13,,,,<3,Overcast
21200625,15,13,,,,<3,Overcast
21200625,16,14,63%,Southwest,<12km/h,2,Overcast
21200625,17,2,,Southeast,,<3,Overcast
21200625,18,12,72%,West,<12km/h,2,Overcast
21200625,19,10,77%,Northwest,<12km/h,2,Overcast
21200625,20,11,76%,Northeast,<12km/h,1,Overcast
21200625,21,9,78%,Southwest,<12km/h,1,Overcast
21200625,22,11,68%,Northwest,<12km/h,3,Overcast
21200625,23,10,66%,Northwest,<12km/h,2,Cloudy
21200626,00,10,85%,South,<12km/h,2,Overcast
21200626,01,9,81%,Northeast,<12km/h,2,Overcast
21200626,02,8,74%,North,<12km/h,2,Overcast
21200626,03,2,,Southeast,,<3,Overcast
21200626,04,7,78%,Northwest,<12km/h,2,Cloudy
21200626,05,2,,Southeast,,<3,Overcast
21200626,06,7,72%,North,<12km/h,2,Sunny
21200626,07,6,77%,Northwest,<12km/h,2,Sunny
21200626,08,7,65%,Northeast,<12km/h,2,Overcast
21200626,09,10,,Southeast,,<3,Cloudy
21200626,10,10,,Southeast,,<3,Cloudy
21200626,11,7,54%,North,<12km/h,2,Sunny
21200626,12,11,49%,North,<12km/h,2,Cloudy
21200626,13,12,44%,East,<12km/h,1,Sunny
21200626,14,13,37%,North,<12km/h,2,Cloudy
21200626,15,13,41%,Northeast,<12km/h,1,Cloudy
21200626,16,11,46%,Northeast,<12km/h,2,Sunny
21200626,17,1,,Southeast,,<3,Sunny
21200626,18,8,67%,Northwest,<12km/h,1,Cloudy
21200626,19,8,56%,Northeast,<12km/h,2,Sunny
21200626,20,1,,Southeast,,<3,Sunny
21200626,21,5,83%,North,<12km/h,1,Sunny
21200626,22,5,73%,East,<12km/h,2,Sunny
21200626,23,1,,Southeast,,<3,Sunny
21200627,00,3,83%,East,<12km/h,1,Sunny
21200627,01,1,,Southeast,,<3,Sunny
21200627,02,2,94%,Northwest,<12km/h,1,Sunny
21200627,03,1,94%,Northwest,<12km/h,1,Sunny
21200627,04,1,,Southeast,,<3,Sunny
21200627,05,3,98%,Quiet,,0,Sunny
21200627,06,14,,Southeast,,<3,Cloudy
21200627,07,1,99%,Quiet,,0,Sunny
21200627,08,3,92%,Southeast,<12km/h,1,Sunny
21200627,09,5,82%,West,<12km/h,1,Sunny
21200627,10,9,69%,North,<12km/h,1,Sunny
21200627,11,14,,Southeast,,<3,Cloudy
21200627,12,14,50%,Northwest,<12km/h,1,Sunny
21200627,13,14,,Southeast,,<3,Cloudy
21200627,14,16,42%,Southwest,<12km/h,3,Cloudy
21200627,15,18,40%,Southeast,<12km/h,1,Cloudy
21200627,16,16,46%,Northeast,<12km/h,1,Cloudy
21200627,17,15,57%,East,<12km/h,2,Cloudy
21200627,18,14,60%,Northeast,<12km/h,1,Cloudy
21200627,19,13,66%,Southeast,<12km/h,2,Cloudy
21200627,20,5,,Southeast,,<3,Cloudy
21200627,21,11,78%,West,<12km/h,1,Cloudy
21200627,22,11,71%,Southeast,<12km/h,1,Sunny
21200627,23,5,,Southeast,,<3,Cloudy
21200628,00,9,88%,South,<12km/h,1,Cloudy
21200628,01,5,,Southeast,,<3,Cloudy
21200628,02,5,,Southeast,,<3,Cloudy
21200628,03,9,88%,Quiet,,0,Sunny
21200628,04,6,95%,Quiet,,0,Sunny
21200628,05,9,91%,East,<12km/h,1,Overcast
21200628,06,11,86%,South,<12km/h,1,Sunny
21200628,07,9,94%,East,<12km/h,1,Cloudy
21200628,08,8,96%,Quiet,,0,Cloudy
21200628,09,19,,,,<3,Overcast
21200628,10,16,61%,North,<12km/h,1,Cloudy
21200628,11,19,,,,<3,Overcast
21200628,12,23,44%,Northeast,<12km/h,2,Cloudy
21200628,13,18,58%,Southwest,<12km/h,1,Cloudy
21200628,14,21,49%,Southwest,<12km/h,1,Cloudy
21200628,15,22,42%,Quiet,,0,Cloudy
21200628,16,20,61%,Quiet,,0,Cloudy
21200628,17,21,51%,Quiet,,0,Cloudy
21200628,18,8,,,,<3,Overcast
21200628,19,8,,,,<3,Overcast
21200628,20,14,59%,Northeast,<12km/h,2,Overcast
21200628,21,14,83%,Quiet,,0,Overcast
21200628,22,13,91%,Southeast,<12km/h,1,Cloudy
21200628,23,12,92%,Quiet,,0,Cloudy
21200629,00,13,92%,Quiet,,0,Cloudy
21200629,01,11,98%,Quiet,,0,Cloudy
21200629,02,13,95%,Quiet,,0,Cloudy
21200629,03,13,95%,Quiet,,0,Cloudy
21200629,04,11,98%,Quiet,,0,Cloudy
21200629,05,12,96%,Northwest,<12km/h,1,Overcast
21200629,06,11,93%,Quiet,,0,Overcast
21200629,07,12,96%,Quiet,,0,Cloudy
21200629,08,11,99%,Quiet,,0,Cloudy
21200629,09,14,91%,West,<12km/h,1,Cloudy
21200629,10,17,,,,<3,Lightrain
21200629,11,17,,,,<3,Lightrain
21200629,12,20,57%,East,<12km/h,1,Cloudy
21200629,13,17,,,,<3,Lightrain
21200629,14,22,47%,Northwest,<12km/h,2,Cloudy
21200629,15,17,60%,Northwest,<12km/h,2,Overcast
21200629,16,17,,,,<3,Lightrain
21200629,17,17,77%,South,<12km/h,1,Overcast
21200629,18,3,,,,<3,Lightrain
21200629,19,3,,,,<3,Lightrain
21200629,20,3,,,,<3,Lightrain
21200629,21,14,81%,East,<12km/h,2,Rain
21200629,22,3,,,,<3,Lightrain
21200629,23,3,,,,<3,Lightrain
