21200501,00,14,100%,Northeast,<12km/h,2,Sunny
21200501,01,13,94%,Northeast,16-24km/h,4,Sunny
21200501,02,15,95%,Southwest,<12km/h,2,Sunny
21200501,03,14,100%,North,<12km/h,2,Sunny
21200501,04,14,100%,North,<12km/h,1,Fog
21200501,05,14,100%,North,<12km/h,1,Sunny
21200501,06,14,100%,Northeast,<12km/h,3,Sunny
21200501,07,13,96%,Northwest,<12km/h,2,Sunny
21200501,08,18,,,,<3,Cloudy
21200501,09,18,69%,Northeast,24-34km/h,5,Sunny
21200501,10,17,67%,North,<12km/h,1,Cloudy
21200501,11,20,59%,North,<12km/h,1,Cloudy
21200501,12,22,52%,South,<12km/h,1,Sunny
21200501,13,18,,,,<3,Cloudy
21200501,14,22,44%,North,<12km/h,2,Sunny
21200501,15,22,47%,Northeast,24-34km/h,5,Cloudy
21200501,16,20,51%,North,16-24km/h,4,Cloudy
21200501,17,20,49%,Northeast,24-34km/h,5,Sunny
21200501,18,19,54%,Northeast,16-24km/h,4,Sunny
21200501,19,16,65%,Southeast,<12km/h,3,Cloudy
21200501,20,14,79%,North,<12km/h,2,Sunny
21200501,21,13,85%,North,<12km/h,1,Sunny
21200501,22,14,82%,North,<12km/h,1,Cloudy
21200501,23,15,74%,North,<12km/h,3,Sunny
21200502,00,16,95%,North,<12km/h,3,Overcast
21200502,01,13,100%,Northeast,<12km/h,2,Overcast
21200502,02,15,80%,Quiet,,0,Cloudy
21200502,03,13,100%,North,<12km/h,3,Rain
21200502,04,16,80%,Northeast,<12km/h,2,Overcast
21200502,05,14,100%,North,<12km/h,3,Rain
21200502,06,16,91%,Northeast,<12km/h,2,Overcast
21200502,07,15,90%,North,<12km/h,3,Overcast
21200502,08,16,83%,Northeast,<12km/h,2,Overcast
21200502,09,14,99%,Southeast,<12km/h,3,Cloudy
21200502,10,17,77%,West,<12km/h,1,Overcast
21200502,11,18,72%,Southeast,<12km/h,1,Overcast
21200502,12,20,56%,North,<12km/h,2,Overcast
21200502,13,16,88%,East,<12km/h,2,Rain
21200502,14,19,72%,Southeast,<12km/h,1,Overcast
21200502,15,18,63%,Northeast,<12km/h,2,Cloudy
21200502,16,14,94%,West,<12km/h,1,Rain
21200502,17,14,90%,North,<12km/h,1,Overcast
21200502,18,13,93%,North,<12km/h,1,Overcast
21200502,19,16,77%,East,<12km/h,2,Cloudy
21200502,20,16,79%,Southeast,<12km/h,2,Cloudy
21200502,21,16,79%,Quiet,,0,Cloudy
21200502,22,8,,,,<3,Overcast
21200502,23,14,91%,Northwest,<12km/h,2,Cloudy
21200503,00,14,91%,Northwest,<12km/h,2,Cloudy
21200503,01,14,95%,Northwest,<12km/h,2,Cloudy
21200503,02,13,94%,South,<12km/h,1,Sunny
21200503,03,15,84%,Quiet,,0,Sunny
21200503,04,15,84%,East,<12km/h,2,Sunny
21200503,05,15,73%,Northeast,<12km/h,2,Cloudy
21200503,06,15,76%,East,<12km/h,2,Cloudy
21200503,07,13,85%,Northeast,<12km/h,2,Cloudy
21200503,08,16,74%,East,<12km/h,1,Cloudy
21200503,09,14,79%,North,<12km/h,2,Overcast
21200503,10,18,56%,East,<12km/h,2,Cloudy
21200503,11,16,,,,<3,Overcast
21200503,12,18,51%,North,<12km/h,3,Cloudy
21200503,13,20,46%,Southeast,<12km/h,2,Cloudy
21200503,14,20,49%,Southeast,<12km/h,2,Cloudy
21200503,15,20,45%,East,<12km/h,2,Cloudy
21200503,16,19,46%,East,<12km/h,1,Cloudy
21200503,17,15,60%,North,<12km/h,1,Cloudy
21200503,18,13,74%,Northwest,<12km/h,1,Sunny
21200503,19,12,77%,Northwest,<12km/h,2,Sunny
21200503,20,16,57%,East,<12km/h,2,Sunny
21200503,21,14,66%,Northwest,<12km/h,1,Sunny
21200503,22,13,72%,Southeast,<12km/h,1,Sunny
21200503,23,6,,Southeast,,<3,Sunny
21200504,00,10,89%,Southwest,<12km/h,2,Cloudy
21200504,01,10,87%,West,<12km/h,1,Cloudy
21200504,02,11,78%,Northwest,<12km/h,2,Sunny
21200504,03,13,70%,Southwest,<12km/h,1,Cloudy
21200504,04,14,67%,West,<12km/h,1,Cloudy
21200504,05,10,88%,East,<12km/h,1,Sunny
21200504,06,8,100%,Southwest,<12km/h,1,Sunny
21200504,07,9,88%,Northwest,<12km/h,1,Sunny
21200504,08,20,,,,<3,Cloudy
21200504,09,13,70%,Quiet,,0,Sunny
21200504,10,18,52%,East,<12km/h,1,Sunny
21200504,11,20,47%,North,<12km/h,1,Sunny
21200504,12,21,41%,Northwest,<12km/h,1,Sunny
21200504,13,23,34%,West,<12km/h,2,Sunny
21200504,14,23,31%,Northeast,<12km/h,1,Sunny
21200504,15,23,31%,Northeast,<12km/h,2,Sunny
21200504,16,22,37%,East,<12km/h,2,Sunny
21200504,17,21,33%,East,<12km/h,1,Sunny
21200504,18,19,44%,Quiet,,0,Sunny
21200504,19,16,60%,Northwest,<12km/h,2,Sunny
21200504,20,17,53%,Southeast,<12km/h,1,Sunny
21200504,21,16,52%,Northeast,<12km/h,2,Sunny
21200504,22,13,68%,Northwest,<12km/h,2,Sunny
21200504,23,11,,,,<3,Overcast
21200505,00,13,73%,West,<12km/h,1,Cloudy
21200505,01,11,78%,Southwest,<12km/h,1,Sunny
21200505,02,11,,,,<3,Overcast
21200505,03,13,78%,West,<12km/h,2,Cloudy
21200505,04,16,57%,East,<12km/h,2,Cloudy
21200505,05,12,76%,North,<12km/h,1,Cloudy
21200505,06,13,75%,West,<12km/h,1,Overcast
21200505,07,16,60%,East,<12km/h,2,Overcast
21200505,08,13,80%,South,<12km/h,1,Cloudy
21200505,09,16,60%,Quiet,,0,Cloudy
21200505,10,16,69%,Quiet,,0,Overcast
21200505,11,16,77%,Northwest,<12km/h,2,Overcast
21200505,12,19,48%,Northwest,<12km/h,1,Cloudy
21200505,13,21,47%,East,<12km/h,2,Overcast
21200505,14,21,47%,East,<12km/h,2,Rain
21200505,15,20,53%,North,<12km/h,2,Overcast
21200505,16,19,58%,Quiet,,0,Overcast
21200505,17,18,62%,East,<12km/h,1,Cloudy
21200505,18,14,88%,Northwest,<12km/h,2,Cloudy
21200505,19,17,69%,North,<12km/h,1,Overcast
21200505,20,10,,,,<3,Cloudy
21200505,21,13,90%,West,<12km/h,1,Cloudy
21200505,22,18,64%,East,<12km/h,2,Cloudy
21200505,23,17,67%,East,<12km/h,2,Cloudy
21200506,00,1,,,,<3,Sunny
21200506,01,10,60%,West,<12km/h,2,Sunny
21200506,02,1,,,,<3,Sunny
21200506,03,9,64%,Northwest,16-24km/h,4,Sunny
21200506,04,1,,,,<3,Sunny
21200506,05,7,70%,Northwest,<12km/h,2,Sunny
21200506,06,8,,,,<3,Cloudy
21200506,07,7,69%,West,<12km/h,1,Sunny
21200506,08,7,70%,West,<12km/h,2,Cloudy
21200506,09,8,68%,East,<12km/h,1,Sunny
21200506,10,8,,,,<3,Cloudy
21200506,11,8,,,,<3,Cloudy
21200506,12,13,46%,Southeast,<12km/h,2,Sunny
21200506,13,13,42%,East,<12km/h,2,Sunny
21200506,14,14,45%,Southeast,<12km/h,2,Sunny
21200506,15,13,48%,Northeast,<12km/h,2,Sunny
21200506,16,11,45%,North,<12km/h,3,Sunny
21200506,17,10,50%,North,<12km/h,3,Sunny
21200506,18,9,56%,East,<12km/h,2,Sunny
21200506,19,0,,,,<3,Cloudy
21200506,20,0,,,,<3,Cloudy
21200506,21,0,,,,<3,Cloudy
21200506,22,0,,,,<3,Cloudy
21200506,23,6,69%,East,<12km/h,2,Cloudy
21200507,00,16,70%,Northeast,<12km/h,1,Sunny
21200507,01,15,67%,North,<12km/h,1,Sunny
21200507,02,13,63%,North,<12km/h,2,Sunny
21200507,03,15,42%,North,<12km/h,2,Sunny
21200507,04,12,64%,Northeast,<12km/h,2,Sunny
21200507,05,11,59%,North,<12km/h,2,Sunny
21200507,06,8,80%,Northwest,<12km/h,2,Sunny
21200507,07,12,54%,East,<12km/h,2,Sunny
21200507,08,11,64%,Quiet,,0,Sunny
21200507,09,16,35%,East,<12km/h,1,Sunny
21200507,10,16,36%,Northwest,<12km/h,1,Sunny
21200507,11,17,28%,Southwest,<12km/h,2,Sunny
21200507,12,18,22%,Northeast,<12km/h,2,Sunny
21200507,13,19,26%,South,<12km/h,1,Sunny
21200507,14,19,24%,Southwest,<12km/h,2,Sunny
21200507,15,18,22%,Northwest,<12km/h,2,Sunny
21200507,16,16,,Southeast,,<3,Sunny
21200507,17,18,28%,Northeast,<12km/h,1,Sunny
21200507,18,16,34%,Northeast,<12km/h,1,Sunny
21200507,19,15,36%,North,<12km/h,1,Sunny
21200507,20,13,46%,Southeast,<12km/h,1,Sunny
21200507,21,11,54%,North,<12km/h,2,Sunny
21200507,22,12,49%,Southeast,<12km/h,1,Sunny
21200507,23,7,70%,Southwest,<12km/h,1,Sunny
21200508,00,11,56%,Northeast,<12km/h,1,Sunny
21200508,01,5,,Southeast,,<3,Sunny
21200508,02,8,61%,Quiet,,0,Sunny
21200508,03,7,69%,Northwest,<12km/h,1,Sunny
21200508,04,9,62%,East,<12km/h,1,Sunny
21200508,05,9,66%,Quiet,,0,Sunny
21200508,06,9,68%,Southeast,<12km/h,1,Sunny
21200508,07,6,76%,Northwest,<12km/h,2,Sunny
21200508,08,12,56%,East,<12km/h,1,Sunny
21200508,09,14,53%,East,<12km/h,1,Sunny
21200508,10,16,45%,Northeast,<12km/h,1,Sunny
21200508,11,20,40%,East,<12km/h,1,Sunny
21200508,12,21,38%,East,<12km/h,1,Sunny
21200508,13,20,,Southeast,,<3,Sunny
21200508,14,23,31%,Southeast,<12km/h,1,Sunny
21200508,15,24,23%,Southeast,<12km/h,1,Sunny
21200508,16,23,27%,North,<12km/h,1,Sunny
21200508,17,21,32%,East,<12km/h,1,Sunny
21200508,18,19,34%,East,<12km/h,1,Sunny
21200508,19,17,44%,Southeast,<12km/h,2,Sunny
21200508,20,15,55%,Southeast,<12km/h,1,Sunny
21200508,21,16,52%,East,<12km/h,2,Sunny
21200508,22,15,55%,Southeast,<12km/h,2,Sunny
21200508,23,10,76%,Quiet,,0,Sunny
21200509,00,16,69%,North,<12km/h,1,Sunny
21200509,01,16,77%,East,<12km/h,2,Cloudy
21200509,02,15,81%,East,<12km/h,2,Sunny
21200509,03,13,90%,Quiet,,0,Sunny
21200509,04,11,89%,Quiet,,0,Sunny
21200509,05,9,99%,Southwest,<12km/h,1,Sunny
21200509,06,12,100%,Southeast,<12km/h,2,Sunny
21200509,07,14,83%,Southeast,<12km/h,2,Sunny
21200509,08,14,79%,North,<12km/h,1,Sunny
21200509,09,17,69%,East,16-24km/h,4,Sunny
21200509,10,21,,,,<3,Cloudy
21200509,11,21,,,,<3,Cloudy
21200509,12,23,45%,West,<12km/h,1,Sunny
21200509,13,24,36%,East,<12km/h,1,Sunny
21200509,14,26,34%,Southeast,<12km/h,2,Sunny
21200509,15,25,33%,East,<12km/h,3,Sunny
21200509,16,26,39%,East,16-24km/h,4,Sunny
21200509,17,21,55%,Northeast,<12km/h,3,Sunny
21200509,18,18,66%,Northeast,16-24km/h,4,Sunny
21200509,19,17,64%,Quiet,,0,Sunny
21200509,20,18,70%,North,<12km/h,1,Sunny
21200509,21,17,73%,East,<12km/h,3,Cloudy
21200509,22,17,64%,Northeast,<12km/h,3,Sunny
21200509,23,18,70%,Northeast,<12km/h,3,Sunny
21200510,00,8,,Southeast,,<3,Cloudy
21200510,01,15,54%,East,<12km/h,1,Sunny
21200510,02,8,,Southeast,,<3,Cloudy
21200510,03,8,85%,Southwest,<12km/h,1,Sunny
21200510,04,10,83%,Southwest,<12km/h,1,Sunny
21200510,05,12,100%,East,<12km/h,2,Sunny
21200510,06,12,72%,Northeast,<12km/h,1,Sunny
21200510,07,11,75%,East,<12km/h,2,Sunny
21200510,08,15,61%,Southeast,<12km/h,2,Sunny
21200510,09,17,57%,South,<12km/h,2,Sunny
21200510,10,20,49%,East,<12km/h,2,Sunny
21200510,11,21,45%,South,<12km/h,1,Sunny
21200510,12,23,,Southeast,,<3,Cloudy
21200510,13,25,33%,Northwest,<12km/h,1,Sunny
21200510,14,25,37%,Quiet,,0,Sunny
21200510,15,27,29%,Southeast,<12km/h,1,Sunny
21200510,16,26,34%,East,<12km/h,1,Sunny
21200510,17,21,44%,Southwest,<12km/h,2,Sunny
21200510,18,10,,Southeast,,<3,Sunny
21200510,19,22,39%,East,<12km/h,2,Sunny
21200510,20,17,59%,Northeast,<12km/h,1,Overcast
21200510,21,18,56%,Southeast,<12km/h,2,Sunny
21200510,22,15,69%,West,<12km/h,1,Cloudy
21200510,23,13,75%,Southwest,<12km/h,1,Sunny
21200511,00,10,,Southeast,,<3,Sunny
21200511,01,16,66%,East,<12km/h,2,Sunny
21200511,02,17,68%,East,<12km/h,2,Sunny
21200511,03,15,68%,Quiet,,0,Sunny
21200511,04,13,79%,Quiet,,0,Sunny
21200511,05,10,,Southeast,,<3,Sunny
21200511,06,24,,,,<3,Cloudy
21200511,07,13,97%,Northeast,<12km/h,1,Sunny
21200511,08,19,69%,North,<12km/h,2,Overcast
21200511,09,17,66%,Northwest,<12km/h,1,Sunny
21200511,10,22,55%,East,<12km/h,2,Sunny
21200511,11,24,49%,North,<12km/h,1,Sunny
21200511,12,26,45%,Northwest,<12km/h,2,Sunny
21200511,13,27,32%,West,<12km/h,2,Sunny
21200511,14,28,35%,West,<12km/h,2,Sunny
21200511,15,28,28%,Southwest,<12km/h,2,Sunny
21200511,16,28,33%,Northeast,<12km/h,1,Sunny
21200511,17,25,42%,Southwest,<12km/h,1,Sunny
21200511,18,25,37%,West,<12km/h,1,Sunny
21200511,19,21,58%,Southwest,<12km/h,2,Sunny
21200511,20,22,52%,Northeast,<12km/h,1,Cloudy
21200511,21,20,54%,Northwest,<12km/h,2,Cloudy
21200511,22,23,42%,North,<12km/h,3,Cloudy
21200511,23,17,79%,East,<12km/h,1,Cloudy
21200512,00,19,62%,East,<12km/h,2,Sunny
21200512,01,18,65%,North,<12km/h,3,Sunny
21200512,02,17,72%,North,<12km/h,3,Overcast
21200512,03,12,,,,<3,Overcast
21200512,04,16,64%,North,<12km/h,2,Cloudy
21200512,05,14,68%,North,<12km/h,3,Cloudy
21200512,06,15,65%,Northeast,16-24km/h,4,Overcast
21200512,07,15,63%,Northeast,<12km/h,3,Overcast
21200512,08,14,66%,East,<12km/h,3,Overcast
21200512,09,14,69%,East,<12km/h,2,Overcast
21200512,10,11,75%,North,<12km/h,3,Overcast
21200512,11,12,80%,Northeast,<12km/h,2,Overcast
21200512,12,13,67%,East,<12km/h,2,Overcast
21200512,13,13,63%,East,<12km/h,2,Overcast
21200512,14,13,59%,Northeast,<12km/h,2,Overcast
21200512,15,10,59%,Northeast,<12km/h,2,Overcast
21200512,16,11,67%,Northeast,<12km/h,2,Cloudy
21200512,17,11,61%,Northeast,<12km/h,2,Overcast
21200512,18,8,71%,North,<12km/h,2,Cloudy
21200512,19,10,55%,Quiet,,0,Overcast
21200512,20,8,61%,North,<12km/h,1,Sunny
21200512,21,10,46%,Northeast,<12km/h,2,Sunny
21200512,22,6,78%,North,<12km/h,2,Sunny
21200512,23,9,53%,East,<12km/h,1,Cloudy
21200513,00,10,78%,Northeast,<12km/h,3,Sunny
21200513,01,12,71%,North,<12km/h,1,Sunny
21200513,02,11,77%,North,<12km/h,2,Sunny
21200513,03,7,97%,South,<12km/h,3,Sunny
21200513,04,12,77%,Quiet,,0,Sunny
21200513,05,11,79%,East,<12km/h,1,Sunny
21200513,06,11,92%,Northeast,<12km/h,2,Sunny
21200513,07,9,88%,Northeast,<12km/h,2,Overcast
21200513,08,12,76%,Northeast,<12km/h,3,Sunny
21200513,09,15,65%,East,<12km/h,2,Sunny
21200513,10,16,59%,South,<12km/h,3,Sunny
21200513,11,19,,,,<3,Cloudy
21200513,12,21,50%,East,16-24km/h,4,Cloudy
21200513,13,22,41%,Northeast,<12km/h,1,Cloudy
21200513,14,22,44%,East,<12km/h,2,Cloudy
21200513,15,22,45%,North,<12km/h,3,Cloudy
21200513,16,22,44%,Northeast,<12km/h,1,Cloudy
21200513,17,21,49%,Quiet,,0,Cloudy
21200513,18,17,66%,Northeast,16-24km/h,4,Cloudy
21200513,19,17,69%,Quiet,,0,Cloudy
21200513,20,17,70%,East,<12km/h,3,Overcast
21200513,21,11,,,,<3,Overcast
21200513,22,16,73%,Northeast,<12km/h,2,Overcast
21200513,23,16,76%,Northeast,<12km/h,2,Overcast
21200514,00,5,82%,North,<12km/h,2,Sunny
21200514,01,5,82%,Northwest,<12km/h,2,Sunny
21200514,02,4,82%,Northwest,<12km/h,2,Sunny
21200514,03,7,75%,Quiet,,0,Sunny
21200514,04,2,,,,<3,Sunny
21200514,05,7,77%,Southeast,<12km/h,1,Sunny
21200514,06,6,78%,Southeast,<12km/h,1,Sunny
21200514,07,4,84%,North,<12km/h,2,Sunny
21200514,08,8,69%,East,<12km/h,2,Sunny
21200514,09,10,44%,East,<12km/h,3,Sunny
21200514,10,11,42%,East,<12km/h,2,Sunny
21200514,11,11,36%,Northeast,<12km/h,2,Sunny
21200514,12,13,36%,East,<12km/h,3,Sunny
21200514,13,14,29%,West,<12km/h,2,Sunny
21200514,14,14,39%,Northwest,<12km/h,2,Sunny
21200514,15,14,36%,West,<12km/h,2,Sunny
21200514,16,13,32%,North,<12km/h,3,Sunny
21200514,17,11,40%,Northeast,<12km/h,2,Sunny
21200514,18,10,45%,Northeast,<12km/h,2,Sunny
21200514,19,2,,,,<3,Sunny
21200514,20,2,,,,<3,Sunny
21200514,21,8,53%,Northeast,<12km/h,2,Sunny
21200514,22,8,62%,Southeast,<12km/h,2,Sunny
21200514,23,10,55%,East,<12km/h,1,Sunny
21200515,00,10,52%,East,<12km/h,2,Sunny
21200515,01,9,52%,Northeast,<12km/h,1,Sunny
21200515,02,5,79%,Southwest,<12km/h,1,Sunny
21200515,03,9,62%,East,<12km/h,2,Sunny
21200515,04,4,87%,Quiet,,0,Sunny
21200515,05,7,64%,North,<12km/h,1,Sunny
21200515,06,6,76%,Northwest,<12km/h,2,Sunny
21200515,07,7,71%,Southeast,<12km/h,2,Sunny
21200515,08,8,62%,North,<12km/h,1,Sunny
21200515,09,8,67%,Southwest,<12km/h,1,Sunny
21200515,10,13,52%,Northeast,<12km/h,2,Sunny
21200515,11,14,,,,<3,Sunny
21200515,12,16,44%,Southeast,<12km/h,3,Cloudy
21200515,13,15,45%,East,<12km/h,1,Sunny
21200515,14,17,40%,Southeast,<12km/h,3,Sunny
21200515,15,16,44%,East,<12km/h,2,Sunny
21200515,16,16,46%,East,<12km/h,2,Sunny
21200515,17,15,49%,East,<12km/h,2,Sunny
21200515,18,14,49%,East,<12km/h,2,Sunny
21200515,19,13,51%,Northeast,<12km/h,2,Sunny
21200515,20,12,60%,East,<12km/h,2,Sunny
21200515,21,11,61%,North,<12km/h,1,Sunny
21200515,22,12,56%,South,<12km/h,2,Sunny
21200515,23,13,57%,East,<12km/h,2,Sunny
21200516,00,10,83%,Northwest,<12km/h,3,Sunny
21200516,01,12,74%,Quiet,,0,Sunny
21200516,02,10,89%,Quiet,,0,Sunny
21200516,03,10,81%,Northeast,<12km/h,1,Sunny
21200516,04,10,77%,Quiet,,0,Sunny
21200516,05,6,100%,Southwest,<12km/h,1,Sunny
21200516,06,8,100%,Southwest,<12km/h,1,Cloudy
21200516,07,7,88%,Northwest,<12km/h,2,Sunny
21200516,08,8,99%,Quiet,,0,Sunny
21200516,09,12,77%,Northwest,<12km/h,1,Cloudy
21200516,10,16,59%,East,<12km/h,2,Sunny
21200516,11,16,50%,Northwest,<12km/h,1,Sunny
21200516,12,18,47%,Northeast,<12km/h,2,Sunny
21200516,13,19,46%,Southeast,<12km/h,2,Sunny
21200516,14,19,41%,Southwest,<12km/h,1,Sunny
21200516,15,20,37%,Southeast,<12km/h,2,Sunny
21200516,16,19,39%,North,<12km/h,2,Sunny
21200516,17,18,36%,East,<12km/h,2,Sunny
21200516,18,5,,,,<3,Overcast
21200516,19,10,62%,West,<12km/h,2,Sunny
21200516,20,14,55%,East,<12km/h,2,Cloudy
21200516,21,5,,,,<3,Overcast
21200516,22,7,83%,Southwest,<12km/h,2,Overcast
21200516,23,13,62%,Southeast,<12km/h,1,Cloudy
21200517,00,12,59%,North,<12km/h,1,Sunny
21200517,01,13,58%,East,<12km/h,2,Sunny
21200517,02,11,70%,Northeast,<12km/h,1,Sunny
21200517,03,11,70%,Quiet,,0,Sunny
21200517,04,9,75%,North,<12km/h,2,Sunny
21200517,05,9,83%,Quiet,,0,Cloudy
21200517,06,12,62%,Northeast,<12km/h,2,Cloudy
21200517,07,12,65%,East,<12km/h,2,Sunny
21200517,08,11,74%,Quiet,,0,Cloudy
21200517,09,13,64%,Southeast,<12km/h,1,Sunny
21200517,10,13,61%,Northwest,<12km/h,2,Cloudy
21200517,11,15,58%,East,<12km/h,1,Cloudy
21200517,12,17,49%,East,<12km/h,1,Cloudy
21200517,13,20,43%,North,<12km/h,1,Sunny
21200517,14,20,41%,East,<12km/h,1,Cloudy
21200517,15,19,47%,East,<12km/h,2,Cloudy
21200517,16,18,50%,East,<12km/h,2,Cloudy
21200517,17,16,58%,East,<12km/h,2,Cloudy
21200517,18,16,55%,Quiet,,0,Cloudy
21200517,19,15,60%,East,<12km/h,2,Cloudy
21200517,20,12,80%,Quiet,,0,Sunny
21200517,21,14,68%,East,<12km/h,2,Sunny
21200517,22,11,83%,Northwest,<12km/h,3,Sunny
21200517,23,10,93%,Southwest,<12km/h,2,Sunny
21200518,00,10,98%,Southwest,<12km/h,1,Sunny
21200518,01,10,91%,Quiet,,0,Sunny
21200518,02,9,89%,Northwest,<12km/h,3,Sunny
21200518,03,10,84%,Quiet,,0,Sunny
21200518,04,9,98%,West,<12km/h,2,Sunny
21200518,05,8,91%,Northwest,<12km/h,2,Sunny
21200518,06,10,88%,Southeast,<12km/h,1,Sunny
21200518,07,9,90%,Southeast,<12km/h,1,Sunny
21200518,08,11,89%,Southwest,<12km/h,1,Sunny
21200518,09,20,,,,<3,Sunny
21200518,10,13,77%,North,<12km/h,1,Sunny
21200518,11,14,76%,North,<12km/h,2,Cloudy
21200518,12,17,60%,South,<12km/h,1,Sunny
21200518,13,17,67%,West,<12km/h,1,Cloudy
21200518,14,20,55%,Southwest,<12km/h,2,Sunny
21200518,15,18,63%,East,<12km/h,1,Cloudy
21200518,16,18,64%,Quiet,,0,Cloudy
21200518,17,17,70%,South,<12km/h,1,Cloudy
21200518,18,17,73%,East,<12km/h,1,Sunny
21200518,19,16,77%,North,<12km/h,1,Cloudy
21200518,20,14,86%,North,<12km/h,1,Cloudy
21200518,21,13,92%,Northwest,<12km/h,2,Cloudy
21200518,22,13,94%,Northwest,<12km/h,2,Cloudy
21200518,23,14,89%,Quiet,,0,Sunny
21200519,00,12,99%,South,<12km/h,1,Cloudy
21200519,01,12,98%,Southwest,<12km/h,1,Cloudy
21200519,02,13,94%,Quiet,,0,Cloudy
21200519,03,12,96%,West,<12km/h,1,Cloudy
21200519,04,14,88%,Southeast,<12km/h,1,Cloudy
21200519,05,14,96%,North,<12km/h,1,Cloudy
21200519,06,14,89%,Quiet,,0,Cloudy
21200519,07,12,96%,Quiet,,0,Cloudy
21200519,08,14,94%,Quiet,,0,Cloudy
21200519,09,19,84%,East,<12km/h,2,Overcast
21200519,10,20,66%,North,<12km/h,2,Sunny
21200519,11,22,63%,East,<12km/h,1,Sunny
21200519,12,23,61%,East,<12km/h,1,Cloudy
21200519,13,24,54%,East,<12km/h,1,Sunny
21200519,14,27,48%,East,<12km/h,2,Cloudy
21200519,15,24,56%,Southeast,<12km/h,3,Cloudy
21200519,16,23,60%,East,<12km/h,2,Cloudy
21200519,17,21,72%,East,<12km/h,3,Cloudy
21200519,18,20,75%,Northeast,<12km/h,1,Sunny
21200519,19,19,81%,Northeast,<12km/h,1,Sunny
21200519,20,18,84%,Northwest,<12km/h,2,Sunny
21200519,21,19,92%,East,<12km/h,2,Sunny
21200519,22,17,100%,Quiet,,0,Sunny
21200519,23,16,100%,Southeast,<12km/h,1,Cloudy
21200520,00,13,87%,North,<12km/h,1,Sunny
21200520,01,9,,,,<3,Cloudy
21200520,02,15,80%,North,<12km/h,1,Sunny
21200520,03,10,99%,North,<12km/h,1,Sunny
21200520,04,9,,,,<3,Cloudy
21200520,05,10,97%,Southeast,<12km/h,1,Sunny
21200520,06,14,84%,Southeast,<12km/h,1,Sunny
21200520,07,14,100%,Quiet,,0,Sunny
21200520,08,16,100%,East,<12km/h,2,Sunny
21200520,09,18,73%,East,<12km/h,2,Sunny
21200520,10,20,57%,East,<12km/h,2,Overcast
21200520,11,20,49%,Southeast,<12km/h,2,Overcast
21200520,12,20,47%,East,<12km/h,1,Sunny
21200520,13,20,46%,Northeast,16-24km/h,4,Sunny
21200520,14,21,42%,Southeast,<12km/h,1,Sunny
21200520,15,21,45%,Northeast,16-24km/h,4,Sunny
21200520,16,20,38%,Southeast,<12km/h,2,Sunny
21200520,17,17,52%,Northeast,16-24km/h,4,Sunny
21200520,18,15,57%,Quiet,,0,Sunny
21200520,19,7,,,,<3,Sunny
21200520,20,7,,,,<3,Sunny
21200520,21,11,71%,South,<12km/h,2,Sunny
21200520,22,12,73%,Northeast,<12km/h,3,Sunny
21200520,23,15,54%,East,<12km/h,1,Sunny
21200521,00,17,92%,East,<12km/h,1,Cloudy
21200521,01,16,92%,Quiet,,0,Cloudy
21200521,02,16,100%,Quiet,,0,Cloudy
21200521,03,14,100%,Southwest,<12km/h,2,Cloudy
21200521,04,14,95%,Northwest,<12km/h,1,Cloudy
21200521,05,14,100%,East,<12km/h,1,Fog
21200521,06,14,95%,West,<12km/h,1,Sunny
21200521,07,13,96%,Northwest,<12km/h,2,Sunny
21200521,08,16,91%,Southeast,<12km/h,2,Sunny
21200521,09,17,87%,Northeast,<12km/h,2,Sunny
21200521,10,18,85%,East,<12km/h,2,Sunny
21200521,11,21,69%,South,<12km/h,2,Sunny
21200521,12,22,74%,North,<12km/h,1,Sunny
21200521,13,24,56%,Northwest,<12km/h,2,Sunny
21200521,14,26,52%,Southeast,<12km/h,2,Cloudy
21200521,15,23,59%,Southeast,<12km/h,2,Cloudy
21200521,16,23,58%,Northwest,<12km/h,2,Cloudy
21200521,17,21,70%,North,<12km/h,1,Cloudy
21200521,18,21,66%,Northeast,<12km/h,2,Cloudy
21200521,19,20,72%,West,<12km/h,1,Overcast
21200521,20,19,72%,North,<12km/h,3,Overcast
21200521,21,20,70%,Northeast,<12km/h,3,Overcast
21200521,22,20,65%,North,<12km/h,2,Overcast
21200521,23,17,78%,Northeast,<12km/h,3,Overcast
21200522,00,17,74%,North,<12km/h,3,Overcast
21200522,01,14,78%,Northeast,<12km/h,3,Rain
21200522,02,13,81%,Northeast,<12km/h,2,Overcast
21200522,03,12,89%,Northeast,<12km/h,2,Overcast
21200522,04,11,90%,North,<12km/h,3,Rain
21200522,05,11,80%,Northeast,<12km/h,2,Rain
21200522,06,11,78%,North,16-24km/h,4,Overcast
21200522,07,9,81%,North,<12km/h,3,Overcast
21200522,08,11,77%,North,<12km/h,3,Overcast
21200522,09,8,96%,North,<12km/h,2,Rain
21200522,10,10,76%,Northeast,<12km/h,2,Overcast
21200522,11,8,87%,North,<12km/h,2,Overcast
21200522,12,10,78%,North,<12km/h,2,Overcast
21200522,13,9,76%,Northeast,<12km/h,1,Overcast
21200522,14,10,75%,North,<12km/h,3,Overcast
21200522,15,9,71%,Northeast,<12km/h,3,Overcast
21200522,16,9,72%,North,<12km/h,2,Overcast
21200522,17,10,66%,East,<12km/h,2,Overcast
21200522,18,10,66%,East,<12km/h,2,Overcast
21200522,19,7,87%,Northeast,<12km/h,2,Overcast
21200522,20,8,76%,Northeast,<12km/h,2,Overcast
21200522,21,7,84%,North,<12km/h,1,Overcast
21200522,22,8,84%,Northwest,<12km/h,2,Overcast
21200522,23,7,89%,East,<12km/h,1,Overcast
21200523,00,11,69%,North,<12km/h,1,Cloudy
21200523,01,11,78%,Southeast,<12km/h,2,Cloudy
21200523,02,11,79%,East,<12km/h,1,Cloudy
21200523,03,5,95%,Southwest,<12km/h,1,Cloudy
21200523,04,10,77%,East,<12km/h,1,Cloudy
21200523,05,19,,,,<3,Overcast
21200523,06,19,,,,<3,Overcast
21200523,07,19,,,,<3,Overcast
21200523,08,19,,,,<3,Overcast
21200523,09,19,,,,<3,Overcast
21200523,10,15,59%,Southwest,<12km/h,2,Overcast
21200523,11,17,48%,West,<12km/h,2,Overcast
21200523,12,18,48%,Southwest,<12km/h,2,Cloudy
21200523,13,20,36%,Northwest,<12km/h,2,Cloudy
21200523,14,21,39%,Northwest,<12km/h,2,Cloudy
21200523,15,22,36%,Northwest,<12km/h,2,Cloudy
21200523,16,21,39%,West,<12km/h,2,Cloudy
21200523,17,20,45%,Northeast,<12km/h,1,Cloudy
21200523,18,18,50%,Quiet,,0,Cloudy
21200523,19,15,67%,Southwest,<12km/h,2,Cloudy
21200523,20,8,,,,<3,Cloudy
21200523,21,13,73%,West,<12km/h,1,Overcast
21200523,22,17,51%,West,<12km/h,2,Cloudy
21200523,23,16,52%,West,<12km/h,2,Sunny
21200524,00,7,89%,Quiet,,0,Overcast
21200524,01,7,87%,Northwest,<12km/h,2,Overcast
21200524,02,7,84%,Northeast,<12km/h,2,Overcast
21200524,03,8,80%,Northeast,<12km/h,1,Overcast
21200524,04,7,83%,Northeast,<12km/h,1,Overcast
21200524,05,7,83%,Northeast,<12km/h,1,Overcast
21200524,06,8,85%,Northeast,<12km/h,1,Overcast
21200524,07,8,85%,North,<12km/h,2,Overcast
21200524,08,7,81%,Northeast,<12km/h,1,Overcast
21200524,09,8,80%,North,<12km/h,2,Overcast
21200524,10,9,78%,North,<12km/h,1,Overcast
21200524,11,10,70%,Quiet,,0,Overcast
21200524,12,10,70%,Northwest,<12km/h,1,Overcast
21200524,13,10,79%,Southeast,<12km/h,1,Overcast
21200524,14,10,68%,Southeast,<12km/h,1,Overcast
21200524,15,11,69%,East,<12km/h,2,Overcast
21200524,16,11,68%,East,<12km/h,2,Overcast
21200524,17,11,74%,Northwest,<12km/h,1,Overcast
21200524,18,9,80%,Northwest,<12km/h,1,Overcast
21200524,19,9,79%,Northwest,<12km/h,1,Overcast
21200524,20,9,80%,North,<12km/h,1,Overcast
21200524,21,10,73%,North,<12km/h,2,Overcast
21200524,22,8,89%,North,<12km/h,1,Overcast
21200524,23,10,76%,North,<12km/h,2,Cloudy
21200525,00,9,91%,Northwest,<12km/h,1,Overcast
21200525,01,8,88%,East,<12km/h,1,Overcast
21200525,02,10,81%,North,<12km/h,2,Overcast
21200525,03,8,93%,Quiet,,0,Overcast
21200525,04,10,84%,Northeast,<12km/h,1,Overcast
21200525,05,9,83%,Northeast,<12km/h,2,Overcast
21200525,06,9,88%,East,<12km/h,1,Cloudy
21200525,07,10,89%,East,<12km/h,1,Overcast
21200525,08,9,85%,Northeast,<12km/h,2,Overcast
21200525,09,9,85%,Northeast,<12km/h,2,Overcast
21200525,10,11,79%,East,<12km/h,2,Overcast
21200525,11,11,77%,Northwest,<12km/h,2,Overcast
21200525,12,10,82%,East,<12km/h,1,Overcast
21200525,13,9,94%,Southeast,<12km/h,1,Overcast
21200525,14,9,92%,East,<12km/h,2,Overcast
21200525,15,9,94%,Northeast,<12km/h,1,Rain
21200525,16,9,93%,North,<12km/h,2,Rain
21200525,17,8,100%,North,<12km/h,3,Rain
21200525,18,9,100%,Northwest,<12km/h,1,Rain
21200525,19,8,100%,North,<12km/h,3,Rain
21200525,20,8,94%,North,<12km/h,2,Rain
21200525,21,7,93%,North,<12km/h,2,Rain
21200525,22,7,100%,Northeast,<12km/h,3,Rain
21200525,23,6,94%,North,<12km/h,1,Rain
21200526,00,7,100%,North,<12km/h,2,Overcast
21200526,01,7,91%,East,<12km/h,1,Rain
21200526,02,7,98%,North,<12km/h,2,Overcast
21200526,03,6,94%,Northwest,<12km/h,1,Overcast
21200526,04,7,85%,North,<12km/h,2,Cloudy
21200526,05,7,86%,North,<12km/h,2,Overcast
21200526,06,7,100%,Northwest,<12km/h,1,Overcast
21200526,07,8,90%,Northeast,<12km/h,2,Overcast
21200526,08,7,92%,East,<12km/h,2,Cloudy
21200526,09,8,86%,Northeast,<12km/h,1,Overcast
21200526,10,8,79%,North,<12km/h,3,Cloudy
21200526,11,8,73%,Northeast,<12km/h,2,Cloudy
21200526,12,9,73%,Northeast,<12km/h,2,Cloudy
21200526,13,9,69%,Northeast,<12km/h,1,Cloudy
21200526,14,11,63%,North,<12km/h,1,Sunny
21200526,15,10,50%,North,<12km/h,3,Cloudy
21200526,16,10,57%,North,<12km/h,2,Sunny
21200526,17,9,72%,Northwest,<12km/h,1,Sunny
21200526,18,2,,,,<3,Overcast
21200526,19,2,,,,<3,Overcast
21200526,20,2,,,,<3,Overcast
21200526,21,2,,,,<3,Overcast
21200526,22,2,,,,<3,Overcast
21200526,23,2,,,,<3,Overcast
21200527,00,17,69%,Northeast,<12km/h,1,Cloudy
21200527,01,16,73%,East,<12km/h,2,Cloudy
21200527,02,15,78%,Northwest,<12km/h,1,Cloudy
21200527,03,14,61%,Quiet,,0,Overcast
21200527,04,15,82%,Quiet,,0,Cloudy
21200527,05,15,82%,West,<12km/h,1,Sunny
21200527,06,15,82%,Quiet,,0,Sunny
21200527,07,17,,,,<3,Overcast
21200527,08,16,82%,West,<12km/h,1,Sunny
21200527,09,17,76%,West,<12km/h,3,Cloudy
21200527,10,19,64%,West,<12km/h,2,Overcast
21200527,11,18,66%,Northwest,<12km/h,2,Cloudy
21200527,12,18,60%,North,<12km/h,3,Sunny
21200527,13,19,70%,North,<12km/h,2,Cloudy
21200527,14,17,,,,<3,Overcast
21200527,15,17,60%,Northwest,<12km/h,1,Cloudy
21200527,16,20,55%,South,<12km/h,1,Sunny
21200527,17,19,63%,East,<12km/h,1,Cloudy
21200527,18,18,65%,West,<12km/h,1,Cloudy
21200527,19,16,66%,Northwest,<12km/h,2,Sunny
21200527,20,15,69%,Northwest,<12km/h,2,Sunny
21200527,21,17,69%,Quiet,,0,Sunny
21200527,22,17,72%,West,<12km/h,1,Sunny
21200527,23,17,63%,Northwest,<12km/h,2,Sunny
21200528,00,2,,,,<3,Overcast
21200528,01,2,,,,<3,Overcast
21200528,02,2,,,,<3,Overcast
21200528,03,2,,,,<3,Overcast
21200528,04,2,,,,<3,Overcast
21200528,05,2,,,,<3,Overcast
21200528,06,9,,,,<3,Cloudy
21200528,07,9,,,,<3,Cloudy
21200528,08,6,83%,South,<12km/h,1,Overcast
21200528,09,8,69%,East,<12km/h,2,Overcast
21200528,10,8,64%,Southeast,<12km/h,1,Cloudy
21200528,11,10,64%,East,<12km/h,2,Sunny
21200528,12,11,56%,Southeast,<12km/h,2,Cloudy
21200528,13,11,56%,Northeast,<12km/h,2,Cloudy
21200528,14,12,59%,East,<12km/h,2,Sunny
21200528,15,12,59%,North,<12km/h,1,Overcast
21200528,16,12,57%,Northeast,<12km/h,2,Cloudy
21200528,17,9,71%,Northeast,<12km/h,2,Overcast
21200528,18,9,74%,Northwest,<12km/h,2,Cloudy
21200528,19,8,75%,Northeast,<12km/h,2,Cloudy
21200528,20,8,75%,Northeast,<12km/h,1,Overcast
21200528,21,8,76%,Quiet,,0,Sunny
21200528,22,9,72%,Quiet,,0,Overcast
21200528,23,9,75%,North,<12km/h,2,Sunny
21200529,00,9,74%,Northeast,<12km/h,1,Sunny
21200529,01,9,76%,West,<12km/h,1,Overcast
21200529,02,5,,,,<3,Overcast
21200529,03,9,76%,East,<12km/h,1,Cloudy
21200529,04,8,83%,Quiet,,0,Cloudy
21200529,05,9,84%,West,<12km/h,1,Overcast
21200529,06,7,100%,North,<12km/h,1,Overcast
21200529,07,9,81%,North,<12km/h,1,Overcast
21200529,08,9,78%,East,<12km/h,2,Overcast
21200529,09,9,79%,South,<12km/h,1,Cloudy
21200529,10,10,81%,Southeast,<12km/h,1,Overcast
21200529,11,11,71%,West,<12km/h,1,Overcast
21200529,12,12,72%,East,<12km/h,1,Cloudy
21200529,13,11,78%,Southeast,<12km/h,1,Cloudy
21200529,14,11,87%,East,<12km/h,1,Cloudy
21200529,15,10,92%,Quiet,,0,Rain
21200529,16,12,77%,East,<12km/h,1,Cloudy
21200529,17,10,97%,East,<12km/h,1,Rain
21200529,18,11,90%,Northeast,<12km/h,1,Overcast
21200529,19,11,95%,Quiet,,0,Rain
21200529,20,10,100%,North,<12km/h,2,Rain
21200529,21,11,92%,Quiet,,0,Rain
21200529,22,11,100%,Quiet,,0,Overcast
21200529,23,9,99%,Quiet,,0,Rain
21200530,00,15,77%,Northeast,<12km/h,2,Cloudy
21200530,01,15,85%,Southeast,<12km/h,3,Cloudy
21200530,02,15,80%,Northwest,<12km/h,1,Cloudy
21200530,03,16,85%,North,<12km/h,1,Sunny
21200530,04,16,85%,East,<12km/h,2,Sunny
21200530,05,17,82%,Northeast,<12km/h,2,Cloudy
21200530,06,20,,,,<3,Overcast
21200530,07,20,,,,<3,Overcast
21200530,08,16,89%,North,<12km/h,1,Overcast
21200530,09,17,100%,North,<12km/h,1,Overcast
21200530,10,17,97%,Quiet,,0,Overcast
21200530,11,17,87%,Northeast,<12km/h,3,Cloudy
21200530,12,19,74%,South,<12km/h,2,Cloudy
21200530,13,19,75%,South,<12km/h,2,Cloudy
21200530,14,20,71%,Southeast,<12km/h,2,Sunny
21200530,15,21,65%,North,16-24km/h,4,Sunny
21200530,16,20,66%,North,<12km/h,1,Sunny
21200530,17,19,71%,North,16-24km/h,4,Sunny
21200530,18,16,90%,North,<12km/h,3,Sunny
21200530,19,18,88%,Quiet,,0,Sunny
21200530,20,16,100%,North,<12km/h,2,Sunny
21200530,21,17,87%,Northeast,<12km/h,3,Sunny
21200530,22,16,93%,Quiet,,0,Sunny
21200530,23,14,100%,North,<12km/h,1,Sunny
21200531,00,9,100%,Northwest,<12km/h,1,Rain
21200531,01,10,96%,Quiet,,0,Fog
21200531,02,10,96%,Southwest,<12km/h,1,Rain
21200531,03,10,100%,Northwest,<12km/h,1,Rain
21200531,04,10,97%,West,<12km/h,2,Overcast
21200531,05,10,100%,Northwest,<12km/h,1,Rain
21200531,06,10,100%,Northwest,<12km/h,1,Rain
21200531,07,10,100%,East,<12km/h,1,Overcast
21200531,08,10,,,,<3,Overcast
21200531,09,12,91%,Quiet,,0,Overcast
21200531,10,11,100%,Northwest,<12km/h,1,Overcast
21200531,11,11,100%,Northwest,<12km/h,1,Fog
21200531,12,10,,,,<3,Overcast
21200531,13,10,,,,<3,Overcast
21200531,14,11,95%,West,<12km/h,2,Rain
21200531,15,10,,,,<3,Overcast
21200531,16,10,96%,West,<12km/h,2,Overcast
21200531,17,10,90%,North,<12km/h,1,Overcast
21200531,18,8,87%,North,<12km/h,2,Overcast
21200531,19,3,,,,<3,Overcast
21200531,20,9,81%,North,<12km/h,2,Overcast
21200531,21,9,80%,Northwest,<12km/h,3,Cloudy
21200531,22,3,,,,<3,Overcast
21200531,23,8,83%,Northeast,<12km/h,1,Overcast
21200601,00,3,,,,<3,Overcast
21200601,01,8,67%,Northwest,<12km/h,2,Cloudy
21200601,02,3,,,,<3,Overcast
21200601,03,3,,,,<3,Overcast
21200601,04,3,,,,<3,Overcast
21200601,05,5,78%,Northeast,<12km/h,1,Sunny
21200601,06,10,,,,<3,Sunny
21200601,07,10,,,,<3,Sunny
21200601,08,6,70%,North,<12km/h,2,Sunny
21200601,09,10,,,,<3,Sunny
21200601,10,10,45%,North,<12km/h,1,Rain
21200601,11,10,,,,<3,Sunny
21200601,12,11,36%,West,<12km/h,2,Rain
21200601,13,12,31%,Northeast,<12km/h,2,Sunny
21200601,14,12,38%,Northeast,<12km/h,2,Cloudy
21200601,15,12,34%,Northwest,<12km/h,2,Sunny
21200601,16,10,,,,<3,Sunny
21200601,17,0,,,,<3,Sunny
21200601,18,0,,,,<3,Sunny
21200601,19,7,61%,Southwest,<12km/h,1,Sunny
21200601,20,0,,,,<3,Sunny
21200601,21,2,82%,Southwest,<12km/h,2,Sunny
21200601,22,0,,,,<3,Sunny
21200601,23,5,77%,Quiet,,0,Sunny
21200602,00,0,,,,<3,Sunny
21200602,01,4,81%,Southwest,<12km/h,1,Sunny
21200602,02,3,86%,North,<12km/h,1,Sunny
21200602,03,3,85%,East,<12km/h,1,Sunny
21200602,04,0,,,,<3,Sunny
21200602,05,0,,,,<3,Sunny
21200602,06,9,,,,<3,Sunny
21200602,07,9,,,,<3,Sunny
21200602,08,2,88%,Southwest,<12km/h,1,Sunny
21200602,09,9,,,,<3,Sunny
21200602,10,8,56%,North,<12km/h,1,Overcast
21200602,11,9,45%,Southeast,<12km/h,2,Sunny
21200602,12,9,,,,<3,Sunny
21200602,13,12,31%,South,<12km/h,1,Sunny
21200602,14,9,,,,<3,Sunny
21200602,15,12,29%,Southeast,<12km/h,1,Sunny
21200602,16,9,,,,<3,Sunny
21200602,17,10,38%,Northwest,<12km/h,1,Sunny
21200602,18,9,50%,Northeast,<12km/h,1,Sunny
21200602,19,7,56%,East,<12km/h,1,Sunny
21200602,20,6,58%,East,<12km/h,2,Sunny
21200602,21,0,,Southeast,,<3,Sunny
21200602,22,3,72%,West,<12km/h,1,Sunny
21200602,23,0,,Southeast,,<3,Sunny
21200603,00,4,75%,South,<12km/h,1,Sunny
21200603,01,2,82%,Southwest,<12km/h,1,Sunny
21200603,02,3,76%,Quiet,,0,Sunny
21200603,03,0,,Southeast,,<3,Sunny
21200603,04,2,86%,East,<12km/h,1,Sunny
21200603,05,0,,Southeast,,<3,Sunny
21200603,06,0,85%,West,<12km/h,1,Sunny
21200603,07,2,81%,Northeast,<12km/h,2,Overcast
21200603,08,5,70%,Southeast,<12km/h,1,Cloudy
21200603,09,6,63%,South,<12km/h,1,Sunny
21200603,10,8,55%,Quiet,,0,Sunny
21200603,11,11,41%,Southeast,<12km/h,2,Cloudy
21200603,12,8,46%,Northwest,<12km/h,2,Overcast
21200603,13,10,46%,East,<12km/h,2,Sunny
21200603,14,15,26%,Northwest,<12km/h,1,Sunny
21200603,15,12,24%,North,<12km/h,2,Sunny
21200603,16,12,30%,North,<12km/h,2,Sunny
21200603,17,11,31%,North,<12km/h,2,Sunny
21200603,18,0,,Southeast,,<3,Sunny
21200603,19,9,51%,East,<12km/h,1,Sunny
21200603,20,8,57%,Northeast,<12km/h,1,Cloudy
21200603,21,0,,Southeast,,<3,Sunny
21200603,22,6,70%,East,<12km/h,1,Sunny
21200603,23,0,,Southeast,,<3,Sunny
21200604,00,3,79%,Quiet,,0,Sunny
21200604,01,5,69%,North,<12km/h,1,Sunny
21200604,02,0,,Southeast,,<3,Sunny
21200604,03,0,89%,Southwest,<12km/h,1,Sunny
21200604,04,1,85%,Southwest,<12km/h,1,Sunny
21200604,05,0,,Southeast,,<3,Sunny
21200604,06,1,88%,Southwest,<12km/h,1,Overcast
21200604,07,2,83%,East,<12km/h,1,Overcast
21200604,08,3,80%,Southeast,<12km/h,1,Overcast
21200604,09,10,,,,<3,Cloudy
21200604,10,7,67%,Northeast,<12km/h,2,Cloudy
21200604,11,8,56%,East,<12km/h,1,Cloudy
21200604,12,10,,,,<3,Cloudy
21200604,13,10,,,,<3,Cloudy
21200604,14,8,69%,North,<12km/h,2,Overcast
21200604,15,10,43%,Quiet,,0,Cloudy
21200604,16,9,52%,Quiet,,0,Sunny
21200604,17,2,,,,<3,Overcast
21200604,18,2,,,,<3,Overcast
21200604,19,7,67%,East,<12km/h,1,Overcast
21200604,20,2,,,,<3,Overcast
21200604,21,8,60%,Quiet,,0,Overcast
21200604,22,4,80%,Northwest,<12km/h,2,Sunny
21200604,23,2,,,,<3,Overcast
21200605,00,5,83%,North,<12km/h,2,Overcast
21200605,01,6,77%,Southwest,<12km/h,1,Overcast
21200605,02,2,,,,<3,Overcast
21200605,03,6,77%,South,<12km/h,2,Overcast
21200605,04,7,72%,North,<12km/h,3,Overcast
21200605,05,8,69%,North,<12km/h,1,Overcast
21200605,06,7,71%,North,<12km/h,1,Cloudy
21200605,07,7,73%,West,<12km/h,1,Overcast
21200605,08,8,75%,North,<12km/h,2,Overcast
21200605,09,8,78%,Southeast,<12km/h,1,Overcast
21200605,10,7,92%,North,<12km/h,3,Overcast
21200605,11,9,70%,Northeast,<12km/h,3,Overcast
21200605,12,6,,,,<3,Overcast
21200605,13,9,69%,Northeast,<12km/h,2,Overcast
21200605,14,9,61%,North,<12km/h,2,Overcast
21200605,15,6,,,,<3,Overcast
21200605,16,8,58%,North,<12km/h,2,Cloudy
21200605,17,-1,,Southeast,,<3,Sunny
21200605,18,-1,,Southeast,,<3,Sunny
21200605,19,-1,,Southeast,,<3,Sunny
21200605,20,-1,,Southeast,,<3,Sunny
21200605,21,-1,,Southeast,,<3,Sunny
21200605,22,-1,,Southeast,,<3,Sunny
21200605,23,-1,,Southeast,,<3,Sunny
21200606,00,3,87%,Northwest,<12km/h,1,Sunny
21200606,01,3,85%,Southwest,<12km/h,1,Sunny
21200606,02,-1,,Southeast,,<3,Sunny
21200606,03,0,88%,Northwest,<12km/h,2,Sunny
21200606,04,-1,,Southeast,,<3,Sunny
21200606,05,1,88%,Quiet,,0,Sunny
21200606,06,0,94%,Quiet,,0,Sunny
21200606,07,0,99%,West,<12km/h,1,Fog
21200606,08,2,98%,Southeast,<12km/h,1,Sunny
21200606,09,1,100%,West,<12km/h,1,Sunny
21200606,10,8,,,,<3,Sunny
21200606,11,8,,,,<3,Sunny
21200606,12,9,44%,West,<12km/h,2,Sunny
21200606,13,11,43%,East,<12km/h,1,Sunny
21200606,14,10,36%,Northwest,<12km/h,2,Sunny
21200606,15,11,40%,East,<12km/h,1,Sunny
21200606,16,8,,,,<3,Sunny
21200606,17,5,56%,Northwest,<12km/h,2,Sunny
21200606,18,-2,,Southeast,,<3,Sunny
21200606,19,7,49%,Southeast,<12km/h,1,Sunny
21200606,20,5,62%,Southwest,<12km/h,1,Sunny
21200606,21,1,84%,Southwest,<12km/h,2,Sunny
21200606,22,0,87%,Southwest,<12km/h,2,Sunny
21200606,23,4,67%,Southeast,<12km/h,1,Sunny
21200607,00,3,70%,Southeast,<12km/h,1,Sunny
21200607,01,2,77%,Northeast,<12km/h,1,Sunny
21200607,02,-2,,Southeast,,<3,Sunny
21200607,03,-2,,Southeast,,<3,Sunny
21200607,04,-2,92%,West,<12km/h,2,Sunny
21200607,05,0,86%,Southeast,<12km/h,1,Sunny
21200607,06,10,,Southeast,,<3,Sunny
21200607,07,1,88%,Northeast,<12km/h,1,Sunny
21200607,08,2,87%,Quiet,,0,Sunny
21200607,09,6,58%,East,<12km/h,1,Sunny
21200607,10,10,,Southeast,,<3,Sunny
21200607,11,8,53%,North,<12km/h,1,Sunny
21200607,12,10,33%,North,<12km/h,2,Sunny
21200607,13,12,28%,North,<12km/h,1,Sunny
21200607,14,10,,Southeast,,<3,Sunny
21200607,15,10,,Southeast,,<3,Sunny
21200607,16,11,35%,Northwest,<12km/h,1,Sunny
21200607,17,11,22%,Quiet,,0,Sunny
21200607,18,8,49%,Southwest,<12km/h,1,Sunny
21200607,19,9,57%,East,<12km/h,1,Sunny
21200607,20,5,61%,Quiet,,0,Sunny
21200607,21,0,,Southeast,,<3,Sunny
21200607,22,0,,Southeast,,<3,Sunny
21200607,23,3,68%,Northeast,<12km/h,1,Sunny
21200608,00,0,,Southeast,,<3,Sunny
21200608,01,3,78%,East,<12km/h,1,Sunny
21200608,02,0,,Southeast,,<3,Sunny
21200608,03,2,78%,Southeast,<12km/h,1,Sunny
21200608,04,2,81%,Southeast,<12km/h,1,Sunny
21200608,05,0,,Southeast,,<3,Sunny
21200608,06,1,86%,Quiet,,0,Sunny
21200608,07,2,84%,Southeast,<12km/h,1,Sunny
21200608,08,4,73%,Quiet,,0,Sunny
21200608,09,13,,,,<3,Cloudy
21200608,10,13,,,,<3,Cloudy
21200608,11,11,43%,South,<12km/h,1,Sunny
21200608,12,12,37%,Northwest,<12km/h,1,Sunny
21200608,13,13,,,,<3,Cloudy
21200608,14,15,31%,West,<12km/h,2,Cloudy
21200608,15,16,34%,West,<12km/h,1,Sunny
21200608,16,17,28%,West,<12km/h,1,Sunny
21200608,17,2,,,,<3,Cloudy
21200608,18,2,,,,<3,Cloudy
21200608,19,2,,,,<3,Cloudy
21200608,20,8,61%,Quiet,,0,Sunny
21200608,21,4,73%,South,<12km/h,1,Cloudy
21200608,22,7,61%,East,<12km/h,1,Sunny
21200608,23,7,65%,Northeast,<12km/h,1,Cloudy
21200609,00,6,70%,Quiet,,0,Cloudy
21200609,01,5,71%,Quiet,,0,Cloudy
21200609,02,6,70%,Southeast,<12km/h,1,Cloudy
21200609,03,1,91%,Southwest,<12km/h,2,Cloudy
21200609,04,4,82%,West,<12km/h,1,Cloudy
21200609,05,4,89%,Quiet,,0,Sunny
21200609,06,15,,,,<3,Sunny
21200609,07,15,,,,<3,Sunny
21200609,08,6,76%,South,<12km/h,1,Sunny
21200609,09,15,,,,<3,Sunny
21200609,10,10,55%,Southwest,<12km/h,1,Sunny
21200609,11,14,44%,East,<12km/h,1,Sunny
21200609,12,15,38%,West,<12km/h,1,Sunny
21200609,13,15,,,,<3,Sunny
21200609,14,18,26%,North,<12km/h,2,Sunny
21200609,15,15,,,,<3,Sunny
21200609,16,15,,,,<3,Sunny
21200609,17,15,38%,Southwest,<12km/h,1,Sunny
21200609,18,11,52%,Southwest,<12km/h,2,Sunny
21200609,19,4,,,,<3,Sunny
21200609,20,7,66%,Southwest,<12km/h,1,Sunny
21200609,21,8,64%,Quiet,,0,Sunny
21200609,22,4,75%,Quiet,,0,Sunny
21200609,23,7,72%,Northeast,<12km/h,1,Sunny
21200610,00,4,,,,<3,Sunny
21200610,01,6,77%,Northwest,<12km/h,1,Sunny
21200610,02,5,75%,Quiet,,0,Sunny
21200610,03,2,86%,Southwest,<12km/h,2,Sunny
21200610,04,5,76%,Northeast,<12km/h,1,Sunny
21200610,05,1,88%,South,<12km/h,1,Sunny
21200610,06,16,,,,<3,Sunny
21200610,07,4,82%,Quiet,,0,Sunny
21200610,08,7,73%,Northeast,<12km/h,1,Sunny
21200610,09,16,,,,<3,Sunny
21200610,10,12,47%,Southwest,<12km/h,2,Sunny
21200610,11,14,44%,Quiet,,0,Sunny
21200610,12,16,,,,<3,Sunny
21200610,13,16,,,,<3,Sunny
21200610,14,19,29%,East,<12km/h,1,Sunny
21200610,15,19,29%,North,<12km/h,2,Sunny
21200610,16,16,,,,<3,Sunny
21200610,17,2,,,,<3,Cloudy
21200610,18,14,46%,Northeast,<12km/h,1,Sunny
21200610,19,13,51%,East,<12km/h,2,Sunny
21200610,20,11,47%,East,<12km/h,2,Sunny
21200610,21,10,62%,Quiet,,0,Sunny
21200610,22,11,40%,East,<12km/h,2,Sunny
21200610,23,2,,,,<3,Cloudy
21200611,00,2,,,,<3,Cloudy
21200611,01,7,59%,West,<12km/h,1,Sunny
21200611,02,4,75%,North,<12km/h,2,Sunny
21200611,03,7,63%,East,<12km/h,2,Sunny
21200611,04,6,60%,North,<12km/h,1,Sunny
21200611,05,5,77%,Northeast,<12km/h,1,Sunny
21200611,06,4,78%,Quiet,,0,Sunny
21200611,07,6,73%,East,<12km/h,2,Sunny
21200611,08,6,84%,North,<12km/h,2,Sunny
21200611,09,13,,,,<3,Sunny
21200611,10,13,,,,<3,Sunny
21200611,11,13,,,,<3,Sunny
21200611,12,13,,,,<3,Sunny
21200611,13,16,30%,Southeast,<12km/h,2,Sunny
21200611,14,13,,,,<3,Sunny
21200611,15,15,41%,Northwest,<12km/h,2,Sunny
21200611,16,12,39%,Northeast,<12km/h,1,Sunny
21200611,17,14,32%,Quiet,,0,Sunny
21200611,18,3,,,,<3,Sunny
21200611,19,7,64%,Quiet,,0,Sunny
21200611,20,10,60%,East,<12km/h,2,Sunny
21200611,21,7,64%,Southwest,<12km/h,2,Sunny
21200611,22,6,70%,Southwest,<12km/h,2,Sunny
21200611,23,5,78%,West,<12km/h,1,Sunny
21200612,00,9,62%,Northeast,<12km/h,1,Sunny
21200612,01,7,75%,North,<12km/h,2,Sunny
21200612,02,5,96%,Northeast,<12km/h,1,Sunny
21200612,03,3,,,,<3,Sunny
21200612,04,5,86%,Southeast,<12km/h,2,Sunny
21200612,05,2,95%,Quiet,,0,Sunny
21200612,06,3,94%,Northwest,<12km/h,2,Sunny
21200612,07,16,,,,<3,Sunny
21200612,08,16,,,,<3,Sunny
21200612,09,16,,,,<3,Sunny
21200612,10,16,,,,<3,Sunny
21200612,11,16,,,,<3,Sunny
21200612,12,17,40%,North,<12km/h,1,Sunny
21200612,13,17,40%,Southwest,<12km/h,1,Sunny
21200612,14,17,37%,South,<12km/h,1,Sunny
21200612,15,18,33%,Southwest,<12km/h,1,Sunny
21200612,16,16,,,,<3,Sunny
21200612,17,4,,,,<3,Cloudy
21200612,18,13,50%,West,<12km/h,1,Sunny
21200612,19,4,,,,<3,Cloudy
21200612,20,11,64%,Northeast,<12km/h,1,Sunny
21200612,21,4,,,,<3,Cloudy
21200612,22,8,79%,Quiet,,0,Sunny
21200612,23,8,74%,Quiet,,0,Cloudy
21200613,00,4,,,,<3,Cloudy
21200613,01,7,75%,Northwest,<12km/h,1,Cloudy
21200613,02,8,74%,East,<12km/h,1,Cloudy
21200613,03,7,84%,East,<12km/h,1,Cloudy
21200613,04,7,81%,Northeast,<12km/h,1,Cloudy
21200613,05,6,80%,Northeast,<12km/h,1,Sunny
21200613,06,5,89%,Southwest,<12km/h,1,Sunny
21200613,07,4,91%,West,<12km/h,1,Sunny
21200613,08,16,,Southeast,,<3,Sunny
21200613,09,10,67%,Northeast,<12km/h,2,Sunny
21200613,10,14,54%,East,<12km/h,2,Sunny
21200613,11,16,,Southeast,,<3,Sunny
21200613,12,17,43%,East,<12km/h,1,Sunny
21200613,13,18,37%,Southeast,<12km/h,1,Sunny
21200613,14,18,42%,Northeast,<12km/h,2,Sunny
21200613,15,20,34%,East,<12km/h,1,Sunny
21200613,16,18,38%,East,<12km/h,2,Sunny
21200613,17,15,51%,North,16-24km/h,4,Sunny
21200613,18,14,58%,Northeast,<12km/h,1,Sunny
21200613,19,14,53%,West,<12km/h,1,Cloudy
21200613,20,13,59%,East,<12km/h,3,Sunny
21200613,21,11,65%,East,<12km/h,1,Cloudy
21200613,22,5,,Southeast,,<3,Sunny
21200613,23,11,74%,East,<12km/h,2,Sunny
21200614,00,11,89%,North,<12km/h,1,Sunny
21200614,01,9,82%,Quiet,,0,Cloudy
21200614,02,8,98%,North,<12km/h,2,Sunny
21200614,03,6,92%,Quiet,,0,Sunny
21200614,04,5,,Southeast,,<3,Sunny
21200614,05,5,,Southeast,,<3,Sunny
21200614,06,7,100%,Northeast,<12km/h,1,Sunny
21200614,07,5,91%,Southwest,<12km/h,1,Sunny
21200614,08,9,83%,East,<12km/h,2,Sunny
21200614,09,12,75%,East,<12km/h,2,Sunny
21200614,10,13,62%,South,<12km/h,1,Sunny
21200614,11,19,47%,East,<12km/h,1,Sunny
21200614,12,17,,Southeast,,<3,Sunny
21200614,13,21,41%,Northeast,<12km/h,2,Sunny
21200614,14,21,41%,Northeast,<12km/h,1,Sunny
21200614,15,20,43%,Northeast,<12km/h,2,Sunny
21200614,16,20,43%,Southwest,<12km/h,1,Sunny
21200614,17,18,55%,Southwest,<12km/h,1,Sunny
21200614,18,13,68%,Northwest,<12km/h,2,Sunny
21200614,19,15,64%,North,<12km/h,2,Sunny
21200614,20,8,,Southeast,,<3,Sunny
21200614,21,8,,Southeast,,<3,Sunny
21200614,22,8,,Southeast,,<3,Sunny
21200614,23,8,,Southeast,,<3,Sunny
21200615,00,8,,Southeast,,<3,Sunny
21200615,01,14,73%,East,<12km/h,2,Sunny
21200615,02,8,,Southeast,,<3,Sunny
21200615,03,8,,Southeast,,<3,Sunny
21200615,04,12,81%,Southeast,<12km/h,1,Sunny
21200615,05,8,,Southeast,,<3,Sunny
21200615,06,10,93%,Quiet,,0,Sunny
21200615,07,11,88%,Quiet,,0,Cloudy
21200615,08,20,,Southeast,,<3,Cloudy
21200615,09,16,67%,Quiet,,0,Sunny
21200615,10,20,,Southeast,,<3,Cloudy
21200615,11,22,51%,East,<12km/h,2,Sunny
21200615,12,20,,Southeast,,<3,Cloudy
21200615,13,20,,Southeast,,<3,Cloudy
21200615,14,20,60%,West,<12km/h,2,Sunny
21200615,15,20,,Southeast,,<3,Cloudy
21200615,16,22,53%,South,<12km/h,2,Sunny
21200615,17,20,,Southeast,,<3,Cloudy
21200615,18,19,64%,Southwest,<12km/h,1,Sunny
21200615,19,19,66%,Southeast,<12km/h,1,Sunny
21200615,20,12,,Southeast,,<3,Cloudy
21200615,21,17,70%,Quiet,,0,Cloudy
21200615,22,16,78%,West,<12km/h,1,Cloudy
21200615,23,15,84%,West,<12km/h,1,Sunny
21200616,00,12,,Southeast,,<3,Cloudy
21200616,01,16,82%,Quiet,,0,Sunny
21200616,02,12,,Southeast,,<3,Cloudy
21200616,03,14,85%,Northwest,<12km/h,1,Sunny
21200616,04,12,,Southeast,,<3,Cloudy
21200616,05,12,,Southeast,,<3,Cloudy
21200616,06,13,99%,Quiet,,0,Cloudy
21200616,07,11,99%,South,<12km/h,1,Cloudy
21200616,08,16,90%,Quiet,,0,Cloudy
21200616,09,19,,,,<3,Overcast
21200616,10,19,,,,<3,Overcast
21200616,11,19,,,,<3,Overcast
21200616,12,25,45%,Northwest,<12km/h,2,Sunny
21200616,13,25,45%,North,<12km/h,2,Sunny
21200616,14,22,56%,Northwest,<12km/h,2,Cloudy
21200616,15,19,,,,<3,Overcast
21200616,16,22,57%,North,<12km/h,1,Overcast
21200616,17,7,,,,<3,Lightrain
21200616,18,7,,,,<3,Lightrain
21200616,19,7,,,,<3,Lightrain
21200616,20,7,,,,<3,Lightrain
21200616,21,14,75%,East,<12km/h,2,Overcast
21200616,22,12,84%,Northwest,<12km/h,2,Overcast
21200616,23,13,70%,North,<12km/h,2,Overcast
21200617,00,12,73%,East,<12km/h,3,Overcast
21200617,01,12,73%,East,<12km/h,2,Overcast
21200617,02,11,76%,East,<12km/h,2,Overcast
21200617,03,7,,,,<3,Lightrain
21200617,04,9,95%,North,<12km/h,2,Rain
21200617,05,9,93%,North,<12km/h,1,Rain
21200617,06,10,78%,Northeast,<12km/h,3,Overcast
21200617,07,8,91%,North,<12km/h,2,Overcast
21200617,08,8,,,,<3,Lightrain
21200617,09,8,84%,North,<12km/h,2,Overcast
21200617,10,9,90%,Northeast,<12km/h,2,Overcast
21200617,11,8,,,,<3,Lightrain
21200617,12,8,,,,<3,Lightrain
21200617,13,9,81%,North,<12km/h,2,Overcast
21200617,14,8,93%,East,<12km/h,1,Rain
21200617,15,8,,,,<3,Lightrain
21200617,16,9,76%,East,<12km/h,2,Overcast
21200617,17,8,85%,North,<12km/h,2,Overcast
21200617,18,9,80%,Northeast,<12km/h,2,Overcast
21200617,19,7,94%,Northeast,<12km/h,1,Rain
21200617,20,4,,,,<3,Lightrain
21200617,21,4,,,,<3,Lightrain
21200617,22,4,,,,<3,Lightrain
21200617,23,7,93%,North,<12km/h,2,Rain
21200618,00,8,87%,Northeast,<12km/h,2,Overcast
21200618,01,6,100%,North,<12km/h,3,Rain
21200618,02,7,93%,East,<12km/h,2,Rain
21200618,03,6,94%,Northwest,<12km/h,2,Rain
21200618,04,5,95%,Northwest,<12km/h,2,Rain
21200618,05,5,100%,North,<12km/h,3,Rain
21200618,06,5,96%,East,<12km/h,2,Rain
21200618,07,6,94%,Quiet,,0,Rain
21200618,08,5,,,,<3,Lightrain
21200618,09,5,,,,<3,Lightrain
21200618,10,5,92%,Northwest,<12km/h,2,Rain
21200618,11,5,92%,Northwest,<12km/h,2,Rain
21200618,12,5,,,,<3,Lightrain
21200618,13,6,100%,East,<12km/h,1,Rain
21200618,14,4,100%,North,<12km/h,2,Rain
21200618,15,5,,,,<3,Lightrain
21200618,16,6,89%,North,<12km/h,1,Rain
21200618,17,5,94%,Southeast,<12km/h,2,Overcast
21200618,18,5,92%,East,<12km/h,2,Overcast
21200618,19,1,,,,<3,Overcast
21200618,20,5,89%,Quiet,,0,Cloudy
21200618,21,5,87%,East,<12km/h,2,Cloudy
21200618,22,1,,,,<3,Overcast
21200618,23,5,90%,North,<12km/h,1,Cloudy
21200619,00,5,89%,North,<12km/h,1,Cloudy
21200619,01,4,100%,Northwest,<12km/h,1,Cloudy
21200619,02,5,86%,North,<12km/h,1,Cloudy
21200619,03,5,82%,North,<12km/h,1,Overcast
21200619,04,5,83%,East,<12km/h,1,Overcast
21200619,05,1,,,,<3,Overcast
21200619,06,5,85%,East,<12km/h,2,Rain
21200619,07,5,84%,East,<12km/h,2,Overcast
21200619,08,6,81%,Northeast,<12km/h,2,Overcast
21200619,09,4,,,,<3,Moderaterain
21200619,10,4,,,,<3,Moderaterain
21200619,11,4,100%,North,<12km/h,2,Rain
21200619,12,4,,,,<3,Moderaterain
21200619,13,4,,,,<3,Moderaterain
21200619,14,5,92%,Southeast,<12km/h,1,Rain
21200619,15,5,96%,East,<12km/h,1,Rain
21200619,16,4,,,,<3,Moderaterain
21200619,17,5,97%,East,<12km/h,2,Rain
21200619,18,5,100%,Northwest,<12km/h,2,Rain
21200619,19,5,96%,East,<12km/h,2,Rain
21200619,20,5,95%,East,<12km/h,2,Overcast
21200619,21,5,100%,Northwest,<12km/h,1,Overcast
21200619,22,3,,,,<3,Lightrain
21200619,23,5,96%,North,<12km/h,2,Overcast
21200620,00,6,94%,Northwest,<12km/h,2,Overcast
21200620,01,5,97%,Quiet,,0,Overcast
21200620,02,5,98%,East,<12km/h,1,Rain
21200620,03,3,,,,<3,Lightrain
21200620,04,5,100%,Northwest,<12km/h,2,Rain
21200620,05,6,97%,Northwest,<12km/h,2,Rain
21200620,06,5,,,,<3,Lightrain
21200620,07,6,100%,North,<12km/h,1,Rain
21200620,08,6,98%,East,<12km/h,2,Rain
21200620,09,6,,,,<3,Lightrain
21200620,10,7,97%,East,<12km/h,1,Rain
21200620,11,7,95%,North,<12km/h,1,Rain
21200620,12,7,100%,Northeast,<12km/h,1,Rain
21200620,13,6,,,,<3,Lightrain
21200620,14,6,,,,<3,Lightrain
21200620,15,8,96%,North,<12km/h,1,Rain
21200620,16,8,98%,Southeast,<12km/h,2,Rain
21200620,17,7,98%,Southwest,<12km/h,1,Rain
21200620,18,5,,,,<3,Lightrain
21200620,19,10,93%,East,<12km/h,1,Overcast
21200620,20,10,85%,Northeast,<12km/h,2,Overcast
21200620,21,8,99%,East,<12km/h,1,Rain
21200620,22,5,,,,<3,Lightrain
21200620,23,7,97%,Northwest,<12km/h,1,Rain
21200621,00,5,,,,<3,Lightrain
21200621,01,8,99%,West,<12km/h,2,Rain
21200621,02,5,,,,<3,Lightrain
21200621,03,5,,,,<3,Lightrain
21200621,04,8,96%,West,<12km/h,2,Overcast
21200621,05,5,,,,<3,Lightrain
21200621,06,7,99%,Northwest,<12km/h,1,Rain
21200621,07,8,97%,Northwest,<12km/h,2,Rain
21200621,08,8,95%,West,<12km/h,2,Overcast
21200621,09,9,,,,<3,Overcast
21200621,10,9,91%,Southwest,<12km/h,3,Overcast
21200621,11,10,88%,West,<12km/h,2,Overcast
21200621,12,10,93%,Southeast,<12km/h,1,Overcast
21200621,13,8,98%,East,<12km/h,1,Rain
21200621,14,9,95%,Quiet,,0,Rain
21200621,15,9,,,,<3,Overcast
21200621,16,11,75%,North,<12km/h,3,Overcast
21200621,17,9,96%,Northwest,<12km/h,1,Rain
21200621,18,4,,,,<3,Cloudy
21200621,19,4,,,,<3,Cloudy
21200621,20,10,94%,East,<12km/h,1,Overcast
21200621,21,4,,,,<3,Cloudy
21200621,22,10,88%,Northeast,<12km/h,1,Overcast
21200621,23,9,94%,Northeast,<12km/h,1,Cloudy
21200622,00,9,94%,East,<12km/h,1,Cloudy
21200622,01,8,97%,North,<12km/h,1,Cloudy
21200622,02,8,97%,Quiet,,0,Cloudy
21200622,03,4,,,,<3,Cloudy
21200622,04,4,,,,<3,Cloudy
21200622,05,8,97%,South,<12km/h,1,Overcast
21200622,06,9,,,,<3,Lightrain
21200622,07,9,89%,Northeast,<12km/h,2,Overcast
21200622,08,8,93%,East,<12km/h,1,Overcast
21200622,09,10,97%,East,<12km/h,3,Cloudy
21200622,10,9,,,,<3,Lightrain
21200622,11,11,80%,East,<12km/h,2,Overcast
21200622,12,9,91%,North,<12km/h,2,Overcast
21200622,13,10,83%,East,<12km/h,2,Overcast
21200622,14,11,97%,West,<12km/h,1,Overcast
21200622,15,10,90%,Quiet,,0,Rain
21200622,16,10,91%,Quiet,,0,Rain
21200622,17,9,97%,North,<12km/h,1,Rain
21200622,18,7,,,,<3,Lightrain
21200622,19,7,,,,<3,Lightrain
21200622,20,9,97%,Quiet,,0,Rain
21200622,21,9,97%,West,<12km/h,1,Rain
21200622,22,9,97%,Quiet,,0,Rain
21200622,23,7,,,,<3,Lightrain
21200623,00,9,96%,East,<12km/h,1,Rain
21200623,01,7,,,,<3,Lightrain
21200623,02,7,,,,<3,Lightrain
21200623,03,9,97%,Northeast,<12km/h,1,Rain
21200623,04,7,,,,<3,Lightrain
21200623,05,9,97%,West,<12km/h,1,Rain
21200623,06,10,,,,<3,Overcast
21200623,07,10,,,,<3,Overcast
21200623,08,9,99%,Northwest,<12km/h,1,Overcast
21200623,09,11,98%,North,<12km/h,1,Overcast
21200623,10,10,,,,<3,Overcast
21200623,11,10,,,,<3,Overcast
21200623,12,11,93%,South,<12km/h,1,Rain
21200623,13,11,97%,North,<12km/h,1,Overcast
21200623,14,10,,,,<3,Overcast
21200623,15,11,95%,Quiet,,0,Overcast
21200623,16,11,90%,Northeast,<12km/h,1,Overcast
21200623,17,11,98%,Southeast,<12km/h,1,Rain
21200623,18,11,98%,East,<12km/h,2,Overcast
21200623,19,10,97%,West,<12km/h,1,Overcast
21200623,20,11,97%,East,<12km/h,1,Overcast
21200623,21,7,,,,<3,Overcast
21200623,22,10,95%,Southwest,<12km/h,1,Overcast
21200623,23,10,97%,Northeast,<12km/h,1,Fog
21200624,00,10,97%,Northwest,<12km/h,1,Overcast
21200624,01,9,99%,Quiet,,0,Overcast
21200624,02,10,98%,Quiet,,0,Overcast
21200624,03,7,,,,<3,Overcast
21200624,04,10,98%,Northwest,<12km/h,1,Overcast
21200624,05,9,99%,Northwest,<12km/h,1,Cloudy
21200624,06,10,98%,Northwest,<12km/h,2,Overcast
21200624,07,10,98%,East,<12km/h,2,Cloudy
21200624,08,10,98%,North,<12km/h,2,Rain
21200624,09,12,91%,East,<12km/h,2,Cloudy
21200624,10,11,,,,<3,Lightrain
21200624,11,15,78%,North,<12km/h,1,Overcast
21200624,12,14,86%,West,<12km/h,2,Overcast
21200624,13,11,,,,<3,Lightrain
21200624,14,15,82%,Northeast,<12km/h,1,Overcast
21200624,15,15,84%,Quiet,,0,Overcast
21200624,16,14,85%,North,<12km/h,1,Overcast
21200624,17,13,93%,Quiet,,0,Overcast
21200624,18,13,91%,West,<12km/h,1,Overcast
21200624,19,13,95%,Southwest,<12km/h,2,Overcast
21200624,20,13,94%,West,<12km/h,1,Cloudy
21200624,21,9,,,,<3,Lightrain
21200624,22,9,,,,<3,Lightrain
21200624,23,12,94%,Northeast,<12km/h,1,Overcast
21200625,00,12,95%,West,<12km/h,2,Cloudy
21200625,01,9,,,,<3,Lightrain
21200625,02,9,,,,<3,Lightrain
21200625,03,12,98%,Quiet,,0,Rain
21200625,04,11,100%,North,<12km/h,1,Rain
21200625,05,12,93%,Northeast,<12km/h,3,Rain
21200625,06,12,96%,West,<12km/h,2,Rain
21200625,07,9,,,,<3,Overcast
21200625,08,10,94%,Northwest,<12km/h,1,Rain
21200625,09,12,85%,Northwest,<12km/h,3,Overcast
21200625,10,11,80%,Northwest,<12km/h,2,Overcast
21200625,11,12,87%,South,<12km/h,1,Overcast
21200625,12,10,,,,<3,Overcast
21200625,13,10,,,,<3,Overcast
21200625,14,10,,,,<3,Overcast
21200625,15,11,87%,Northwest,<12km/h,1,Overcast
21200625,16,9,80%,Northeast,<12km/h,2,Overcast
21200625,17,10,85%,Southeast,<12km/h,1,Overcast
21200625,18,10,83%,South,<12km/h,2,Overcast
21200625,19,0,,,,<3,Cloudy
21200625,20,7,76%,Northeast,<12km/h,2,Cloudy
21200625,21,8,69%,Northeast,<12km/h,2,Overcast
21200625,22,6,78%,Northwest,<12km/h,2,Overcast
21200625,23,8,68%,East,<12km/h,2,Cloudy
21200626,00,7,65%,Southeast,<12km/h,2,Overcast
21200626,01,0,,,,<3,Cloudy
21200626,02,0,,,,<3,Cloudy
21200626,03,5,62%,North,<12km/h,1,Cloudy
21200626,04,5,68%,Northeast,<12km/h,1,Cloudy
21200626,05,5,71%,East,<12km/h,2,Cloudy
21200626,06,6,,,,<3,Sunny
21200626,07,6,,,,<3,Sunny
21200626,08,3,87%,North,<12km/h,1,Cloudy
21200626,09,6,,,,<3,Sunny
21200626,10,7,64%,Southeast,<12km/h,1,Sunny
21200626,11,8,53%,Northeast,<12km/h,2,Sunny
21200626,12,6,,,,<3,Sunny
21200626,13,9,45%,North,<12km/h,1,Overcast
21200626,14,10,41%,East,<12km/h,1,Sunny
21200626,15,6,,,,<3,Sunny
21200626,16,9,44%,East,<12km/h,1,Sunny
21200626,17,7,56%,East,<12km/h,1,Overcast
21200626,18,3,74%,Southwest,<12km/h,1,Sunny
21200626,19,6,63%,Southeast,<12km/h,1,Sunny
21200626,20,3,80%,Northwest,<12km/h,2,Sunny
21200626,21,5,72%,East,<12km/h,1,Sunny
21200626,22,0,,Southeast,,<3,Sunny
21200626,23,0,95%,Southwest,<12km/h,1,Sunny
21200627,00,4,77%,East,<12km/h,1,Sunny
21200627,01,0,,Southeast,,<3,Sunny
21200627,02,0,96%,Southwest,<12km/h,1,Sunny
21200627,03,1,89%,Northwest,<12km/h,1,Sunny
21200627,04,3,82%,East,<12km/h,2,Sunny
21200627,05,3,89%,Southeast,<12km/h,2,Cloudy
21200627,06,10,,,,<3,Overcast
21200627,07,2,91%,Southwest,<12km/h,1,Sunny
21200627,08,3,79%,Quiet,,0,Sunny
21200627,09,5,75%,East,<12km/h,1,Sunny
21200627,10,9,62%,East,<12km/h,2,Cloudy
21200627,11,10,,Southeast,,<3,Overcast
21200627,12,11,47%,Northeast,<12km/h,2,Cloudy
21200627,13,10,,Southeast,,<3,Overcast
21200627,14,14,48%,Northeast,<12km/h,1,Cloudy
21200627,15,14,50%,East,<12km/h,1,Cloudy
21200627,16,14,46%,Quiet,,0,Cloudy
21200627,17,11,55%,Northeast,<12km/h,1,Cloudy
21200627,18,5,,Southeast,,<3,Overcast
21200627,19,11,61%,Quiet,,0,Cloudy
21200627,20,5,,Southeast,,<3,Overcast
21200627,21,11,71%,South,<12km/h,1,Overcast
21200627,22,11,69%,East,<12km/h,1,Overcast
21200627,23,12,64%,East,<12km/h,2,Cloudy
21200628,00,5,,Southeast,,<3,Overcast
21200628,01,5,,Southeast,,<3,Overcast
21200628,02,9,81%,West,<12km/h,1,Sunny
21200628,03,8,89%,Southeast,<12km/h,1,Sunny
21200628,04,5,,Southeast,,<3,Overcast
21200628,05,8,90%,North,<12km/h,1,Sunny
21200628,06,7,94%,North,<12km/h,2,Overcast
21200628,07,9,85%,South,<12km/h,1,Cloudy
21200628,08,9,86%,South,<12km/h,1,Cloudy
21200628,09,10,78%,West,<12km/h,2,Cloudy
21200628,10,14,63%,West,<12km/h,2,Cloudy
21200628,11,15,,,,<3,Overcast
21200628,12,16,60%,Southwest,<12km/h,1,Cloudy
21200628,13,15,,,,<3,Overcast
21200628,14,20,49%,Northwest,<12km/h,2,Cloudy
21200628,15,15,,,,<3,Overcast
21200628,16,18,53%,Northwest,<12km/h,1,Cloudy
21200628,17,18,66%,East,<12km/h,1,Cloudy
21200628,18,7,,,,<3,Overcast
21200628,19,17,61%,Northwest,<12km/h,1,Cloudy
21200628,20,14,73%,Southeast,<12km/h,1,Cloudy
21200628,21,13,91%,West,<12km/h,1,Overcast
21200628,22,14,79%,Northeast,<12km/h,1,Cloudy
21200628,23,7,,,,<3,Overcast
21200629,00,7,,,,<3,Overcast
21200629,01,13,73%,East,<12km/h,2,Cloudy
21200629,02,13,81%,Northwest,<12km/h,1,Cloudy
21200629,03,11,83%,Northwest,<12km/h,1,Cloudy
21200629,04,7,,,,<3,Overcast
21200629,05,11,90%,North,<12km/h,1,Overcast
21200629,06,12,,,,<3,Overcast
21200629,07,12,76%,Southwest,<12km/h,1,Sunny
21200629,08,12,69%,East,<12km/h,2,Sunny
21200629,09,12,80%,North,<12km/h,2,Sunny
21200629,10,14,66%,North,<12km/h,2,Sunny
21200629,11,12,,,,<3,Overcast
21200629,12,15,57%,Northeast,<12km/h,2,Overcast
21200629,13,12,,,,<3,Overcast
21200629,14,16,57%,East,<12km/h,2,Overcast
21200629,15,16,63%,Northeast,<12km/h,2,Overcast
21200629,16,14,56%,North,<12km/h,2,Overcast
21200629,17,13,61%,North,<12km/h,3,Overcast
21200629,18,11,66%,North,<12km/h,3,Overcast
21200629,19,12,58%,East,<12km/h,2,Overcast
21200629,20,12,48%,North,<12km/h,3,Overcast
21200629,21,11,62%,Northeast,<12km/h,2,Overcast
21200629,22,2,,,,<3,Overcast
21200629,23,11,60%,North,<12km/h,1,Overcast
