21200501,00,15,96%,North,<12km/h,1,Sunny
21200501,01,13,,,,<3,Sunny
21200501,02,14,97%,North,<12km/h,2,Sunny
21200501,03,15,92%,West,<12km/h,1,Sunny
21200501,04,16,90%,West,<12km/h,1,Sunny
21200501,05,13,98%,North,<12km/h,1,Sunny
21200501,06,12,100%,Southwest,<12km/h,1,Sunny
21200501,07,15,94%,North,<12km/h,2,Sunny
21200501,08,17,89%,Quiet,,0,Sunny
21200501,09,18,65%,Northeast,24-34km/h,5,Sunny
21200501,10,21,53%,Northeast,<12km/h,2,Sunny
21200501,11,22,42%,North,<12km/h,2,Sunny
21200501,12,21,49%,North,<12km/h,2,Sunny
21200501,13,25,39%,East,<12km/h,3,Sunny
21200501,14,21,42%,North,<12km/h,3,Sunny
21200501,15,24,47%,East,<12km/h,3,Sunny
21200501,16,23,61%,North,16-24km/h,4,Sunny
21200501,17,22,67%,North,16-24km/h,4,Sunny
21200501,18,21,72%,North,16-24km/h,4,Sunny
21200501,19,20,77%,North,16-24km/h,4,Sunny
21200501,20,18,76%,North,16-24km/h,4,Sunny
21200501,21,19,59%,North,<12km/h,1,Sunny
21200501,22,14,77%,North,<12km/h,1,Cloudy
21200501,23,17,83%,North,<12km/h,1,Sunny
21200502,00,17,86%,North,<12km/h,1,Overcast
21200502,01,14,,,,<3,Overcast
21200502,02,17,88%,Northeast,<12km/h,1,Cloudy
21200502,03,15,88%,South,<12km/h,3,Cloudy
21200502,04,16,92%,North,<12km/h,2,Cloudy
21200502,05,17,83%,North,<12km/h,1,Cloudy
21200502,06,18,77%,Northeast,24-34km/h,5,Overcast
21200502,07,18,76%,Northeast,<12km/h,2,Cloudy
21200502,08,18,78%,Northwest,<12km/h,1,Cloudy
21200502,09,18,86%,Northwest,<12km/h,2,Cloudy
21200502,10,17,95%,North,<12km/h,1,Overcast
21200502,11,17,86%,Northeast,<12km/h,1,Cloudy
21200502,12,19,72%,Northeast,<12km/h,2,Overcast
21200502,13,18,78%,Quiet,,0,Cloudy
21200502,14,20,66%,North,<12km/h,2,Cloudy
21200502,15,21,62%,Northeast,<12km/h,2,Cloudy
21200502,16,19,70%,North,<12km/h,3,Cloudy
21200502,17,19,72%,East,<12km/h,1,Overcast
21200502,18,16,92%,Northwest,<12km/h,1,Rain
21200502,19,18,54%,North,<12km/h,3,Cloudy
21200502,20,17,95%,Quiet,,0,Overcast
21200502,21,13,,,,<3,Overcast
21200502,22,17,66%,North,<12km/h,1,Overcast
21200502,23,17,70%,North,<12km/h,1,Cloudy
21200503,00,13,,,,<3,Overcast
21200503,01,13,87%,Northeast,<12km/h,2,Cloudy
21200503,02,16,79%,West,<12km/h,2,Cloudy
21200503,03,16,68%,North,<12km/h,1,Cloudy
21200503,04,15,72%,Northwest,<12km/h,1,Cloudy
21200503,05,10,93%,Northwest,<12km/h,2,Cloudy
21200503,06,15,77%,Quiet,,0,Sunny
21200503,07,15,80%,Quiet,,0,Sunny
21200503,08,16,73%,North,<12km/h,1,Sunny
21200503,09,18,64%,Quiet,,0,Sunny
21200503,10,20,56%,Northeast,<12km/h,1,Sunny
21200503,11,22,46%,North,<12km/h,2,Sunny
21200503,12,23,40%,Northwest,<12km/h,1,Cloudy
21200503,13,20,53%,Northeast,<12km/h,3,Cloudy
21200503,14,23,39%,Northwest,<12km/h,1,Cloudy
21200503,15,21,47%,West,<12km/h,1,Cloudy
21200503,16,23,,,,<3,Overcast
21200503,17,19,70%,Northeast,<12km/h,1,Cloudy
21200503,18,19,67%,East,<12km/h,1,Cloudy
21200503,19,19,66%,Northeast,<12km/h,1,Cloudy
21200503,20,15,71%,Quiet,,0,Sunny
21200503,21,17,58%,Northwest,<12km/h,2,Cloudy
21200503,22,17,59%,North,<12km/h,1,Cloudy
21200503,23,13,84%,North,<12km/h,1,Sunny
21200504,00,14,87%,West,<12km/h,2,Cloudy
21200504,01,15,85%,West,<12km/h,2,Cloudy
21200504,02,13,78%,Quiet,,0,Cloudy
21200504,03,11,95%,North,<12km/h,1,Sunny
21200504,04,12,93%,West,<12km/h,1,Cloudy
21200504,05,12,92%,Quiet,,0,Cloudy
21200504,06,11,93%,Northwest,<12km/h,2,Cloudy
21200504,07,12,76%,North,<12km/h,1,Cloudy
21200504,08,14,77%,Northwest,<12km/h,2,Cloudy
21200504,09,23,,Southeast,,<3,Sunny
21200504,10,20,60%,Southeast,<12km/h,2,Cloudy
21200504,11,21,54%,South,<12km/h,1,Sunny
21200504,12,24,34%,North,<12km/h,1,Sunny
21200504,13,25,30%,North,<12km/h,1,Sunny
21200504,14,24,34%,Northeast,<12km/h,2,Sunny
21200504,15,25,,Southeast,,<3,Sunny
21200504,16,22,35%,South,<12km/h,1,Sunny
21200504,17,20,43%,West,<12km/h,1,Sunny
21200504,18,19,51%,West,<12km/h,1,Sunny
21200504,19,18,49%,Quiet,,0,Sunny
21200504,20,16,66%,North,<12km/h,1,Sunny
21200504,21,14,69%,Southwest,<12km/h,1,Sunny
21200504,22,16,69%,North,<12km/h,2,Sunny
21200504,23,14,74%,Quiet,,0,Sunny
21200505,00,17,66%,North,<12km/h,2,Sunny
21200505,01,12,,,,<3,Cloudy
21200505,02,14,88%,North,<12km/h,1,Sunny
21200505,03,14,78%,North,<12km/h,1,Sunny
21200505,04,14,78%,Northwest,<12km/h,2,Sunny
21200505,05,14,77%,Northeast,<12km/h,2,Sunny
21200505,06,14,76%,Northeast,<12km/h,2,Sunny
21200505,07,14,90%,Quiet,,0,Sunny
21200505,08,15,75%,North,<12km/h,2,Sunny
21200505,09,18,74%,Northeast,<12km/h,1,Sunny
21200505,10,17,66%,Quiet,,0,Sunny
21200505,11,20,56%,East,<12km/h,2,Sunny
21200505,12,21,47%,North,<12km/h,1,Sunny
21200505,13,21,46%,North,<12km/h,2,Sunny
21200505,14,22,44%,Southeast,<12km/h,3,Sunny
21200505,15,22,48%,Northeast,<12km/h,2,Sunny
21200505,16,21,53%,Northeast,<12km/h,2,Sunny
21200505,17,19,59%,North,<12km/h,2,Sunny
21200505,18,18,67%,North,<12km/h,1,Sunny
21200505,19,16,74%,Northwest,<12km/h,1,Sunny
21200505,20,15,93%,Southeast,<12km/h,1,Sunny
21200505,21,16,86%,West,<12km/h,1,Sunny
21200505,22,16,81%,Quiet,,0,Sunny
21200505,23,12,,,,<3,Cloudy
21200506,00,13,100%,Northwest,<12km/h,3,Fog
21200506,01,14,50%,Quiet,,0,Sunny
21200506,02,8,,Southeast,,<3,Sunny
21200506,03,8,,Southeast,,<3,Sunny
21200506,04,13,58%,Northwest,<12km/h,2,Sunny
21200506,05,13,55%,North,<12km/h,2,Sunny
21200506,06,10,59%,North,<12km/h,2,Sunny
21200506,07,14,,Southeast,,<3,Sunny
21200506,08,14,,Southeast,,<3,Sunny
21200506,09,14,46%,Northeast,<12km/h,2,Sunny
21200506,10,15,40%,North,<12km/h,1,Sunny
21200506,11,14,41%,North,<12km/h,1,Sunny
21200506,12,14,,Southeast,,<3,Sunny
21200506,13,16,40%,Southeast,16-24km/h,4,Sunny
21200506,14,14,,Southeast,,<3,Sunny
21200506,15,16,43%,North,<12km/h,2,Sunny
21200506,16,17,36%,Northeast,<12km/h,3,Sunny
21200506,17,6,,,,<3,Sunny
21200506,18,6,,,,<3,Sunny
21200506,19,10,60%,South,<12km/h,2,Sunny
21200506,20,6,,,,<3,Sunny
21200506,21,10,75%,East,<12km/h,2,Sunny
21200506,22,7,74%,Northeast,<12km/h,3,Sunny
21200506,23,6,,,,<3,Sunny
21200507,00,17,66%,North,<12km/h,1,Sunny
21200507,01,18,60%,North,<12km/h,2,Sunny
21200507,02,10,,,,<3,Sunny
21200507,03,17,58%,North,<12km/h,2,Sunny
21200507,04,17,49%,North,<12km/h,2,Sunny
21200507,05,17,56%,North,<12km/h,2,Sunny
21200507,06,15,57%,Quiet,,0,Sunny
21200507,07,16,55%,North,<12km/h,2,Sunny
21200507,08,18,51%,Northeast,<12km/h,1,Sunny
21200507,09,18,45%,North,<12km/h,2,Sunny
21200507,10,19,42%,Southeast,<12km/h,2,Sunny
21200507,11,19,37%,East,<12km/h,1,Sunny
21200507,12,18,43%,Northeast,<12km/h,3,Sunny
21200507,13,18,34%,Northeast,<12km/h,3,Sunny
21200507,14,21,,,,<3,Sunny
21200507,15,19,35%,Northeast,<12km/h,2,Sunny
21200507,16,18,50%,East,<12km/h,2,Sunny
21200507,17,17,48%,South,<12km/h,1,Sunny
21200507,18,13,58%,Northwest,<12km/h,2,Sunny
21200507,19,15,64%,Quiet,,0,Sunny
21200507,20,13,61%,North,<12km/h,3,Sunny
21200507,21,15,55%,Northeast,<12km/h,1,Sunny
21200507,22,9,,,,<3,Sunny
21200507,23,7,88%,Quiet,,0,Sunny
21200508,00,12,72%,West,<12km/h,1,Sunny
21200508,01,8,,,,<3,Sunny
21200508,02,5,94%,South,<12km/h,1,Sunny
21200508,03,11,74%,West,<12km/h,2,Sunny
21200508,04,11,74%,Northeast,<12km/h,2,Sunny
21200508,05,10,78%,Northeast,<12km/h,1,Sunny
21200508,06,4,98%,South,<12km/h,1,Sunny
21200508,07,10,77%,North,<12km/h,1,Sunny
21200508,08,12,73%,Quiet,,0,Sunny
21200508,09,16,62%,West,<12km/h,2,Sunny
21200508,10,16,52%,North,<12km/h,1,Sunny
21200508,11,17,56%,Southeast,<12km/h,2,Sunny
21200508,12,19,44%,Southeast,<12km/h,2,Sunny
21200508,13,21,49%,South,<12km/h,2,Sunny
21200508,14,22,,Southeast,,<3,Sunny
21200508,15,20,51%,Southeast,<12km/h,2,Sunny
21200508,16,19,57%,Southeast,<12km/h,2,Sunny
21200508,17,18,51%,East,<12km/h,1,Sunny
21200508,18,15,62%,Southeast,<12km/h,1,Sunny
21200508,19,14,67%,Quiet,,0,Sunny
21200508,20,16,64%,Quiet,,0,Sunny
21200508,21,13,79%,Southwest,<12km/h,1,Sunny
21200508,22,15,73%,Northeast,<12km/h,2,Sunny
21200508,23,13,85%,Quiet,,0,Sunny
21200509,00,16,89%,East,<12km/h,2,Sunny
21200509,01,17,84%,Southwest,<12km/h,1,Overcast
21200509,02,16,83%,North,<12km/h,1,Sunny
21200509,03,16,83%,South,<12km/h,1,Cloudy
21200509,04,15,85%,Quiet,,0,Cloudy
21200509,05,15,83%,North,<12km/h,1,Cloudy
21200509,06,17,77%,Northeast,24-34km/h,5,Cloudy
21200509,07,15,87%,Northwest,<12km/h,2,Cloudy
21200509,08,16,82%,North,<12km/h,1,Cloudy
21200509,09,17,67%,Northeast,<12km/h,2,Cloudy
21200509,10,22,59%,Northeast,<12km/h,2,Cloudy
21200509,11,24,,,,<3,Overcast
21200509,12,21,55%,East,<12km/h,3,Cloudy
21200509,13,25,50%,Southwest,<12km/h,1,Cloudy
21200509,14,23,56%,East,<12km/h,2,Overcast
21200509,15,22,60%,North,<12km/h,3,Cloudy
21200509,16,22,63%,Southeast,<12km/h,1,Overcast
21200509,17,20,63%,East,<12km/h,3,Overcast
21200509,18,21,67%,North,<12km/h,1,Cloudy
21200509,19,17,75%,Northwest,<12km/h,2,Overcast
21200509,20,19,80%,Northeast,<12km/h,3,Overcast
21200509,21,19,71%,East,<12km/h,3,Overcast
21200509,22,19,74%,South,<12km/h,3,Overcast
21200509,23,18,87%,Quiet,,0,Overcast
21200510,00,10,,Southeast,,<3,Cloudy
21200510,01,11,92%,Northeast,<12km/h,1,Sunny
21200510,02,12,91%,North,<12km/h,1,Sunny
21200510,03,12,87%,Quiet,,0,Sunny
21200510,04,12,88%,Northeast,<12km/h,1,Sunny
21200510,05,11,,Southeast,,<3,Cloudy
21200510,06,12,94%,Quiet,,0,Sunny
21200510,07,12,95%,Quiet,,0,Sunny
21200510,08,13,87%,Northwest,<12km/h,2,Sunny
21200510,09,18,68%,Quiet,,0,Sunny
21200510,10,15,72%,Northeast,<12km/h,1,Sunny
21200510,11,20,49%,South,<12km/h,3,Sunny
21200510,12,23,57%,Southeast,<12km/h,2,Sunny
21200510,13,23,53%,South,<12km/h,2,Sunny
21200510,14,21,63%,South,<12km/h,2,Sunny
21200510,15,22,59%,Southeast,<12km/h,2,Sunny
21200510,16,21,66%,North,<12km/h,1,Sunny
21200510,17,20,70%,East,<12km/h,2,Sunny
21200510,18,19,75%,Quiet,,0,Sunny
21200510,19,17,91%,East,<12km/h,2,Sunny
21200510,20,18,78%,Quiet,,0,Sunny
21200510,21,18,82%,Northeast,<12km/h,1,Sunny
21200510,22,13,91%,South,<12km/h,1,Cloudy
21200510,23,17,85%,Northwest,<12km/h,2,Cloudy
21200511,00,14,,Southeast,,<3,Cloudy
21200511,01,16,87%,Northwest,<12km/h,2,Cloudy
21200511,02,15,97%,Northwest,<12km/h,1,Sunny
21200511,03,11,100%,South,<12km/h,1,Sunny
21200511,04,16,96%,West,<12km/h,2,Cloudy
21200511,05,13,,,,<3,Cloudy
21200511,06,14,98%,Northwest,<12km/h,1,Cloudy
21200511,07,15,98%,North,<12km/h,2,Cloudy
21200511,08,17,90%,North,<12km/h,1,Overcast
21200511,09,18,86%,West,<12km/h,2,Cloudy
21200511,10,22,64%,East,<12km/h,1,Cloudy
21200511,11,24,59%,Northeast,<12km/h,1,Cloudy
21200511,12,26,59%,Northeast,<12km/h,1,Cloudy
21200511,13,26,49%,North,<12km/h,1,Sunny
21200511,14,26,61%,Northeast,<12km/h,2,Cloudy
21200511,15,28,44%,East,<12km/h,1,Sunny
21200511,16,24,70%,Northeast,<12km/h,2,Cloudy
21200511,17,21,82%,Southeast,<12km/h,2,Sunny
21200511,18,20,70%,Northwest,<12km/h,1,Sunny
21200511,19,21,87%,Quiet,,0,Sunny
21200511,20,20,95%,West,<12km/h,1,Sunny
21200511,21,19,96%,Northeast,<12km/h,2,Sunny
21200511,22,19,93%,Southwest,<12km/h,1,Sunny
21200511,23,19,92%,Northeast,<12km/h,1,Cloudy
21200512,00,18,94%,North,<12km/h,1,Cloudy
21200512,01,18,96%,North,<12km/h,1,Cloudy
21200512,02,16,99%,North,<12km/h,2,Sunny
21200512,03,17,96%,North,<12km/h,1,Cloudy
21200512,04,17,96%,Quiet,,0,Cloudy
21200512,05,18,93%,North,<12km/h,1,Cloudy
21200512,06,13,100%,North,<12km/h,1,Cloudy
21200512,07,18,84%,Northwest,<12km/h,1,Cloudy
21200512,08,19,93%,Northeast,<12km/h,1,Cloudy
21200512,09,19,77%,Southeast,<12km/h,1,Cloudy
21200512,10,19,77%,Southeast,<12km/h,2,Overcast
21200512,11,19,58%,Northwest,<12km/h,1,Cloudy
21200512,12,20,55%,North,<12km/h,2,Cloudy
21200512,13,19,53%,Northwest,<12km/h,3,Cloudy
21200512,14,19,55%,West,<12km/h,1,Cloudy
21200512,15,17,57%,West,<12km/h,1,Cloudy
21200512,16,18,60%,East,<12km/h,2,Cloudy
21200512,17,17,57%,North,<12km/h,3,Sunny
21200512,18,16,58%,North,<12km/h,3,Sunny
21200512,19,16,60%,Northeast,<12km/h,2,Sunny
21200512,20,14,59%,Northwest,<12km/h,1,Sunny
21200512,21,14,59%,North,<12km/h,2,Sunny
21200512,22,13,59%,Northwest,<12km/h,1,Sunny
21200512,23,12,56%,Northwest,<12km/h,1,Sunny
21200513,00,15,67%,North,<12km/h,1,Sunny
21200513,01,9,97%,North,<12km/h,1,Sunny
21200513,02,15,62%,Southwest,<12km/h,3,Sunny
21200513,03,13,85%,Quiet,,0,Sunny
21200513,04,12,95%,Northwest,<12km/h,2,Sunny
21200513,05,14,75%,North,<12km/h,1,Sunny
21200513,06,14,80%,Quiet,,0,Sunny
21200513,07,14,72%,South,<12km/h,3,Cloudy
21200513,08,16,73%,Quiet,,0,Sunny
21200513,09,14,81%,South,<12km/h,3,Sunny
21200513,10,20,54%,East,16-24km/h,4,Cloudy
21200513,11,20,55%,North,<12km/h,2,Sunny
21200513,12,21,53%,North,<12km/h,2,Cloudy
21200513,13,23,53%,Southeast,<12km/h,1,Sunny
21200513,14,23,,,,<3,Overcast
21200513,15,21,83%,North,16-24km/h,4,Cloudy
21200513,16,23,45%,North,<12km/h,1,Cloudy
21200513,17,21,62%,Southeast,<12km/h,2,Sunny
21200513,18,20,59%,Northeast,16-24km/h,4,Sunny
21200513,19,19,67%,North,<12km/h,3,Cloudy
21200513,20,18,71%,Northeast,<12km/h,3,Overcast
21200513,21,15,,,,<3,Overcast
21200513,22,14,85%,Northeast,<12km/h,2,Cloudy
21200513,23,18,69%,North,<12km/h,3,Overcast
21200514,00,11,53%,Northeast,<12km/h,2,Sunny
21200514,01,12,48%,North,<12km/h,2,Sunny
21200514,02,11,53%,Northeast,<12km/h,2,Sunny
21200514,03,12,44%,North,<12km/h,2,Sunny
21200514,04,12,44%,North,<12km/h,2,Sunny
21200514,05,11,53%,Northwest,<12km/h,1,Sunny
21200514,06,10,59%,North,<12km/h,2,Sunny
21200514,07,10,58%,North,<12km/h,2,Sunny
21200514,08,11,55%,West,<12km/h,1,Sunny
21200514,09,12,47%,Northwest,<12km/h,1,Sunny
21200514,10,14,39%,Northeast,<12km/h,2,Sunny
21200514,11,15,36%,North,<12km/h,3,Sunny
21200514,12,13,37%,Northeast,<12km/h,2,Sunny
21200514,13,15,39%,Northeast,<12km/h,3,Sunny
21200514,14,17,35%,East,<12km/h,2,Sunny
21200514,15,17,43%,East,<12km/h,2,Sunny
21200514,16,15,42%,Northeast,<12km/h,3,Sunny
21200514,17,13,47%,Northeast,<12km/h,3,Sunny
21200514,18,14,59%,Northeast,<12km/h,2,Sunny
21200514,19,9,,,,<3,Overcast
21200514,20,9,,,,<3,Overcast
21200514,21,12,53%,East,<12km/h,2,Sunny
21200514,22,12,54%,Quiet,,0,Sunny
21200514,23,11,58%,Quiet,,0,Cloudy
21200515,00,12,51%,Quiet,,0,Cloudy
21200515,01,8,72%,Southwest,<12km/h,2,Sunny
21200515,02,11,57%,Southwest,<12km/h,1,Cloudy
21200515,03,6,85%,Southwest,<12km/h,1,Cloudy
21200515,04,6,88%,Southwest,<12km/h,1,Cloudy
21200515,05,6,82%,Quiet,,0,Cloudy
21200515,06,10,63%,South,<12km/h,1,Overcast
21200515,07,11,63%,Quiet,,0,Overcast
21200515,08,12,55%,Northeast,<12km/h,2,Overcast
21200515,09,12,61%,Quiet,,0,Overcast
21200515,10,11,62%,Northeast,<12km/h,3,Cloudy
21200515,11,18,,,,<3,Overcast
21200515,12,16,48%,North,<12km/h,2,Overcast
21200515,13,16,49%,North,<12km/h,2,Overcast
21200515,14,12,63%,Northeast,<12km/h,2,Cloudy
21200515,15,12,63%,Northeast,<12km/h,3,Cloudy
21200515,16,16,50%,Northeast,<12km/h,2,Overcast
21200515,17,16,53%,North,<12km/h,2,Overcast
21200515,18,14,58%,North,16-24km/h,4,Overcast
21200515,19,15,56%,Northwest,<12km/h,1,Cloudy
21200515,20,12,,,,<3,Overcast
21200515,21,14,64%,North,16-24km/h,4,Overcast
21200515,22,14,56%,Northeast,<12km/h,1,Overcast
21200515,23,15,61%,Northeast,<12km/h,1,Overcast
21200516,00,14,86%,Northwest,<12km/h,1,Sunny
21200516,01,13,89%,North,<12km/h,1,Sunny
21200516,02,14,62%,North,<12km/h,3,Sunny
21200516,03,12,85%,Northeast,<12km/h,1,Cloudy
21200516,04,13,71%,North,<12km/h,1,Sunny
21200516,05,13,66%,North,<12km/h,2,Cloudy
21200516,06,12,87%,Quiet,,0,Cloudy
21200516,07,11,94%,Northwest,<12km/h,1,Cloudy
21200516,08,15,67%,North,<12km/h,1,Cloudy
21200516,09,16,52%,Northeast,<12km/h,2,Cloudy
21200516,10,19,49%,North,<12km/h,2,Cloudy
21200516,11,19,43%,North,<12km/h,2,Cloudy
21200516,12,18,45%,East,16-24km/h,4,Cloudy
21200516,13,22,29%,Southeast,<12km/h,2,Cloudy
21200516,14,21,34%,Northeast,<12km/h,2,Cloudy
21200516,15,19,49%,Southeast,<12km/h,2,Overcast
21200516,16,20,35%,East,<12km/h,2,Overcast
21200516,17,17,49%,Quiet,,0,Cloudy
21200516,18,16,59%,West,<12km/h,1,Cloudy
21200516,19,16,65%,Northeast,16-24km/h,4,Cloudy
21200516,20,13,70%,Southwest,<12km/h,2,Cloudy
21200516,21,15,67%,North,<12km/h,2,Cloudy
21200516,22,14,69%,Northeast,<12km/h,2,Overcast
21200516,23,13,81%,Quiet,,0,Overcast
21200517,00,15,59%,North,<12km/h,1,Overcast
21200517,01,14,66%,Northwest,<12km/h,2,Overcast
21200517,02,15,61%,North,16-24km/h,4,Cloudy
21200517,03,14,61%,Northeast,<12km/h,1,Cloudy
21200517,04,14,63%,Northeast,<12km/h,1,Cloudy
21200517,05,12,,,,<3,Overcast
21200517,06,14,64%,Quiet,,0,Cloudy
21200517,07,13,72%,Quiet,,0,Cloudy
21200517,08,16,62%,North,<12km/h,2,Cloudy
21200517,09,17,59%,North,<12km/h,2,Cloudy
21200517,10,17,63%,North,<12km/h,2,Cloudy
21200517,11,18,55%,Quiet,,0,Rain
21200517,12,18,56%,Quiet,,0,Overcast
21200517,13,20,55%,Northeast,<12km/h,1,Overcast
21200517,14,18,59%,North,<12km/h,3,Cloudy
21200517,15,19,59%,East,<12km/h,1,Cloudy
21200517,16,18,63%,East,<12km/h,2,Overcast
21200517,17,17,69%,Northeast,<12km/h,1,Overcast
21200517,18,17,67%,Northeast,<12km/h,2,Overcast
21200517,19,10,,,,<3,Overcast
21200517,20,16,83%,Northwest,<12km/h,1,Overcast
21200517,21,12,,,,<3,Cloudy
21200517,22,16,83%,Quiet,,0,Overcast
21200517,23,15,83%,North,<12km/h,1,Cloudy
21200518,00,15,81%,Quiet,,0,Cloudy
21200518,01,11,86%,Quiet,,0,Cloudy
21200518,02,15,88%,Southeast,<12km/h,1,Cloudy
21200518,03,15,95%,West,<12km/h,2,Cloudy
21200518,04,16,84%,South,<12km/h,1,Cloudy
21200518,05,16,84%,Quiet,,0,Cloudy
21200518,06,15,88%,Northeast,<12km/h,2,Sunny
21200518,07,15,93%,Northwest,<12km/h,1,Cloudy
21200518,08,16,82%,Quiet,,0,Sunny
21200518,09,17,78%,Quiet,,0,Overcast
21200518,10,16,90%,Southwest,<12km/h,1,Cloudy
21200518,11,19,71%,South,<12km/h,1,Overcast
21200518,12,19,73%,West,<12km/h,1,Overcast
21200518,13,20,72%,North,<12km/h,1,Overcast
21200518,14,20,72%,Northwest,<12km/h,1,Overcast
21200518,15,14,80%,North,<12km/h,2,Cloudy
21200518,16,21,72%,East,<12km/h,1,Overcast
21200518,17,20,81%,Northwest,<12km/h,1,Cloudy
21200518,18,18,98%,West,<12km/h,2,Rain
21200518,19,14,86%,North,<12km/h,1,Cloudy
21200518,20,19,70%,Quiet,,0,Cloudy
21200518,21,17,95%,South,<12km/h,1,Cloudy
21200518,22,18,98%,Northwest,<12km/h,1,Overcast
21200518,23,20,77%,Northeast,<12km/h,3,Cloudy
21200519,00,14,93%,Northwest,<12km/h,1,Cloudy
21200519,01,17,97%,West,<12km/h,1,Overcast
21200519,02,17,79%,Quiet,,0,Cloudy
21200519,03,17,99%,West,<12km/h,1,Cloudy
21200519,04,14,98%,Quiet,,0,Overcast
21200519,05,15,99%,Quiet,,0,Overcast
21200519,06,17,88%,Quiet,,0,Overcast
21200519,07,17,87%,Quiet,,0,Overcast
21200519,08,24,,,,<3,Overcast
21200519,09,20,76%,North,<12km/h,1,Cloudy
21200519,10,21,70%,Quiet,,0,Cloudy
21200519,11,23,66%,East,<12km/h,2,Overcast
21200519,12,22,79%,North,<12km/h,3,Overcast
21200519,13,23,67%,East,<12km/h,2,Overcast
21200519,14,22,62%,North,<12km/h,2,Overcast
21200519,15,23,73%,East,<12km/h,2,Overcast
21200519,16,23,71%,Northeast,<12km/h,1,Overcast
21200519,17,23,70%,South,<12km/h,1,Overcast
21200519,18,22,81%,West,<12km/h,1,Overcast
21200519,19,18,97%,Quiet,,0,Overcast
21200519,20,16,,,,<3,Cloudy
21200519,21,19,96%,Southeast,<12km/h,1,Cloudy
21200519,22,18,97%,Northwest,<12km/h,2,Cloudy
21200519,23,16,96%,South,<12km/h,1,Sunny
21200520,00,17,83%,North,<12km/h,1,Sunny
21200520,01,11,87%,North,<12km/h,1,Sunny
21200520,02,16,70%,Quiet,,0,Sunny
21200520,03,14,96%,Northwest,<12km/h,1,Sunny
21200520,04,12,,,,<3,Sunny
21200520,05,14,87%,Northwest,<12km/h,1,Cloudy
21200520,06,14,84%,West,<12km/h,1,Sunny
21200520,07,14,84%,Quiet,,0,Sunny
21200520,08,18,63%,South,<12km/h,1,Sunny
21200520,09,19,61%,East,<12km/h,1,Sunny
21200520,10,21,53%,Southwest,<12km/h,1,Sunny
21200520,11,22,45%,North,<12km/h,2,Sunny
21200520,12,19,50%,North,<12km/h,3,Sunny
21200520,13,22,,,,<3,Sunny
21200520,14,22,49%,Southeast,<12km/h,2,Sunny
21200520,15,21,54%,Southeast,<12km/h,3,Sunny
21200520,16,21,41%,North,<12km/h,2,Sunny
21200520,17,20,48%,North,16-24km/h,4,Sunny
21200520,18,18,71%,Southeast,<12km/h,2,Sunny
21200520,19,19,59%,North,<12km/h,1,Sunny
21200520,20,16,82%,East,<12km/h,1,Sunny
21200520,21,17,62%,East,<12km/h,3,Sunny
21200520,22,14,72%,Southeast,16-24km/h,4,Sunny
21200520,23,15,73%,East,<12km/h,2,Sunny
21200521,00,19,91%,Southwest,<12km/h,1,Sunny
21200521,01,19,91%,West,<12km/h,1,Sunny
21200521,02,18,100%,Northwest,<12km/h,1,Sunny
21200521,03,18,95%,Quiet,,0,Sunny
21200521,04,17,96%,Quiet,,0,Sunny
21200521,05,15,100%,Quiet,,0,Sunny
21200521,06,17,99%,Northwest,<12km/h,2,Sunny
21200521,07,16,100%,Northwest,<12km/h,1,Sunny
21200521,08,18,98%,North,<12km/h,1,Sunny
21200521,09,21,85%,Quiet,,0,Sunny
21200521,10,23,69%,Southeast,<12km/h,2,Sunny
21200521,11,25,56%,East,<12km/h,1,Sunny
21200521,12,26,64%,Northeast,<12km/h,1,Sunny
21200521,13,27,54%,East,<12km/h,1,Sunny
21200521,14,25,60%,Southeast,<12km/h,2,Cloudy
21200521,15,23,71%,Northeast,<12km/h,2,Cloudy
21200521,16,23,71%,South,<12km/h,1,Cloudy
21200521,17,22,72%,South,<12km/h,1,Cloudy
21200521,18,21,76%,Southeast,<12km/h,2,Cloudy
21200521,19,20,84%,Southeast,<12km/h,1,Cloudy
21200521,20,18,95%,Northeast,<12km/h,3,Cloudy
21200521,21,20,92%,Southeast,<12km/h,2,Cloudy
21200521,22,20,87%,Southeast,<12km/h,1,Cloudy
21200521,23,19,92%,Southeast,<12km/h,2,Overcast
21200522,00,19,87%,Northeast,<12km/h,1,Cloudy
21200522,01,19,96%,Northwest,<12km/h,1,Overcast
21200522,02,19,91%,Quiet,,0,Overcast
21200522,03,18,95%,North,<12km/h,1,Overcast
21200522,04,18,93%,Northeast,<12km/h,2,Overcast
21200522,05,18,95%,Quiet,,0,Overcast
21200522,06,18,70%,Northeast,<12km/h,1,Overcast
21200522,07,18,73%,East,<12km/h,3,Overcast
21200522,08,17,71%,East,<12km/h,2,Overcast
21200522,09,17,65%,North,<12km/h,2,Overcast
21200522,10,16,66%,East,<12km/h,2,Overcast
21200522,11,16,69%,Northeast,<12km/h,2,Overcast
21200522,12,15,64%,Northeast,<12km/h,2,Overcast
21200522,13,16,70%,East,<12km/h,2,Overcast
21200522,14,15,73%,Southeast,<12km/h,3,Overcast
21200522,15,14,64%,Northeast,<12km/h,1,Overcast
21200522,16,12,68%,North,<12km/h,3,Cloudy
21200522,17,13,87%,Southwest,<12km/h,1,Overcast
21200522,18,13,65%,Northeast,<12km/h,2,Overcast
21200522,19,13,64%,Northeast,<12km/h,2,Overcast
21200522,20,11,68%,North,<12km/h,3,Cloudy
21200522,21,13,66%,Northeast,<12km/h,2,Overcast
21200522,22,10,69%,North,<12km/h,3,Cloudy
21200522,23,13,73%,East,<12km/h,2,Cloudy
21200523,00,13,76%,Northeast,<12km/h,1,Overcast
21200523,01,11,89%,Northwest,<12km/h,2,Overcast
21200523,02,12,76%,North,<12km/h,1,Overcast
21200523,03,13,70%,Northwest,<12km/h,3,Overcast
21200523,04,10,90%,North,<12km/h,1,Overcast
21200523,05,23,,Southeast,,<3,Overcast
21200523,06,23,,Southeast,,<3,Overcast
21200523,07,23,,Southeast,,<3,Overcast
21200523,08,22,,Southeast,,<3,Overcast
21200523,09,22,,Southeast,,<3,Overcast
21200523,10,19,55%,West,<12km/h,2,Cloudy
21200523,11,20,45%,North,<12km/h,2,Cloudy
21200523,12,22,46%,South,<12km/h,2,Cloudy
21200523,13,22,40%,South,<12km/h,2,Cloudy
21200523,14,22,45%,Southeast,<12km/h,3,Cloudy
21200523,15,22,38%,Southwest,<12km/h,2,Cloudy
21200523,16,22,41%,Northwest,<12km/h,1,Cloudy
21200523,17,20,54%,Quiet,,0,Cloudy
21200523,18,18,59%,South,<12km/h,1,Cloudy
21200523,19,16,72%,Northeast,<12km/h,1,Cloudy
21200523,20,16,80%,Quiet,,0,Overcast
21200523,21,15,84%,West,<12km/h,2,Overcast
21200523,22,14,83%,Quiet,,0,Overcast
21200523,23,14,86%,West,<12km/h,2,Cloudy
21200524,00,12,67%,North,<12km/h,2,Cloudy
21200524,01,11,66%,Northeast,<12km/h,2,Sunny
21200524,02,9,100%,Northeast,<12km/h,2,Rain
21200524,03,12,68%,Northwest,<12km/h,1,Cloudy
21200524,04,12,76%,North,<12km/h,2,Sunny
21200524,05,12,68%,Quiet,,0,Cloudy
21200524,06,11,92%,Southwest,<12km/h,1,Cloudy
21200524,07,12,73%,North,<12km/h,2,Cloudy
21200524,08,12,67%,Northwest,<12km/h,1,Cloudy
21200524,09,13,69%,Northeast,<12km/h,2,Cloudy
21200524,10,14,62%,Northeast,<12km/h,2,Cloudy
21200524,11,16,60%,East,<12km/h,2,Overcast
21200524,12,16,62%,Southeast,<12km/h,1,Overcast
21200524,13,15,59%,North,<12km/h,1,Overcast
21200524,14,13,75%,North,<12km/h,1,Overcast
21200524,15,15,71%,Southwest,<12km/h,1,Overcast
21200524,16,15,68%,East,<12km/h,2,Overcast
21200524,17,15,78%,Quiet,,0,Overcast
21200524,18,15,68%,East,<12km/h,1,Overcast
21200524,19,15,74%,Quiet,,0,Overcast
21200524,20,15,69%,Quiet,,0,Cloudy
21200524,21,15,69%,Quiet,,0,Cloudy
21200524,22,11,96%,Northeast,<12km/h,2,Overcast
21200524,23,13,69%,Northeast,<12km/h,3,Overcast
21200525,00,14,82%,Quiet,,0,Overcast
21200525,01,13,77%,Quiet,,0,Overcast
21200525,02,12,75%,North,<12km/h,2,Overcast
21200525,03,14,78%,Northwest,<12km/h,1,Overcast
21200525,04,11,99%,South,<12km/h,1,Overcast
21200525,05,12,74%,North,<12km/h,3,Overcast
21200525,06,13,84%,Northeast,<12km/h,1,Cloudy
21200525,07,11,96%,Northeast,<12km/h,2,Cloudy
21200525,08,15,69%,North,<12km/h,1,Cloudy
21200525,09,15,68%,North,<12km/h,1,Cloudy
21200525,10,15,65%,North,<12km/h,1,Cloudy
21200525,11,17,58%,East,<12km/h,1,Cloudy
21200525,12,17,61%,Northeast,<12km/h,1,Cloudy
21200525,13,16,61%,North,<12km/h,1,Cloudy
21200525,14,17,66%,Northeast,<12km/h,2,Overcast
21200525,15,15,65%,Northeast,<12km/h,3,Overcast
21200525,16,17,63%,East,<12km/h,1,Overcast
21200525,17,16,64%,East,<12km/h,2,Overcast
21200525,18,16,65%,East,<12km/h,2,Overcast
21200525,19,15,71%,Northeast,<12km/h,2,Overcast
21200525,20,13,82%,North,<12km/h,1,Rain
21200525,21,14,86%,North,<12km/h,2,Rain
21200525,22,13,92%,North,<12km/h,2,Rain
21200525,23,10,100%,Northeast,<12km/h,2,Rain
21200526,00,10,88%,North,16-24km/h,4,Rain
21200526,01,13,80%,North,<12km/h,2,Overcast
21200526,02,12,79%,North,<12km/h,2,Overcast
21200526,03,13,79%,North,<12km/h,2,Overcast
21200526,04,12,75%,North,<12km/h,2,Overcast
21200526,05,12,84%,North,<12km/h,2,Overcast
21200526,06,7,96%,Northeast,<12km/h,2,Overcast
21200526,07,11,70%,Northeast,<12km/h,1,Overcast
21200526,08,11,70%,West,<12km/h,1,Overcast
21200526,09,11,70%,Northwest,<12km/h,1,Overcast
21200526,10,10,74%,North,24-34km/h,5,Overcast
21200526,11,12,64%,North,<12km/h,2,Cloudy
21200526,12,12,66%,North,<12km/h,1,Cloudy
21200526,13,13,63%,North,<12km/h,2,Cloudy
21200526,14,12,64%,North,<12km/h,3,Cloudy
21200526,15,10,64%,Northwest,<12km/h,2,Overcast
21200526,16,12,62%,North,<12km/h,2,Cloudy
21200526,17,11,64%,Northwest,<12km/h,1,Sunny
21200526,18,6,,,,<3,Overcast
21200526,19,6,,,,<3,Overcast
21200526,20,6,,,,<3,Overcast
21200526,21,6,,,,<3,Overcast
21200526,22,6,,,,<3,Overcast
21200526,23,6,,,,<3,Overcast
21200527,00,13,90%,Southwest,<12km/h,1,Sunny
21200527,01,14,93%,Northwest,<12km/h,2,Sunny
21200527,02,14,92%,Northwest,<12km/h,2,Overcast
21200527,03,12,,,,<3,Cloudy
21200527,04,14,92%,Northwest,<12km/h,2,Overcast
21200527,05,13,94%,Northwest,<12km/h,2,Sunny
21200527,06,13,93%,Quiet,,0,Sunny
21200527,07,14,94%,Quiet,,0,Sunny
21200527,08,17,84%,Quiet,,0,Sunny
21200527,09,18,69%,North,<12km/h,1,Overcast
21200527,10,21,58%,North,<12km/h,1,Overcast
21200527,11,23,58%,Northeast,<12km/h,1,Sunny
21200527,12,23,,,,<3,Cloudy
21200527,13,25,50%,Northeast,<12km/h,2,Sunny
21200527,14,26,43%,North,<12km/h,2,Sunny
21200527,15,27,,,,<3,Cloudy
21200527,16,23,64%,Southeast,<12km/h,2,Sunny
21200527,17,22,50%,Northeast,<12km/h,1,Sunny
21200527,18,21,52%,Northwest,<12km/h,2,Sunny
21200527,19,21,51%,North,<12km/h,3,Sunny
21200527,20,19,56%,Northwest,<12km/h,2,Sunny
21200527,21,20,51%,North,<12km/h,3,Sunny
21200527,22,18,62%,Quiet,,0,Sunny
21200527,23,15,63%,Northeast,<12km/h,2,Sunny
21200528,00,6,,,,<3,Overcast
21200528,01,6,,,,<3,Overcast
21200528,02,7,,,,<3,Overcast
21200528,03,6,,,,<3,Overcast
21200528,04,6,,,,<3,Overcast
21200528,05,7,,,,<3,Overcast
21200528,06,14,,,,<3,Overcast
21200528,07,17,,,,<3,Overcast
21200528,08,10,55%,Northwest,<12km/h,3,Cloudy
21200528,09,10,60%,Northwest,<12km/h,1,Cloudy
21200528,10,12,55%,West,<12km/h,1,Cloudy
21200528,11,15,52%,North,<12km/h,2,Overcast
21200528,12,15,49%,Quiet,,0,Cloudy
21200528,13,16,49%,Northeast,<12km/h,2,Overcast
21200528,14,18,45%,East,<12km/h,1,Overcast
21200528,15,14,58%,North,<12km/h,3,Sunny
21200528,16,14,62%,Northeast,<12km/h,3,Sunny
21200528,17,15,52%,Northeast,<12km/h,2,Cloudy
21200528,18,13,64%,Northeast,16-24km/h,4,Overcast
21200528,19,14,61%,Northeast,<12km/h,1,Overcast
21200528,20,14,56%,Quiet,,0,Overcast
21200528,21,14,58%,North,<12km/h,1,Overcast
21200528,22,13,60%,Quiet,,0,Overcast
21200528,23,13,75%,North,<12km/h,2,Overcast
21200529,00,13,68%,North,<12km/h,3,Overcast
21200529,01,12,80%,Northwest,<12km/h,2,Overcast
21200529,02,12,85%,North,<12km/h,1,Rain
21200529,03,13,73%,North,<12km/h,3,Overcast
21200529,04,12,84%,North,<12km/h,1,Overcast
21200529,05,12,94%,Northwest,<12km/h,2,Overcast
21200529,06,13,82%,North,<12km/h,1,Overcast
21200529,07,13,81%,North,<12km/h,1,Overcast
21200529,08,12,86%,Quiet,,0,Overcast
21200529,09,13,88%,Quiet,,0,Overcast
21200529,10,12,94%,Quiet,,0,Rain
21200529,11,13,98%,Northwest,<12km/h,2,Overcast
21200529,12,13,98%,Northwest,<12km/h,2,Overcast
21200529,13,13,100%,Quiet,,0,Rain
21200529,14,14,99%,Northwest,<12km/h,1,Rain
21200529,15,14,95%,Southeast,<12km/h,1,Rain
21200529,16,14,99%,Northwest,<12km/h,2,Rain
21200529,17,12,98%,Quiet,,0,Rain
21200529,18,12,100%,Quiet,,0,Rain
21200529,19,15,97%,Northeast,<12km/h,2,Rain
21200529,20,14,97%,East,<12km/h,1,Rain
21200529,21,14,97%,North,<12km/h,1,Rain
21200529,22,14,99%,North,<12km/h,1,Rain
21200529,23,14,97%,Quiet,,0,Overcast
21200530,00,18,82%,South,<12km/h,3,Overcast
21200530,01,13,98%,South,<12km/h,2,Overcast
21200530,02,18,84%,Northeast,<12km/h,1,Overcast
21200530,03,18,82%,North,<12km/h,3,Overcast
21200530,04,16,95%,South,<12km/h,2,Sunny
21200530,05,17,91%,North,<12km/h,3,Overcast
21200530,06,17,89%,South,<12km/h,1,Overcast
21200530,07,18,80%,North,<12km/h,1,Cloudy
21200530,08,18,80%,North,<12km/h,1,Cloudy
21200530,09,19,76%,North,<12km/h,1,Cloudy
21200530,10,20,71%,North,<12km/h,1,Cloudy
21200530,11,23,60%,Northeast,<12km/h,2,Cloudy
21200530,12,21,68%,Northeast,24-34km/h,5,Cloudy
21200530,13,20,66%,North,<12km/h,3,Overcast
21200530,14,21,65%,Northeast,<12km/h,2,Overcast
21200530,15,21,62%,North,<12km/h,3,Overcast
21200530,16,21,75%,East,<12km/h,2,Overcast
21200530,17,20,70%,Northeast,<12km/h,2,Cloudy
21200530,18,19,65%,North,24-34km/h,5,Cloudy
21200530,19,19,69%,Southwest,<12km/h,1,Sunny
21200530,20,19,79%,Quiet,,0,Sunny
21200530,21,18,83%,Quiet,,0,Sunny
21200530,22,18,82%,North,<12km/h,2,Sunny
21200530,23,16,97%,North,<12km/h,1,Sunny
21200531,00,13,98%,West,<12km/h,1,Rain
21200531,01,13,,,,<3,Moderaterain
21200531,02,13,98%,Northwest,<12km/h,2,Rain
21200531,03,13,99%,West,<12km/h,1,Rain
21200531,04,15,97%,Quiet,,0,Rain
21200531,05,13,,,,<3,Moderaterain
21200531,06,19,,,,<3,Cloudy
21200531,07,14,94%,Northwest,<12km/h,1,Overcast
21200531,08,17,96%,Northwest,<12km/h,2,Overcast
21200531,09,19,76%,East,<12km/h,2,Overcast
21200531,10,19,84%,Northwest,<12km/h,2,Cloudy
21200531,11,19,67%,West,<12km/h,2,Cloudy
21200531,12,17,,,,<3,Cloudy
21200531,13,17,75%,Northeast,<12km/h,2,Cloudy
21200531,14,20,,,,<3,Cloudy
21200531,15,20,54%,North,16-24km/h,4,Sunny
21200531,16,17,60%,Northwest,<12km/h,1,Cloudy
21200531,17,17,65%,North,<12km/h,2,Sunny
21200531,18,16,67%,Northwest,16-24km/h,4,Cloudy
21200531,19,8,,,,<3,Cloudy
21200531,20,14,63%,North,<12km/h,2,Cloudy
21200531,21,7,,,,<3,Overcast
21200531,22,15,72%,Northeast,<12km/h,1,Cloudy
21200531,23,14,70%,North,<12km/h,2,Cloudy
21200601,00,14,71%,Northeast,<12km/h,2,Cloudy
21200601,01,10,80%,Northeast,<12km/h,2,Overcast
21200601,02,11,64%,Southeast,<12km/h,1,Cloudy
21200601,03,10,61%,Northwest,<12km/h,3,Sunny
21200601,04,8,,,,<3,Cloudy
21200601,05,10,59%,Northeast,<12km/h,1,Sunny
21200601,06,14,,,,<3,Sunny
21200601,07,9,52%,Northwest,<12km/h,1,Sunny
21200601,08,12,52%,Northeast,<12km/h,2,Sunny
21200601,09,11,45%,Northwest,<12km/h,1,Sunny
21200601,10,11,41%,East,16-24km/h,4,Sunny
21200601,11,14,28%,Northeast,<12km/h,2,Sunny
21200601,12,14,31%,West,<12km/h,2,Sunny
21200601,13,14,33%,North,<12km/h,2,Sunny
21200601,14,14,,,,<3,Sunny
21200601,15,15,28%,Northwest,<12km/h,2,Sunny
21200601,16,14,31%,Northeast,<12km/h,2,Sunny
21200601,17,11,35%,Northeast,16-24km/h,4,Sunny
21200601,18,10,47%,West,<12km/h,1,Sunny
21200601,19,11,39%,North,<12km/h,2,Sunny
21200601,20,8,53%,North,<12km/h,2,Sunny
21200601,21,9,41%,Quiet,,0,Sunny
21200601,22,3,,,,<3,Sunny
21200601,23,5,73%,Northeast,<12km/h,1,Sunny
21200602,00,6,69%,North,<12km/h,1,Sunny
21200602,01,3,,,,<3,Sunny
21200602,02,4,87%,Northwest,<12km/h,1,Sunny
21200602,03,3,,,,<3,Sunny
21200602,04,3,87%,Southwest,<12km/h,1,Sunny
21200602,05,1,,,,<3,Sunny
21200602,06,6,71%,Northeast,<12km/h,1,Sunny
21200602,07,14,,,,<3,Sunny
21200602,08,14,,,,<3,Sunny
21200602,09,10,52%,Quiet,,0,Sunny
21200602,10,12,34%,East,<12km/h,3,Sunny
21200602,11,9,34%,Northeast,<12km/h,2,Sunny
21200602,12,11,27%,Northeast,<12km/h,2,Sunny
21200602,13,15,,,,<3,Sunny
21200602,14,15,,,,<3,Sunny
21200602,15,12,38%,Northeast,<12km/h,1,Sunny
21200602,16,14,,,,<3,Sunny
21200602,17,11,36%,Southeast,<12km/h,1,Sunny
21200602,18,10,54%,Northeast,<12km/h,2,Sunny
21200602,19,8,65%,Quiet,,0,Sunny
21200602,20,7,69%,Northeast,<12km/h,1,Sunny
21200602,21,7,65%,North,<12km/h,2,Sunny
21200602,22,5,85%,North,<12km/h,1,Sunny
21200602,23,1,85%,Quiet,,0,Sunny
21200603,00,7,73%,Northeast,<12km/h,1,Sunny
21200603,01,3,,,,<3,Sunny
21200603,02,3,,,,<3,Sunny
21200603,03,3,,,,<3,Sunny
21200603,04,4,89%,Northwest,<12km/h,2,Sunny
21200603,05,3,,,,<3,Sunny
21200603,06,4,80%,Quiet,,0,Sunny
21200603,07,9,43%,Northwest,16-24km/h,4,Overcast
21200603,08,8,68%,South,<12km/h,2,Sunny
21200603,09,7,64%,North,<12km/h,1,Sunny
21200603,10,12,47%,Quiet,,0,Sunny
21200603,11,15,,,,<3,Cloudy
21200603,12,11,40%,Quiet,,0,Overcast
21200603,13,13,35%,North,<12km/h,3,Overcast
21200603,14,12,43%,South,<12km/h,1,Overcast
21200603,15,15,32%,Southeast,<12km/h,1,Sunny
21200603,16,13,38%,Northeast,<12km/h,2,Sunny
21200603,17,5,,,,<3,Overcast
21200603,18,10,66%,Southeast,<12km/h,1,Sunny
21200603,19,3,,,,<3,Overcast
21200603,20,12,54%,Northeast,<12km/h,3,Overcast
21200603,21,7,85%,North,<12km/h,2,Cloudy
21200603,22,5,,,,<3,Overcast
21200603,23,8,82%,Northwest,<12km/h,1,Sunny
21200604,00,7,84%,West,<12km/h,1,Cloudy
21200604,01,5,,,,<3,Overcast
21200604,02,7,83%,Northwest,<12km/h,1,Cloudy
21200604,03,8,65%,Quiet,,0,Cloudy
21200604,04,7,83%,Northwest,<12km/h,2,Cloudy
21200604,05,6,77%,South,<12km/h,1,Cloudy
21200604,06,13,,,,<3,Overcast
21200604,07,13,,,,<3,Overcast
21200604,08,9,70%,North,<12km/h,1,Overcast
21200604,09,11,34%,North,<12km/h,3,Overcast
21200604,10,15,,,,<3,Overcast
21200604,11,12,46%,North,<12km/h,3,Overcast
21200604,12,11,,,,<3,Overcast
21200604,13,13,,,,<3,Overcast
21200604,14,13,39%,North,<12km/h,2,Overcast
21200604,15,11,41%,Quiet,,0,Overcast
21200604,16,12,56%,Northeast,<12km/h,3,Overcast
21200604,17,11,49%,Northeast,<12km/h,1,Overcast
21200604,18,12,55%,North,<12km/h,3,Overcast
21200604,19,9,67%,Quiet,,0,Overcast
21200604,20,11,50%,Northeast,<12km/h,1,Overcast
21200604,21,10,50%,Quiet,,0,Overcast
21200604,22,11,59%,North,<12km/h,2,Rain
21200604,23,9,56%,Southwest,<12km/h,1,Overcast
21200605,00,10,54%,Northwest,<12km/h,1,Overcast
21200605,01,8,,,,<3,Lightrain
21200605,02,8,,,,<3,Lightrain
21200605,03,9,66%,North,<12km/h,1,Overcast
21200605,04,10,62%,Southwest,<12km/h,1,Rain
21200605,05,10,60%,Southwest,<12km/h,1,Overcast
21200605,06,10,,,,<3,Lightrain
21200605,07,10,,,,<3,Lightrain
21200605,08,9,56%,West,<12km/h,1,Overcast
21200605,09,9,85%,West,<12km/h,1,Rain
21200605,10,10,,,,<3,Lightrain
21200605,11,9,91%,North,<12km/h,2,Rain
21200605,12,9,89%,Northeast,<12km/h,3,Rain
21200605,13,8,92%,North,<12km/h,3,Rain
21200605,14,9,93%,North,<12km/h,1,Rain
21200605,15,9,88%,North,<12km/h,2,Rain
21200605,16,9,73%,North,<12km/h,2,Overcast
21200605,17,9,68%,North,<12km/h,1,Overcast
21200605,18,3,,,,<3,Cloudy
21200605,19,3,,,,<3,Cloudy
21200605,20,8,81%,West,<12km/h,1,Cloudy
21200605,21,3,,,,<3,Cloudy
21200605,22,3,,,,<3,Cloudy
21200605,23,7,63%,West,<12km/h,1,Cloudy
21200606,00,7,72%,North,<12km/h,2,Cloudy
21200606,01,7,62%,West,<12km/h,2,Cloudy
21200606,02,5,78%,North,<12km/h,2,Sunny
21200606,03,5,73%,Northwest,<12km/h,1,Sunny
21200606,04,0,,,,<3,Cloudy
21200606,05,5,57%,Northwest,<12km/h,2,Sunny
21200606,06,5,57%,Northwest,16-24km/h,4,Sunny
21200606,07,7,53%,North,<12km/h,2,Sunny
21200606,08,4,84%,North,<12km/h,1,Sunny
21200606,09,8,53%,Northwest,<12km/h,1,Sunny
21200606,10,13,,,,<3,Sunny
21200606,11,11,32%,Northeast,<12km/h,2,Sunny
21200606,12,13,,,,<3,Sunny
21200606,13,13,25%,North,<12km/h,2,Sunny
21200606,14,14,28%,North,<12km/h,2,Sunny
21200606,15,13,27%,North,<12km/h,3,Sunny
21200606,16,13,,,,<3,Sunny
21200606,17,11,34%,Quiet,,0,Sunny
21200606,18,1,,,,<3,Sunny
21200606,19,1,,,,<3,Sunny
21200606,20,9,51%,East,<12km/h,2,Sunny
21200606,21,1,,,,<3,Sunny
21200606,22,7,58%,Northeast,<12km/h,1,Sunny
21200606,23,6,59%,Quiet,,0,Sunny
21200607,00,1,,,,<3,Sunny
21200607,01,1,,,,<3,Sunny
21200607,02,2,,,,<3,Sunny
21200607,03,4,81%,Quiet,,0,Sunny
21200607,04,4,67%,Northwest,<12km/h,2,Sunny
21200607,05,1,,,,<3,Sunny
21200607,06,4,67%,North,<12km/h,1,Sunny
21200607,07,14,,,,<3,Sunny
21200607,08,-1,84%,South,<12km/h,1,Sunny
21200607,09,10,48%,West,<12km/h,2,Sunny
21200607,10,8,48%,North,<12km/h,2,Sunny
21200607,11,14,,,,<3,Sunny
21200607,12,12,46%,North,<12km/h,2,Sunny
21200607,13,14,,,,<3,Sunny
21200607,14,14,,,,<3,Sunny
21200607,15,17,23%,Quiet,,0,Sunny
21200607,16,14,29%,Quiet,,0,Sunny
21200607,17,13,37%,Quiet,,0,Sunny
21200607,18,11,66%,East,<12km/h,2,Sunny
21200607,19,9,69%,South,<12km/h,1,Cloudy
21200607,20,3,70%,Southwest,<12km/h,1,Sunny
21200607,21,6,73%,Quiet,,0,Sunny
21200607,22,9,71%,Northeast,<12km/h,2,Sunny
21200607,23,1,83%,South,<12km/h,1,Sunny
21200608,00,6,91%,South,<12km/h,1,Sunny
21200608,01,4,,Southeast,,<3,Cloudy
21200608,02,6,84%,North,<12km/h,1,Sunny
21200608,03,4,,Southeast,,<3,Cloudy
21200608,04,5,86%,Quiet,,0,Sunny
21200608,05,3,,Southeast,,<3,Cloudy
21200608,06,1,97%,Southwest,<12km/h,1,Cloudy
21200608,07,18,,Southeast,,<3,Overcast
21200608,08,18,,Southeast,,<3,Overcast
21200608,09,18,,Southeast,,<3,Overcast
21200608,10,17,,Southeast,,<3,Overcast
21200608,11,14,45%,South,<12km/h,2,Sunny
21200608,12,17,,Southeast,,<3,Overcast
21200608,13,13,,,,<3,Overcast
21200608,14,16,49%,East,<12km/h,3,Cloudy
21200608,15,18,33%,East,<12km/h,1,Cloudy
21200608,16,15,46%,East,<12km/h,3,Sunny
21200608,17,6,,,,<3,Overcast
21200608,18,6,,,,<3,Overcast
21200608,19,6,,,,<3,Overcast
21200608,20,10,81%,South,<12km/h,1,Cloudy
21200608,21,6,,,,<3,Overcast
21200608,22,10,72%,Northeast,<12km/h,1,Overcast
21200608,23,7,,,,<3,Overcast
21200609,00,9,76%,Northeast,<12km/h,1,Overcast
21200609,01,8,91%,Quiet,,0,Overcast
21200609,02,7,92%,Northeast,<12km/h,2,Overcast
21200609,03,9,77%,West,<12km/h,2,Overcast
21200609,04,6,,,,<3,Overcast
21200609,05,8,83%,West,<12km/h,2,Sunny
21200609,06,8,88%,Northwest,<12km/h,2,Sunny
21200609,07,8,84%,Northwest,<12km/h,1,Sunny
21200609,08,9,83%,South,<12km/h,2,Sunny
21200609,09,19,,,,<3,Cloudy
21200609,10,19,,,,<3,Cloudy
21200609,11,17,46%,Southeast,<12km/h,1,Sunny
21200609,12,17,42%,East,<12km/h,2,Sunny
21200609,13,19,,,,<3,Cloudy
21200609,14,18,51%,East,<12km/h,2,Sunny
21200609,15,17,56%,Southeast,<12km/h,2,Sunny
21200609,16,17,53%,Quiet,,0,Sunny
21200609,17,14,62%,Southeast,<12km/h,2,Sunny
21200609,18,14,67%,East,<12km/h,1,Sunny
21200609,19,12,79%,Quiet,,0,Sunny
21200609,20,6,,,,<3,Sunny
21200609,21,12,78%,Quiet,,0,Sunny
21200609,22,11,89%,South,<12km/h,1,Sunny
21200609,23,5,,,,<3,Sunny
21200610,00,6,,,,<3,Sunny
21200610,01,11,85%,West,<12km/h,2,Sunny
21200610,02,6,,,,<3,Sunny
21200610,03,12,74%,Northwest,<12km/h,2,Sunny
21200610,04,6,,,,<3,Sunny
21200610,05,9,92%,Southwest,<12km/h,2,Sunny
21200610,06,20,,,,<3,Sunny
21200610,07,7,96%,Quiet,,0,Sunny
21200610,08,18,,,,<3,Sunny
21200610,09,20,,,,<3,Sunny
21200610,10,19,34%,North,<12km/h,2,Sunny
21200610,11,19,40%,East,<12km/h,1,Sunny
21200610,12,20,,,,<3,Sunny
21200610,13,20,,,,<3,Sunny
21200610,14,19,37%,Southeast,<12km/h,3,Sunny
21200610,15,22,24%,Southwest,<12km/h,1,Sunny
21200610,16,18,34%,Quiet,,0,Sunny
21200610,17,15,52%,East,<12km/h,2,Sunny
21200610,18,4,,,,<3,Sunny
21200610,19,13,68%,Northeast,<12km/h,1,Sunny
21200610,20,4,,,,<3,Sunny
21200610,21,13,54%,Northeast,16-24km/h,4,Sunny
21200610,22,11,70%,Northeast,<12km/h,1,Sunny
21200610,23,10,80%,West,<12km/h,1,Sunny
21200611,00,4,,,,<3,Sunny
21200611,01,4,,,,<3,Sunny
21200611,02,9,81%,Northeast,<12km/h,1,Sunny
21200611,03,4,,,,<3,Sunny
21200611,04,5,,,,<3,Sunny
21200611,05,8,81%,Northeast,<12km/h,1,Sunny
21200611,06,7,83%,Quiet,,0,Sunny
21200611,07,7,87%,Southwest,<12km/h,1,Sunny
21200611,08,8,82%,North,<12km/h,1,Sunny
21200611,09,13,53%,Northeast,<12km/h,2,Sunny
21200611,10,14,40%,Northeast,<12km/h,1,Rain
21200611,11,15,49%,Northeast,<12km/h,3,Sunny
21200611,12,16,41%,Southeast,<12km/h,2,Sunny
21200611,13,18,35%,Southeast,<12km/h,2,Sunny
21200611,14,16,44%,East,<12km/h,3,Sunny
21200611,15,17,38%,South,<12km/h,1,Sunny
21200611,16,15,43%,South,<12km/h,1,Sunny
21200611,17,13,57%,East,<12km/h,3,Sunny
21200611,18,7,,,,<3,Cloudy
21200611,19,12,52%,Northeast,<12km/h,1,Sunny
21200611,20,6,,,,<3,Cloudy
21200611,21,6,,,,<3,Cloudy
21200611,22,10,66%,North,<12km/h,3,Cloudy
21200611,23,9,73%,North,<12km/h,1,Sunny
21200612,00,6,,,,<3,Cloudy
21200612,01,8,77%,West,<12km/h,2,Cloudy
21200612,02,7,89%,Northwest,<12km/h,2,Cloudy
21200612,03,9,77%,Northwest,<12km/h,2,Cloudy
21200612,04,4,96%,Southwest,<12km/h,1,Sunny
21200612,05,7,88%,Quiet,,0,Sunny
21200612,06,7,90%,South,<12km/h,1,Sunny
21200612,07,18,,Southeast,,<3,Sunny
21200612,08,18,,Southeast,,<3,Sunny
21200612,09,12,69%,Northeast,<12km/h,1,Sunny
21200612,10,15,57%,Northeast,<12km/h,1,Sunny
21200612,11,18,,Southeast,,<3,Sunny
21200612,12,18,48%,Southeast,<12km/h,2,Sunny
21200612,13,18,49%,Northeast,<12km/h,2,Sunny
21200612,14,17,51%,Northeast,<12km/h,1,Sunny
21200612,15,17,60%,East,<12km/h,3,Sunny
21200612,16,17,,Southeast,,<3,Sunny
21200612,17,16,,,,<3,Sunny
21200612,18,14,66%,North,<12km/h,1,Sunny
21200612,19,12,79%,Quiet,,0,Sunny
21200612,20,12,76%,Northwest,<12km/h,1,Sunny
21200612,21,7,,,,<3,Sunny
21200612,22,9,96%,North,<12km/h,1,Sunny
21200612,23,9,96%,North,<12km/h,1,Sunny
21200613,00,10,89%,North,<12km/h,1,Sunny
21200613,01,10,91%,Quiet,,0,Sunny
21200613,02,7,,,,<3,Sunny
21200613,03,7,,,,<3,Sunny
21200613,04,8,100%,North,<12km/h,2,Sunny
21200613,05,10,86%,Northeast,<12km/h,1,Sunny
21200613,06,8,96%,Quiet,,0,Sunny
21200613,07,20,,Southeast,,<3,Sunny
21200613,08,19,,,,<3,Sunny
21200613,09,12,74%,Northeast,<12km/h,1,Sunny
21200613,10,14,64%,Northeast,<12km/h,1,Sunny
21200613,11,18,54%,Northeast,<12km/h,1,Sunny
21200613,12,18,47%,Northeast,<12km/h,1,Sunny
21200613,13,20,38%,East,<12km/h,1,Sunny
21200613,14,19,40%,Northeast,<12km/h,2,Rain
21200613,15,19,,,,<3,Sunny
21200613,16,16,57%,East,<12km/h,2,Sunny
21200613,17,15,59%,Northeast,<12km/h,2,Sunny
21200613,18,12,70%,Quiet,,0,Sunny
21200613,19,14,60%,Quiet,,0,Sunny
21200613,20,9,,Southeast,,<3,Cloudy
21200613,21,12,76%,Northeast,<12km/h,2,Sunny
21200613,22,9,,Southeast,,<3,Cloudy
21200613,23,11,77%,Northeast,<12km/h,2,Sunny
21200614,00,11,95%,South,<12km/h,2,Overcast
21200614,01,10,79%,Northwest,<12km/h,2,Cloudy
21200614,02,10,81%,North,<12km/h,1,Sunny
21200614,03,9,,Southeast,,<3,Cloudy
21200614,04,7,89%,South,<12km/h,1,Cloudy
21200614,05,8,89%,North,<12km/h,2,Sunny
21200614,06,8,91%,North,<12km/h,1,Overcast
21200614,07,10,87%,Quiet,,0,Overcast
21200614,08,11,81%,Northwest,<12km/h,1,Cloudy
21200614,09,15,69%,Southeast,<12km/h,1,Cloudy
21200614,10,15,61%,North,<12km/h,1,Cloudy
21200614,11,18,56%,Northwest,<12km/h,1,Overcast
21200614,12,16,61%,Southwest,<12km/h,1,Overcast
21200614,13,18,60%,Southeast,<12km/h,2,Overcast
21200614,14,18,62%,Quiet,,0,Overcast
21200614,15,18,63%,South,<12km/h,1,Overcast
21200614,16,18,59%,Quiet,,0,Overcast
21200614,17,18,62%,South,<12km/h,2,Overcast
21200614,18,17,69%,Northeast,<12km/h,1,Overcast
21200614,19,16,71%,Quiet,,0,Overcast
21200614,20,13,,Southeast,,<3,Overcast
21200614,21,13,,Southeast,,<3,Overcast
21200614,22,11,,Southeast,,<3,Overcast
21200614,23,13,,Southeast,,<3,Overcast
21200615,00,14,87%,Southwest,<12km/h,1,Overcast
21200615,01,15,79%,North,<12km/h,1,Overcast
21200615,02,15,93%,North,<12km/h,1,Overcast
21200615,03,13,,Southeast,,<3,Overcast
21200615,04,13,,Southeast,,<3,Overcast
21200615,05,13,,Southeast,,<3,Overcast
21200615,06,15,82%,North,<12km/h,1,Sunny
21200615,07,13,98%,Quiet,,0,Sunny
21200615,08,19,,Southeast,,<3,Sunny
21200615,09,16,88%,South,<12km/h,1,Cloudy
21200615,10,18,74%,Southwest,<12km/h,2,Overcast
21200615,11,22,54%,Southeast,<12km/h,2,Cloudy
21200615,12,22,61%,Southeast,<12km/h,1,Cloudy
21200615,13,23,,Southeast,,<3,Cloudy
21200615,14,23,62%,South,<12km/h,2,Sunny
21200615,15,24,55%,South,<12km/h,1,Cloudy
21200615,16,23,,Southeast,,<3,Cloudy
21200615,17,20,70%,Northeast,<12km/h,1,Cloudy
21200615,18,19,80%,Northwest,<12km/h,1,Cloudy
21200615,19,17,86%,South,<12km/h,1,Sunny
21200615,20,12,,,,<3,Cloudy
21200615,21,17,89%,Quiet,,0,Sunny
21200615,22,13,,,,<3,Cloudy
21200615,23,15,94%,Quiet,,0,Sunny
21200616,00,16,93%,Quiet,,0,Sunny
21200616,01,12,100%,Southwest,<12km/h,1,Sunny
21200616,02,14,96%,Quiet,,0,Sunny
21200616,03,16,94%,Northwest,<12km/h,1,Sunny
21200616,04,14,96%,Quiet,,0,Sunny
21200616,05,12,,,,<3,Cloudy
21200616,06,13,99%,Quiet,,0,Sunny
21200616,07,15,96%,Quiet,,0,Sunny
21200616,08,16,95%,West,<12km/h,2,Sunny
21200616,09,16,96%,Northeast,<12km/h,2,Cloudy
21200616,10,21,75%,West,<12km/h,1,Sunny
21200616,11,25,,,,<3,Cloudy
21200616,12,23,57%,Quiet,,0,Sunny
21200616,13,24,58%,North,<12km/h,2,Sunny
21200616,14,25,,,,<3,Cloudy
21200616,15,26,,,,<3,Cloudy
21200616,16,23,,,,<3,Cloudy
21200616,17,13,,,,<3,Lightrain
21200616,18,16,94%,Southeast,<12km/h,2,Sunny
21200616,19,16,84%,Northeast,<12km/h,3,Sunny
21200616,20,18,91%,Southeast,<12km/h,1,Cloudy
21200616,21,16,83%,South,<12km/h,1,Cloudy
21200616,22,15,88%,Northeast,<12km/h,3,Cloudy
21200616,23,16,82%,South,<12km/h,1,Cloudy
21200617,00,14,,,,<3,Lightrain
21200617,01,11,,,,<3,Lightrain
21200617,02,14,97%,Southeast,<12km/h,2,Overcast
21200617,03,13,,,,<3,Lightrain
21200617,04,14,90%,Southeast,<12km/h,1,Overcast
21200617,05,13,,,,<3,Lightrain
21200617,06,15,89%,Southeast,<12km/h,2,Overcast
21200617,07,13,92%,Southwest,<12km/h,1,Overcast
21200617,08,15,,,,<3,Overcast
21200617,09,13,97%,Southeast,<12km/h,2,Rain
21200617,10,13,98%,Southeast,<12km/h,2,Overcast
21200617,11,15,,,,<3,Overcast
21200617,12,15,,,,<3,Overcast
21200617,13,14,83%,Southeast,<12km/h,2,Overcast
21200617,14,13,74%,Northeast,<12km/h,2,Overcast
21200617,15,14,78%,Southeast,<12km/h,2,Overcast
21200617,16,13,,,,<3,Overcast
21200617,17,12,90%,Quiet,,0,Overcast
21200617,18,10,,,,<3,Lightrain
21200617,19,11,95%,South,<12km/h,1,Overcast
21200617,20,12,83%,East,<12km/h,2,Overcast
21200617,21,11,82%,Northeast,<12km/h,3,Overcast
21200617,22,10,,,,<3,Lightrain
21200617,23,8,,,,<3,Lightrain
21200618,00,10,,,,<3,Lightrain
21200618,01,10,,,,<3,Lightrain
21200618,02,10,83%,Northeast,<12km/h,3,Overcast
21200618,03,11,98%,Southwest,<12km/h,1,Rain
21200618,04,9,,,,<3,Lightrain
21200618,05,10,,,,<3,Lightrain
21200618,06,9,98%,Northeast,<12km/h,2,Rain
21200618,07,11,,,,<3,Moderaterain
21200618,08,10,97%,Northeast,<12km/h,2,Rain
21200618,09,11,,,,<3,Moderaterain
21200618,10,11,,,,<3,Moderaterain
21200618,11,10,94%,Northwest,<12km/h,1,Rain
21200618,12,11,98%,Quiet,,0,Rain
21200618,13,9,,,,<3,Moderaterain
21200618,14,9,98%,East,<12km/h,2,Rain
21200618,15,10,96%,Northwest,<12km/h,1,Rain
21200618,16,9,95%,Northwest,<12km/h,1,Rain
21200618,17,8,98%,Northeast,<12km/h,3,Rain
21200618,18,9,97%,North,<12km/h,1,Overcast
21200618,19,9,94%,North,<12km/h,1,Overcast
21200618,20,7,,,,<3,Overcast
21200618,21,9,83%,Northeast,<12km/h,1,Overcast
21200618,22,7,85%,North,<12km/h,2,Overcast
21200618,23,7,,,,<3,Overcast
21200619,00,7,,,,<3,Overcast
21200619,01,9,82%,Northeast,<12km/h,2,Overcast
21200619,02,8,85%,Quiet,,0,Cloudy
21200619,03,8,74%,North,<12km/h,1,Cloudy
21200619,04,9,81%,North,<12km/h,2,Cloudy
21200619,05,9,78%,North,<12km/h,2,Overcast
21200619,06,5,100%,Northeast,<12km/h,2,Rain
21200619,07,10,,,,<3,Lightrain
21200619,08,9,75%,Northeast,<12km/h,2,Overcast
21200619,09,10,81%,Northwest,<12km/h,1,Overcast
21200619,10,8,91%,Southwest,<12km/h,1,Overcast
21200619,11,8,98%,North,<12km/h,2,Rain
21200619,12,8,94%,Quiet,,0,Rain
21200619,13,9,96%,Quiet,,0,Rain
21200619,14,10,95%,North,<12km/h,2,Rain
21200619,15,9,98%,Quiet,,0,Rain
21200619,16,12,,,,<3,Lightrain
21200619,17,12,,,,<3,Lightrain
21200619,18,10,86%,Northeast,16-24km/h,4,Overcast
21200619,19,9,97%,Quiet,,0,Rain
21200619,20,10,80%,Northeast,24-34km/h,5,Overcast
21200619,21,9,95%,Quiet,,0,Overcast
21200619,22,8,97%,Quiet,,0,Rain
21200619,23,9,94%,Northwest,<12km/h,3,Overcast
21200620,00,7,,,,<3,Overcast
21200620,01,10,99%,Northwest,<12km/h,2,Overcast
21200620,02,9,100%,Quiet,,0,Rain
21200620,03,10,97%,Quiet,,0,Overcast
21200620,04,9,99%,Northwest,<12km/h,1,Rain
21200620,05,9,,,,<3,Overcast
21200620,06,14,,,,<3,Overcast
21200620,07,9,98%,West,<12km/h,1,Overcast
21200620,08,10,99%,Northwest,<12km/h,2,Rain
21200620,09,14,,,,<3,Overcast
21200620,10,12,,,,<3,Lightrain
21200620,11,11,100%,Quiet,,0,Overcast
21200620,12,14,,,,<3,Overcast
21200620,13,14,,,,<3,Overcast
21200620,14,14,93%,Quiet,,0,Rain
21200620,15,14,91%,Northeast,<12km/h,1,Rain
21200620,16,13,94%,North,<12km/h,3,Overcast
21200620,17,11,96%,North,<12km/h,3,Overcast
21200620,18,13,98%,Quiet,,0,Rain
21200620,19,13,69%,Quiet,,0,Cloudy
21200620,20,11,,,,<3,Lightrain
21200620,21,11,,,,<3,Lightrain
21200620,22,12,93%,West,<12km/h,2,Overcast
21200620,23,12,100%,West,<12km/h,2,Rain
21200621,00,11,,,,<3,Lightrain
21200621,01,12,99%,Quiet,,0,Rain
21200621,02,12,100%,West,<12km/h,1,Overcast
21200621,03,12,99%,Northwest,<12km/h,2,Rain
21200621,04,12,99%,North,<12km/h,2,Overcast
21200621,05,8,,,,<3,Lightrain
21200621,06,11,100%,Northwest,<12km/h,1,Rain
21200621,07,11,91%,Northwest,<12km/h,1,Cloudy
21200621,08,12,99%,North,<12km/h,1,Cloudy
21200621,09,13,97%,Quiet,,0,Cloudy
21200621,10,13,99%,Quiet,,0,Cloudy
21200621,11,18,,,,<3,Overcast
21200621,12,14,65%,North,<12km/h,3,Cloudy
21200621,13,16,58%,West,<12km/h,1,Cloudy
21200621,14,15,60%,Quiet,,0,Cloudy
21200621,15,17,,,,<3,Overcast
21200621,16,15,65%,North,<12km/h,2,Cloudy
21200621,17,14,65%,West,<12km/h,1,Cloudy
21200621,18,10,87%,North,<12km/h,2,Overcast
21200621,19,9,,,,<3,Lightrain
21200621,20,8,,,,<3,Lightrain
21200621,21,12,71%,North,<12km/h,2,Sunny
21200621,22,12,97%,Quiet,,0,Rain
21200621,23,12,81%,Quiet,,0,Rain
21200622,00,10,,,,<3,Lightrain
21200622,01,11,86%,Northwest,<12km/h,1,Overcast
21200622,02,9,,,,<3,Lightrain
21200622,03,12,84%,Quiet,,0,Overcast
21200622,04,8,,,,<3,Lightrain
21200622,05,10,96%,Southwest,<12km/h,1,Rain
21200622,06,11,95%,South,<12km/h,2,Rain
21200622,07,9,96%,Northwest,<12km/h,1,Rain
21200622,08,10,100%,Quiet,,0,Rain
21200622,09,11,,,,<3,Moderaterain
21200622,10,9,96%,West,<12km/h,1,Rain
21200622,11,10,,,,<3,Lightrain
21200622,12,11,,,,<3,Lightrain
21200622,13,11,,,,<3,Moderaterain
21200622,14,13,95%,Northwest,<12km/h,1,Overcast
21200622,15,10,89%,West,<12km/h,1,Rain
21200622,16,11,,,,<3,Moderaterain
21200622,17,10,100%,North,<12km/h,2,Rain
21200622,18,11,90%,Northeast,<12km/h,2,Rain
21200622,19,11,92%,South,<12km/h,2,Rain
21200622,20,10,88%,Northwest,<12km/h,3,Rain
21200622,21,6,,,,<3,Lightrain
21200622,22,9,83%,Northwest,<12km/h,1,Rain
21200622,23,7,,,,<3,Overcast
21200623,00,10,69%,Northwest,<12km/h,3,Cloudy
21200623,01,10,71%,Northwest,<12km/h,2,Overcast
21200623,02,7,,,,<3,Overcast
21200623,03,7,,,,<3,Overcast
21200623,04,7,,,,<3,Overcast
21200623,05,9,69%,Northwest,<12km/h,1,Cloudy
21200623,06,12,,,,<3,Cloudy
21200623,07,12,,,,<3,Cloudy
21200623,08,12,,,,<3,Cloudy
21200623,09,11,62%,West,<12km/h,2,Cloudy
21200623,10,12,58%,Northwest,<12km/h,3,Cloudy
21200623,11,10,,,,<3,Overcast
21200623,12,12,,,,<3,Overcast
21200623,13,15,55%,Northwest,16-24km/h,4,Cloudy
21200623,14,13,51%,West,<12km/h,2,Sunny
21200623,15,13,48%,North,<12km/h,3,Sunny
21200623,16,11,60%,Northwest,<12km/h,1,Sunny
21200623,17,11,59%,North,<12km/h,2,Sunny
21200623,18,6,,,,<3,Cloudy
21200623,19,9,63%,Southeast,<12km/h,1,Cloudy
21200623,20,6,81%,Northeast,<12km/h,2,Cloudy
21200623,21,9,63%,North,<12km/h,2,Sunny
21200623,22,8,68%,West,<12km/h,1,Sunny
21200623,23,6,,,,<3,Cloudy
21200624,00,13,91%,Northwest,<12km/h,1,Overcast
21200624,01,10,,,,<3,Lightrain
21200624,02,10,,Southeast,,<3,Lightrain
21200624,03,12,98%,East,<12km/h,1,Rain
21200624,04,12,98%,Quiet,,0,Rain
21200624,05,11,97%,South,<12km/h,1,Rain
21200624,06,16,,,,<3,Lightrain
21200624,07,12,98%,West,<12km/h,1,Rain
21200624,08,12,99%,Northwest,<12km/h,1,Overcast
21200624,09,14,100%,Quiet,,0,Overcast
21200624,10,18,,,,<3,Lightrain
21200624,11,18,,,,<3,Lightrain
21200624,12,18,,,,<3,Lightrain
21200624,13,18,,,,<3,Lightrain
21200624,14,17,82%,Northeast,<12km/h,1,Overcast
21200624,15,17,80%,North,<12km/h,2,Overcast
21200624,16,18,87%,Southeast,<12km/h,2,Overcast
21200624,17,16,92%,Quiet,,0,Cloudy
21200624,18,12,,,,<3,Overcast
21200624,19,12,,Southeast,,<3,Overcast
21200624,20,14,98%,Quiet,,0,Cloudy
21200624,21,12,,,,<3,Overcast
21200624,22,14,99%,Southeast,<12km/h,1,Cloudy
21200624,23,12,97%,Northeast,<12km/h,2,Fog
21200625,00,9,59%,Quiet,,0,Cloudy
21200625,01,8,59%,Northwest,<12km/h,1,Sunny
21200625,02,6,71%,North,<12km/h,2,Sunny
21200625,03,6,76%,Quiet,,0,Sunny
21200625,04,7,70%,Quiet,,0,Sunny
21200625,05,7,69%,North,<12km/h,1,Sunny
21200625,06,7,68%,Northwest,<12km/h,1,Sunny
21200625,07,9,,,,<3,Cloudy
21200625,08,11,,,,<3,Cloudy
21200625,09,11,,,,<3,Cloudy
21200625,10,8,63%,Northwest,34-44km/h,6,Rain
21200625,11,11,,,,<3,Cloudy
21200625,12,12,50%,North,<12km/h,2,Sunny
21200625,13,11,,,,<3,Cloudy
21200625,14,11,,,,<3,Cloudy
21200625,15,12,36%,Northwest,<12km/h,3,Sunny
21200625,16,10,40%,Northeast,<12km/h,2,Sunny
21200625,17,10,41%,Northwest,<12km/h,3,Sunny
21200625,18,8,46%,Northwest,16-24km/h,4,Sunny
21200625,19,9,51%,North,<12km/h,2,Sunny
21200625,20,0,,,,<3,Sunny
21200625,21,0,,,,<3,Sunny
21200625,22,6,64%,Northwest,<12km/h,1,Sunny
21200625,23,0,,,,<3,Sunny
21200626,00,0,,,,<3,Sunny
21200626,01,3,74%,Southwest,<12km/h,1,Sunny
21200626,02,4,76%,Quiet,,0,Sunny
21200626,03,0,89%,Southwest,<12km/h,2,Sunny
21200626,04,1,88%,Northeast,<12km/h,1,Sunny
21200626,05,-1,94%,South,<12km/h,2,Sunny
21200626,06,11,,Southeast,,3-4,Cloudy
21200626,07,1,92%,North,<12km/h,2,Sunny
21200626,08,2,88%,Northwest,<12km/h,1,Sunny
21200626,09,10,46%,Quiet,,0,Sunny
21200626,10,10,46%,South,<12km/h,2,Sunny
21200626,11,11,43%,Northwest,<12km/h,1,Cloudy
21200626,12,13,36%,Northwest,<12km/h,1,Cloudy
21200626,13,13,30%,Northwest,<12km/h,2,Sunny
21200626,14,12,,Southeast,,<3,Cloudy
21200626,15,14,30%,Northwest,<12km/h,1,Cloudy
21200626,16,12,34%,Northwest,24-34km/h,5,Cloudy
21200626,17,11,35%,Northwest,<12km/h,1,Cloudy
21200626,18,9,39%,Northwest,<12km/h,3,Cloudy
21200626,19,9,57%,North,<12km/h,1,Sunny
21200626,20,1,,,,<3,Sunny
21200626,21,1,,,,<3,Sunny
21200626,22,1,,,,<3,Sunny
21200626,23,4,74%,Northeast,<12km/h,1,Sunny
21200627,00,13,98%,West,<12km/h,1,Fog
21200627,01,14,100%,Quiet,,0,Overcast
21200627,02,13,98%,Quiet,,0,Fog
21200627,03,13,98%,Quiet,,0,Fog
21200627,04,14,100%,Northwest,<12km/h,1,Fog
21200627,05,14,100%,Quiet,,0,Rain
21200627,06,14,100%,Northwest,<12km/h,2,Overcast
21200627,07,17,,,,<3,Lightrain
21200627,08,14,100%,North,<12km/h,2,Overcast
21200627,09,17,,,,<3,Lightrain
21200627,10,18,,,,<3,Lightrain
21200627,11,16,100%,East,<12km/h,2,Overcast
21200627,12,14,98%,Southeast,<12km/h,2,Overcast
21200627,13,17,,,,<3,Lightrain
21200627,14,14,98%,East,<12km/h,1,Rain
21200627,15,15,98%,Southeast,<12km/h,2,Overcast
21200627,16,15,93%,North,<12km/h,1,Overcast
21200627,17,14,100%,South,<12km/h,1,Rain
21200627,18,15,99%,South,<12km/h,1,Rain
21200627,19,4,,,,3-4,Moderaterain
21200627,20,4,,,,3-4,Moderaterain
21200627,21,13,98%,Southeast,<12km/h,2,Rain
21200627,22,4,,,,3-4,Moderaterain
21200627,23,12,97%,West,<12km/h,2,Rain
21200628,00,12,86%,South,<12km/h,1,Overcast
21200628,01,11,,,,<3,Overcast
21200628,02,12,99%,Northwest,<12km/h,1,Fog
21200628,03,11,99%,Quiet,,0,Rain
21200628,04,11,95%,North,<12km/h,1,Overcast
21200628,05,11,97%,Quiet,,0,Rain
21200628,06,9,100%,East,<12km/h,1,Rain
21200628,07,11,98%,Quiet,,0,Rain
21200628,08,11,98%,North,<12km/h,1,Rain
21200628,09,13,,,,<3,Lightrain
21200628,10,11,96%,North,<12km/h,2,Rain
21200628,11,11,93%,Quiet,,0,Rain
21200628,12,12,85%,Quiet,,0,Overcast
21200628,13,13,84%,North,<12km/h,2,Overcast
21200628,14,12,89%,Southeast,<12km/h,1,Overcast
21200628,15,12,88%,North,34-44km/h,6,Overcast
21200628,16,12,82%,Quiet,,0,Overcast
21200628,17,13,,,,<3,Lightrain
21200628,18,10,,,,<3,Lightrain
21200628,19,10,,,,<3,Lightrain
21200628,20,10,,,,<3,Lightrain
21200628,21,12,88%,Southwest,<12km/h,1,Overcast
21200628,22,9,100%,Northeast,<12km/h,1,Rain
21200628,23,10,,,,<3,Lightrain
21200629,00,10,,,,<3,Lightrain
21200629,01,11,86%,Northwest,<12km/h,1,Overcast
21200629,02,9,,,,<3,Lightrain
21200629,03,12,84%,Quiet,,0,Overcast
21200629,04,8,,,,<3,Lightrain
21200629,05,10,96%,Southwest,<12km/h,1,Rain
21200629,06,11,95%,South,<12km/h,2,Rain
21200629,07,9,96%,Northwest,<12km/h,1,Rain
21200629,08,10,100%,Quiet,,0,Rain
21200629,09,11,,,,<3,Moderaterain
21200629,10,9,96%,West,<12km/h,1,Rain
21200629,11,10,,,,<3,Lightrain
21200629,12,11,,,,<3,Lightrain
21200629,13,11,,,,<3,Moderaterain
21200629,14,13,95%,Northwest,<12km/h,1,Overcast
21200629,15,10,89%,West,<12km/h,1,Rain
21200629,16,11,,,,<3,Moderaterain
21200629,17,10,100%,North,<12km/h,2,Rain
21200629,18,11,90%,Northeast,<12km/h,2,Rain
21200629,19,11,92%,South,<12km/h,2,Rain
21200629,20,10,88%,Northwest,<12km/h,3,Rain
21200629,21,6,,,,<3,Lightrain
21200629,22,9,83%,Northwest,<12km/h,1,Rain
21200629,23,7,,,,<3,Overcast
