21200501,00,17,73%,Northeast,16-24km/h,4,Sunny
21200501,01,13,95%,North,16-24km/h,4,Sunny
21200501,02,14,,,,<3,Cloudy
21200501,03,13,95%,North,<12km/h,1,Sunny
21200501,04,13,100%,North,<12km/h,1,Sunny
21200501,05,12,98%,North,<12km/h,1,Sunny
21200501,06,14,97%,North,16-24km/h,4,Sunny
21200501,07,13,100%,Northwest,<12km/h,2,Sunny
21200501,08,23,,,,<3,Cloudy
21200501,09,19,75%,Southeast,24-34km/h,5,Sunny
21200501,10,23,,,,<3,Cloudy
21200501,11,21,61%,Northeast,24-34km/h,5,Cloudy
21200501,12,21,55%,North,<12km/h,2,Cloudy
21200501,13,22,52%,North,<12km/h,2,Sunny
21200501,14,21,51%,North,<12km/h,3,Cloudy
21200501,15,21,53%,Northeast,24-34km/h,5,Cloudy
21200501,16,20,61%,North,16-24km/h,4,Cloudy
21200501,17,20,50%,Northeast,24-34km/h,5,Cloudy
21200501,18,18,60%,North,<12km/h,3,Cloudy
21200501,19,17,68%,North,<12km/h,3,Cloudy
21200501,20,16,72%,North,<12km/h,3,Sunny
21200501,21,16,75%,North,<12km/h,3,Sunny
21200501,22,16,80%,North,<12km/h,1,Sunny
21200501,23,12,96%,West,16-24km/h,4,Sunny
21200502,00,15,87%,North,<12km/h,3,Overcast
21200502,01,14,,,,<3,Overcast
21200502,02,15,82%,North,<12km/h,3,Overcast
21200502,03,15,84%,Northeast,16-24km/h,4,Overcast
21200502,04,16,85%,Northeast,<12km/h,2,Overcast
21200502,05,14,,,,<3,Overcast
21200502,06,15,87%,North,<12km/h,2,Overcast
21200502,07,16,83%,North,<12km/h,3,Rain
21200502,08,16,80%,Northeast,16-24km/h,4,Cloudy
21200502,09,16,86%,Northeast,<12km/h,3,Cloudy
21200502,10,18,66%,North,<12km/h,2,Overcast
21200502,11,18,66%,North,<12km/h,2,Cloudy
21200502,12,17,74%,North,<12km/h,2,Cloudy
21200502,13,19,55%,Northeast,<12km/h,2,Overcast
21200502,14,19,55%,North,<12km/h,2,Overcast
21200502,15,18,71%,Northwest,<12km/h,1,Cloudy
21200502,16,19,56%,North,<12km/h,3,Cloudy
21200502,17,18,57%,North,<12km/h,2,Overcast
21200502,18,12,,,,<3,Sunny
21200502,19,17,62%,North,<12km/h,1,Overcast
21200502,20,17,64%,Northeast,<12km/h,2,Sunny
21200502,21,12,,,,<3,Sunny
21200502,22,12,,,,<3,Sunny
21200502,23,13,87%,Northwest,<12km/h,2,Sunny
21200503,00,12,,,,<3,Sunny
21200503,01,13,90%,Northwest,<12km/h,2,Sunny
21200503,02,14,79%,North,<12km/h,2,Sunny
21200503,03,12,,,,<3,Sunny
21200503,04,12,90%,North,<12km/h,1,Sunny
21200503,05,13,83%,North,<12km/h,2,Sunny
21200503,06,10,98%,Northwest,<12km/h,2,Sunny
21200503,07,12,81%,North,<12km/h,1,Sunny
21200503,08,20,,,,<3,Sunny
21200503,09,15,62%,Northeast,<12km/h,3,Sunny
21200503,10,16,63%,North,<12km/h,2,Sunny
21200503,11,18,51%,North,<12km/h,2,Sunny
21200503,12,17,50%,Northwest,<12km/h,3,Sunny
21200503,13,19,45%,North,<12km/h,2,Sunny
21200503,14,18,43%,North,<12km/h,2,Sunny
21200503,15,18,45%,North,<12km/h,2,Sunny
21200503,16,20,,,,<3,Sunny
21200503,17,8,,,,<3,Sunny
21200503,18,15,62%,West,<12km/h,1,Sunny
21200503,19,13,78%,North,<12km/h,1,Sunny
21200503,20,12,89%,Northwest,<12km/h,1,Sunny
21200503,21,11,74%,Northeast,<12km/h,1,Sunny
21200503,22,13,73%,Northeast,<12km/h,1,Sunny
21200503,23,11,84%,North,<12km/h,1,Sunny
21200504,00,12,81%,Southwest,<12km/h,1,Sunny
21200504,01,11,79%,West,<12km/h,2,Sunny
21200504,02,15,61%,West,<12km/h,2,Sunny
21200504,03,10,93%,Northwest,<12km/h,1,Sunny
21200504,04,9,,Southeast,,<3,Sunny
21200504,05,9,,Southeast,,<3,Sunny
21200504,06,9,94%,Quiet,,0,Sunny
21200504,07,6,100%,Quiet,,0,Sunny
21200504,08,23,,Southeast,,<3,Sunny
21200504,09,23,,Southeast,,<3,Sunny
21200504,10,19,36%,Northeast,<12km/h,2,Sunny
21200504,11,21,25%,Southeast,<12km/h,2,Sunny
21200504,12,21,21%,Northwest,<12km/h,2,Sunny
21200504,13,21,31%,East,<12km/h,1,Sunny
21200504,14,22,17%,Northwest,<12km/h,2,Sunny
21200504,15,22,17%,Northeast,<12km/h,1,Sunny
21200504,16,21,23%,East,<12km/h,1,Sunny
21200504,17,18,41%,Southeast,<12km/h,1,Sunny
21200504,18,14,70%,East,<12km/h,1,Sunny
21200504,19,12,65%,East,<12km/h,1,Sunny
21200504,20,16,45%,East,<12km/h,1,Sunny
21200504,21,11,86%,East,<12km/h,2,Sunny
21200504,22,15,64%,East,<12km/h,2,Sunny
21200504,23,12,,Southeast,,<3,Overcast
21200505,00,11,82%,East,<12km/h,1,Sunny
21200505,01,12,,Southeast,,<3,Overcast
21200505,02,12,,Southeast,,<3,Overcast
21200505,03,12,,Southeast,,<3,Overcast
21200505,04,13,84%,East,<12km/h,2,Cloudy
21200505,05,15,67%,East,<12km/h,3,Cloudy
21200505,06,15,65%,East,<12km/h,2,Overcast
21200505,07,13,72%,East,<12km/h,2,Overcast
21200505,08,17,66%,Southeast,<12km/h,2,Overcast
21200505,09,19,61%,Southeast,<12km/h,2,Overcast
21200505,10,19,57%,Southeast,<12km/h,3,Overcast
21200505,11,19,54%,East,<12km/h,3,Overcast
21200505,12,19,45%,South,<12km/h,1,Overcast
21200505,13,20,56%,Southeast,<12km/h,3,Overcast
21200505,14,19,57%,Southeast,<12km/h,2,Overcast
21200505,15,18,63%,Southeast,<12km/h,2,Overcast
21200505,16,19,51%,Southeast,<12km/h,2,Overcast
21200505,17,17,79%,Southeast,<12km/h,1,Cloudy
21200505,18,18,69%,Southeast,<12km/h,3,Overcast
21200505,19,17,70%,Southeast,<12km/h,2,Cloudy
21200505,20,15,,,,<3,Overcast
21200505,21,17,75%,Southeast,<12km/h,1,Cloudy
21200505,22,15,,,,<3,Overcast
21200505,23,15,,,,<3,Overcast
21200506,00,4,,,,3-4,Overcast
21200506,01,5,75%,West,16-24km/h,4,Overcast
21200506,02,4,,,,3-4,Overcast
21200506,03,5,74%,Northwest,<12km/h,3,Overcast
21200506,04,5,74%,Northwest,16-24km/h,4,Overcast
21200506,05,5,74%,Northwest,<12km/h,3,Overcast
21200506,06,5,72%,West,<12km/h,3,Cloudy
21200506,07,7,,,,<3,Overcast
21200506,08,5,70%,Northwest,<12km/h,2,Overcast
21200506,09,7,,,,<3,Overcast
21200506,10,5,66%,Northwest,<12km/h,3,Overcast
21200506,11,7,,,,<3,Overcast
21200506,12,6,61%,West,<12km/h,3,Cloudy
21200506,13,7,,,,<3,Overcast
21200506,14,7,63%,Northwest,<12km/h,2,Cloudy
21200506,15,6,64%,Northwest,16-24km/h,4,Cloudy
21200506,16,6,66%,Northwest,<12km/h,2,Cloudy
21200506,17,3,,,,<3,Overcast
21200506,18,4,72%,Northwest,<12km/h,2,Cloudy
21200506,19,3,,,,<3,Overcast
21200506,20,0,97%,North,<12km/h,1,Cloudy
21200506,21,3,77%,Northwest,<12km/h,2,Cloudy
21200506,22,3,,,,<3,Overcast
21200506,23,0,99%,Quiet,,0,Cloudy
21200507,00,13,52%,Northwest,<12km/h,3,Sunny
21200507,01,14,42%,North,<12km/h,2,Cloudy
21200507,02,8,,Southeast,,<3,Cloudy
21200507,03,11,51%,North,<12km/h,2,Sunny
21200507,04,9,66%,North,<12km/h,1,Sunny
21200507,05,9,72%,Northwest,<12km/h,2,Sunny
21200507,06,8,91%,North,<12km/h,1,Sunny
21200507,07,9,76%,North,<12km/h,1,Sunny
21200507,08,11,74%,Northwest,<12km/h,1,Sunny
21200507,09,14,52%,East,<12km/h,1,Sunny
21200507,10,15,42%,East,<12km/h,1,Sunny
21200507,11,16,37%,West,<12km/h,1,Sunny
21200507,12,17,34%,East,<12km/h,2,Sunny
21200507,13,17,33%,West,<12km/h,1,Sunny
21200507,14,17,40%,Southeast,<12km/h,2,Sunny
21200507,15,16,34%,East,<12km/h,2,Sunny
21200507,16,19,,Southeast,,<3,Sunny
21200507,17,14,48%,East,<12km/h,2,Sunny
21200507,18,12,58%,Southeast,<12km/h,1,Sunny
21200507,19,9,70%,East,<12km/h,1,Sunny
21200507,20,13,57%,Southeast,<12km/h,2,Sunny
21200507,21,11,65%,Southeast,<12km/h,2,Sunny
21200507,22,8,,Southeast,,<3,Sunny
21200507,23,8,,Southeast,,<3,Sunny
21200508,00,12,70%,Southeast,<12km/h,2,Sunny
21200508,01,8,,Southeast,,<3,Sunny
21200508,02,11,72%,South,<12km/h,2,Sunny
21200508,03,10,79%,Southeast,<12km/h,1,Sunny
21200508,04,10,76%,South,<12km/h,2,Sunny
21200508,05,9,88%,Southeast,<12km/h,2,Sunny
21200508,06,10,73%,Southeast,<12km/h,2,Sunny
21200508,07,10,85%,South,<12km/h,2,Sunny
21200508,08,15,62%,South,<12km/h,2,Sunny
21200508,09,16,55%,South,<12km/h,2,Sunny
21200508,10,18,44%,South,<12km/h,2,Sunny
21200508,11,19,40%,Southeast,<12km/h,2,Sunny
21200508,12,20,33%,South,<12km/h,3,Sunny
21200508,13,22,,Southeast,,<3,Overcast
21200508,14,22,,Southeast,,<3,Overcast
21200508,15,21,29%,South,<12km/h,2,Sunny
21200508,16,21,39%,East,<12km/h,2,Sunny
21200508,17,18,51%,East,<12km/h,2,Sunny
21200508,18,18,54%,Southeast,<12km/h,2,Sunny
21200508,19,15,78%,East,<12km/h,2,Sunny
21200508,20,16,69%,Southeast,<12km/h,3,Cloudy
21200508,21,16,71%,Southeast,<12km/h,3,Cloudy
21200508,22,14,71%,Southeast,<12km/h,2,Overcast
21200508,23,14,79%,Southeast,<12km/h,2,Sunny
21200509,00,13,97%,East,<12km/h,3,Sunny
21200509,01,12,,,,<3,Sunny
21200509,02,13,99%,North,<12km/h,1,Sunny
21200509,03,13,100%,North,<12km/h,1,Sunny
21200509,04,13,100%,East,16-24km/h,4,Sunny
21200509,05,12,,,,<3,Sunny
21200509,06,13,100%,East,<12km/h,3,Fog
21200509,07,10,100%,Northeast,<12km/h,3,Sunny
21200509,08,16,100%,North,<12km/h,2,Fog
21200509,09,20,71%,South,<12km/h,3,Sunny
21200509,10,24,,,,<3,Overcast
21200509,11,24,,,,<3,Overcast
21200509,12,21,58%,East,16-24km/h,4,Cloudy
21200509,13,23,50%,Southeast,<12km/h,2,Cloudy
21200509,14,23,51%,East,<12km/h,2,Cloudy
21200509,15,23,47%,South,24-34km/h,5,Cloudy
21200509,16,22,50%,South,16-24km/h,4,Cloudy
21200509,17,18,73%,East,16-24km/h,4,Cloudy
21200509,18,18,60%,South,<12km/h,3,Cloudy
21200509,19,18,83%,North,<12km/h,2,Cloudy
21200509,20,19,74%,North,<12km/h,2,Overcast
21200509,21,18,79%,Southeast,<12km/h,3,Overcast
21200509,22,18,80%,East,16-24km/h,4,Overcast
21200509,23,18,82%,East,16-24km/h,4,Overcast
21200510,00,11,,Southeast,,<3,Sunny
21200510,01,11,96%,Southeast,<12km/h,1,Sunny
21200510,02,7,99%,Southeast,<12km/h,2,Sunny
21200510,03,12,89%,Southeast,<12km/h,1,Sunny
21200510,04,11,94%,South,<12km/h,1,Sunny
21200510,05,11,,Southeast,,<3,Sunny
21200510,06,13,81%,South,<12km/h,2,Sunny
21200510,07,8,100%,Southeast,<12km/h,1,Sunny
21200510,08,15,78%,Southeast,<12km/h,2,Sunny
21200510,09,18,61%,South,<12km/h,2,Sunny
21200510,10,19,52%,South,<12km/h,2,Sunny
21200510,11,22,39%,Southwest,<12km/h,1,Sunny
21200510,12,26,,Southeast,,<3,Overcast
21200510,13,23,39%,Southeast,<12km/h,2,Sunny
21200510,14,21,54%,Southeast,<12km/h,2,Sunny
21200510,15,24,37%,East,<12km/h,2,Sunny
21200510,16,20,56%,East,<12km/h,2,Sunny
21200510,17,20,51%,East,<12km/h,1,Sunny
21200510,18,13,,Southeast,,<3,Sunny
21200510,19,17,67%,East,<12km/h,1,Sunny
21200510,20,16,77%,Northeast,<12km/h,1,Cloudy
21200510,21,15,92%,East,<12km/h,2,Cloudy
21200510,22,17,87%,Southeast,<12km/h,2,Cloudy
21200510,23,16,89%,Southeast,<12km/h,2,Sunny
21200511,00,13,,Southeast,,<3,Sunny
21200511,01,15,93%,Southeast,<12km/h,2,Sunny
21200511,02,17,85%,Southeast,<12km/h,2,Sunny
21200511,03,15,92%,Southeast,<12km/h,2,Sunny
21200511,04,15,91%,South,<12km/h,2,Sunny
21200511,05,13,,Southeast,,<3,Sunny
21200511,06,25,,,,<3,Overcast
21200511,07,15,89%,South,<12km/h,1,Cloudy
21200511,08,18,74%,North,<12km/h,2,Sunny
21200511,09,20,63%,South,<12km/h,2,Sunny
21200511,10,22,56%,Southwest,<12km/h,2,Sunny
21200511,11,22,52%,South,<12km/h,2,Cloudy
21200511,12,24,49%,South,<12km/h,2,Cloudy
21200511,13,24,45%,Southwest,<12km/h,1,Cloudy
21200511,14,25,46%,Quiet,,0,Cloudy
21200511,15,25,49%,Quiet,,0,Cloudy
21200511,16,23,51%,Northwest,<12km/h,1,Cloudy
21200511,17,22,54%,North,<12km/h,1,Cloudy
21200511,18,21,59%,North,<12km/h,2,Cloudy
21200511,19,21,58%,Northwest,<12km/h,2,Cloudy
21200511,20,20,62%,North,<12km/h,1,Cloudy
21200511,21,19,72%,Northwest,<12km/h,2,Overcast
21200511,22,18,81%,Northwest,<12km/h,2,Overcast
21200511,23,17,74%,Northwest,<12km/h,3,Cloudy
21200512,00,16,85%,Northwest,24-34km/h,5,Sunny
21200512,01,16,82%,Northwest,16-24km/h,4,Cloudy
21200512,02,13,96%,Northwest,16-24km/h,4,Overcast
21200512,03,12,,,,3-4,Overcast
21200512,04,12,89%,Northwest,<12km/h,3,Overcast
21200512,05,12,77%,Northwest,<12km/h,2,Overcast
21200512,06,12,80%,Northwest,<12km/h,3,Cloudy
21200512,07,11,80%,Northwest,<12km/h,3,Cloudy
21200512,08,12,71%,Northwest,16-24km/h,4,Cloudy
21200512,09,10,81%,North,<12km/h,3,Cloudy
21200512,10,10,70%,Northwest,16-24km/h,4,Cloudy
21200512,11,10,79%,Northwest,<12km/h,3,Overcast
21200512,12,9,83%,Northwest,<12km/h,2,Overcast
21200512,13,9,86%,Northwest,<12km/h,3,Overcast
21200512,14,10,79%,West,<12km/h,2,Overcast
21200512,15,10,83%,West,<12km/h,2,Overcast
21200512,16,10,83%,Northwest,<12km/h,2,Rain
21200512,17,10,80%,Northwest,<12km/h,2,Overcast
21200512,18,4,,,,<3,Sunny
21200512,19,10,85%,West,<12km/h,1,Overcast
21200512,20,10,71%,North,<12km/h,2,Sunny
21200512,21,8,73%,North,<12km/h,2,Sunny
21200512,22,7,72%,North,<12km/h,2,Sunny
21200512,23,7,65%,North,<12km/h,2,Sunny
21200513,00,13,78%,North,<12km/h,1,Sunny
21200513,01,13,82%,North,<12km/h,2,Sunny
21200513,02,11,97%,North,<12km/h,1,Sunny
21200513,03,11,98%,North,<12km/h,1,Sunny
21200513,04,11,,,,<3,Cloudy
21200513,05,7,100%,Quiet,,0,Sunny
21200513,06,8,100%,Northeast,16-24km/h,4,Sunny
21200513,07,11,100%,Northeast,16-24km/h,4,Sunny
21200513,08,15,78%,Northeast,<12km/h,3,Sunny
21200513,09,17,66%,South,16-24km/h,4,Cloudy
21200513,10,18,57%,East,<12km/h,3,Sunny
21200513,11,22,,,,<3,Overcast
21200513,12,20,45%,Southwest,<12km/h,3,Cloudy
21200513,13,21,46%,North,<12km/h,1,Sunny
21200513,14,22,,,,<3,Overcast
21200513,15,21,45%,Northeast,<12km/h,2,Sunny
21200513,16,20,54%,North,<12km/h,1,Cloudy
21200513,17,19,58%,North,<12km/h,3,Cloudy
21200513,18,17,63%,East,<12km/h,3,Cloudy
21200513,19,17,61%,North,<12km/h,3,Cloudy
21200513,20,16,66%,Northeast,<12km/h,3,Cloudy
21200513,21,14,,,,<3,Overcast
21200513,22,17,72%,East,<12km/h,3,Cloudy
21200513,23,17,75%,Northeast,<12km/h,2,Cloudy
21200514,00,7,98%,Northwest,<12km/h,1,Sunny
21200514,01,7,94%,Northwest,<12km/h,2,Sunny
21200514,02,7,60%,Northwest,<12km/h,2,Sunny
21200514,03,7,61%,North,<12km/h,2,Sunny
21200514,04,4,,,,<3,Sunny
21200514,05,6,51%,North,<12km/h,3,Sunny
21200514,06,15,,,,<3,Sunny
21200514,07,15,,,,<3,Sunny
21200514,08,7,44%,Northwest,<12km/h,2,Sunny
21200514,09,9,45%,Northwest,<12km/h,2,Sunny
21200514,10,10,45%,North,<12km/h,2,Sunny
21200514,11,11,44%,Northeast,<12km/h,2,Sunny
21200514,12,12,44%,North,<12km/h,3,Sunny
21200514,13,12,36%,Northeast,<12km/h,2,Sunny
21200514,14,13,38%,Northeast,<12km/h,1,Sunny
21200514,15,13,37%,North,<12km/h,2,Sunny
21200514,16,13,45%,Quiet,,0,Sunny
21200514,17,9,59%,Northeast,<12km/h,1,Sunny
21200514,18,10,52%,North,<12km/h,2,Sunny
21200514,19,7,,Southeast,,<3,Sunny
21200514,20,7,,Southeast,,<3,Sunny
21200514,21,7,,Southeast,,<3,Sunny
21200514,22,7,,Southeast,,<3,Sunny
21200514,23,5,81%,Quiet,,0,Sunny
21200515,00,8,67%,Northeast,<12km/h,2,Sunny
21200515,01,2,98%,East,<12km/h,1,Sunny
21200515,02,6,80%,North,<12km/h,1,Sunny
21200515,03,6,86%,North,<12km/h,1,Sunny
21200515,04,7,,Southeast,,<3,Sunny
21200515,05,8,69%,Northeast,<12km/h,2,Sunny
21200515,06,7,78%,Northwest,<12km/h,1,Sunny
21200515,07,7,76%,Northeast,<12km/h,2,Sunny
21200515,08,18,,Southeast,,<3,Overcast
21200515,09,12,57%,Northeast,<12km/h,3,Sunny
21200515,10,14,52%,Northeast,<12km/h,3,Sunny
21200515,11,18,,Southeast,,<3,Overcast
21200515,12,15,43%,Northeast,<12km/h,3,Sunny
21200515,13,16,44%,East,<12km/h,2,Sunny
21200515,14,16,49%,East,<12km/h,3,Cloudy
21200515,15,15,50%,Southeast,<12km/h,3,Cloudy
21200515,16,14,53%,East,<12km/h,3,Cloudy
21200515,17,10,,Southeast,,<3,Overcast
21200515,18,13,59%,East,<12km/h,2,Cloudy
21200515,19,10,,Southeast,,<3,Overcast
21200515,20,10,,Southeast,,<3,Overcast
21200515,21,10,73%,East,<12km/h,1,Overcast
21200515,22,6,98%,Northeast,<12km/h,1,Overcast
21200515,23,10,75%,Northeast,<12km/h,1,Cloudy
21200516,00,12,71%,Northeast,<12km/h,2,Sunny
21200516,01,8,,,,<3,Sunny
21200516,02,11,77%,Northeast,<12km/h,1,Sunny
21200516,03,9,92%,North,<12km/h,1,Sunny
21200516,04,8,97%,West,<12km/h,1,Sunny
21200516,05,8,98%,Northwest,<12km/h,1,Sunny
21200516,06,7,100%,West,<12km/h,1,Sunny
21200516,07,7,100%,Quiet,,0,Sunny
21200516,08,20,,,,<3,Sunny
21200516,09,15,55%,North,<12km/h,1,Sunny
21200516,10,17,52%,North,<12km/h,2,Cloudy
21200516,11,20,,,,<3,Sunny
21200516,12,18,43%,North,<12km/h,2,Sunny
21200516,13,18,41%,East,<12km/h,1,Sunny
21200516,14,19,38%,North,<12km/h,1,Sunny
21200516,15,20,,,,<3,Sunny
21200516,16,18,35%,Northeast,<12km/h,2,Sunny
21200516,17,17,37%,Quiet,,0,Sunny
21200516,18,8,,,,<3,Sunny
21200516,19,11,79%,Southeast,<12km/h,1,Sunny
21200516,20,10,91%,Southeast,<12km/h,1,Sunny
21200516,21,8,,,,<3,Sunny
21200516,22,7,99%,Southeast,<12km/h,1,Sunny
21200516,23,8,,,,<3,Sunny
21200517,00,9,78%,North,<12km/h,2,Cloudy
21200517,01,10,,Southeast,,<3,Overcast
21200517,02,10,73%,Northeast,<12km/h,1,Cloudy
21200517,03,11,70%,Northeast,<12km/h,2,Cloudy
21200517,04,11,72%,East,<12km/h,2,Cloudy
21200517,05,10,,Southeast,,<3,Overcast
21200517,06,11,76%,East,<12km/h,1,Overcast
21200517,07,11,75%,North,<12km/h,2,Overcast
21200517,08,13,68%,North,<12km/h,1,Cloudy
21200517,09,20,,Southeast,,<3,Overcast
21200517,10,16,62%,Northeast,<12km/h,3,Overcast
21200517,11,17,55%,East,<12km/h,2,Overcast
21200517,12,16,57%,East,<12km/h,2,Overcast
21200517,13,18,56%,East,<12km/h,2,Cloudy
21200517,14,18,50%,Southeast,<12km/h,2,Overcast
21200517,15,17,62%,East,<12km/h,2,Cloudy
21200517,16,17,63%,East,<12km/h,2,Cloudy
21200517,17,16,61%,East,<12km/h,1,Cloudy
21200517,18,13,77%,East,<12km/h,1,Cloudy
21200517,19,10,,Southeast,,<3,Sunny
21200517,20,13,81%,East,<12km/h,1,Sunny
21200517,21,10,,Southeast,,<3,Sunny
21200517,22,12,92%,Northwest,<12km/h,2,Cloudy
21200517,23,10,98%,East,<12km/h,1,Sunny
21200518,00,10,99%,North,<12km/h,1,Sunny
21200518,01,9,100%,Quiet,,0,Sunny
21200518,02,9,99%,Northwest,<12km/h,1,Sunny
21200518,03,9,100%,Quiet,,0,Sunny
21200518,04,10,100%,West,<12km/h,1,Sunny
21200518,05,10,100%,Northwest,<12km/h,1,Sunny
21200518,06,23,,Southeast,,<3,Overcast
21200518,07,12,100%,West,<12km/h,1,Cloudy
21200518,08,14,93%,Northwest,<12km/h,1,Cloudy
21200518,09,23,,Southeast,,<3,Overcast
21200518,10,17,79%,North,<12km/h,2,Cloudy
21200518,11,23,,Southeast,,<3,Overcast
21200518,12,20,71%,Southeast,<12km/h,2,Cloudy
21200518,13,21,70%,Northwest,<12km/h,1,Cloudy
21200518,14,20,67%,Southeast,<12km/h,1,Cloudy
21200518,15,19,84%,East,<12km/h,2,Cloudy
21200518,16,19,73%,Quiet,,0,Cloudy
21200518,17,18,89%,Southeast,<12km/h,2,Cloudy
21200518,18,18,95%,Southeast,<12km/h,1,Cloudy
21200518,19,17,97%,Quiet,,0,Cloudy
21200518,20,17,100%,Southeast,<12km/h,1,Cloudy
21200518,21,14,,,,<3,Overcast
21200518,22,17,100%,Southeast,<12km/h,2,Fog
21200518,23,17,100%,East,<12km/h,1,Fog
21200519,00,16,100%,East,<12km/h,2,Fog
21200519,01,14,,,,<3,Overcast
21200519,02,17,100%,East,<12km/h,2,Fog
21200519,03,15,100%,Northeast,<12km/h,2,Fog
21200519,04,16,100%,Southeast,<12km/h,1,Fog
21200519,05,15,100%,West,<12km/h,1,Fog
21200519,06,15,100%,Quiet,,0,Fog
21200519,07,16,100%,South,<12km/h,1,Fog
21200519,08,23,,Southeast,,<3,Cloudy
21200519,09,18,100%,North,<12km/h,1,Overcast
21200519,10,19,99%,North,<12km/h,2,Overcast
21200519,11,19,94%,Southeast,<12km/h,2,Fog
21200519,12,20,89%,Southeast,<12km/h,3,Fog
21200519,13,21,80%,East,<12km/h,2,Fog
21200519,14,21,84%,East,<12km/h,2,Fog
21200519,15,21,86%,East,<12km/h,2,Fog
21200519,16,20,96%,East,<12km/h,2,Fog
21200519,17,18,97%,East,<12km/h,2,Fog
21200519,18,19,95%,East,<12km/h,3,Fog
21200519,19,19,96%,East,<12km/h,2,Fog
21200519,20,15,,,,<3,Overcast
21200519,21,18,100%,East,<12km/h,1,Cloudy
21200519,22,18,100%,East,<12km/h,1,Fog
21200519,23,17,100%,North,<12km/h,2,Sunny
21200520,00,14,82%,North,<12km/h,1,Sunny
21200520,01,11,,,,<3,Sunny
21200520,02,12,95%,North,<12km/h,1,Sunny
21200520,03,13,93%,North,<12km/h,2,Sunny
21200520,04,11,,,,<3,Sunny
21200520,05,13,89%,West,<12km/h,1,Sunny
21200520,06,12,87%,Southwest,<12km/h,1,Sunny
21200520,07,11,96%,Northwest,<12km/h,2,Sunny
21200520,08,12,96%,West,<12km/h,1,Sunny
21200520,09,17,65%,South,<12km/h,2,Sunny
21200520,10,18,56%,East,<12km/h,2,Sunny
21200520,11,19,53%,North,<12km/h,2,Sunny
21200520,12,19,41%,North,<12km/h,2,Sunny
21200520,13,21,,,,<3,Sunny
21200520,14,20,47%,North,<12km/h,2,Sunny
21200520,15,20,46%,North,24-34km/h,5,Sunny
21200520,16,19,48%,East,<12km/h,1,Sunny
21200520,17,18,55%,Northeast,<12km/h,3,Sunny
21200520,18,17,54%,North,<12km/h,1,Sunny
21200520,19,15,69%,North,<12km/h,1,Sunny
21200520,20,11,,,,<3,Cloudy
21200520,21,15,65%,Northeast,16-24km/h,4,Sunny
21200520,22,13,80%,North,<12km/h,1,Sunny
21200520,23,11,,,,<3,Cloudy
21200521,00,18,100%,Northeast,<12km/h,1,Sunny
21200521,01,15,,,,<3,Overcast
21200521,02,18,100%,Southeast,<12km/h,1,Cloudy
21200521,03,18,98%,Quiet,,0,Fog
21200521,04,17,100%,West,<12km/h,1,Fog
21200521,05,18,100%,Northwest,<12km/h,1,Cloudy
21200521,06,18,100%,Northwest,<12km/h,1,Overcast
21200521,07,18,100%,Northwest,<12km/h,1,Overcast
21200521,08,18,100%,Northwest,<12km/h,1,Overcast
21200521,09,19,90%,North,<12km/h,2,Overcast
21200521,10,20,85%,North,<12km/h,2,Overcast
21200521,11,21,78%,Northwest,<12km/h,2,Overcast
21200521,12,22,71%,West,<12km/h,1,Overcast
21200521,13,23,,,,3-4,Lightrain
21200521,14,22,64%,Northwest,<12km/h,2,Overcast
21200521,15,21,77%,Northwest,<12km/h,3,Overcast
21200521,16,20,79%,Northwest,<12km/h,3,Overcast
21200521,17,20,80%,North,<12km/h,3,Overcast
21200521,18,17,92%,North,16-24km/h,4,Overcast
21200521,19,15,92%,North,<12km/h,3,Rain
21200521,20,14,86%,North,16-24km/h,4,Overcast
21200521,21,14,84%,North,<12km/h,3,Overcast
21200521,22,14,82%,North,24-34km/h,5,Overcast
21200521,23,13,85%,North,16-24km/h,4,Overcast
21200522,00,12,78%,North,<12km/h,3,Overcast
21200522,01,12,70%,North,<12km/h,2,Rain
21200522,02,10,89%,North,<12km/h,3,Overcast
21200522,03,10,82%,North,<12km/h,2,Rain
21200522,04,9,83%,North,16-24km/h,4,Overcast
21200522,05,9,92%,North,<12km/h,3,Overcast
21200522,06,10,73%,North,<12km/h,3,Overcast
21200522,07,11,,,,3-4,Overcast
21200522,08,8,97%,North,<12km/h,2,Overcast
21200522,09,10,68%,North,<12km/h,3,Overcast
21200522,10,11,,,,<3,Overcast
21200522,11,9,67%,North,<12km/h,3,Overcast
21200522,12,8,81%,Northeast,<12km/h,3,Overcast
21200522,13,9,74%,North,<12km/h,2,Rain
21200522,14,9,69%,North,<12km/h,3,Overcast
21200522,15,8,72%,North,<12km/h,2,Overcast
21200522,16,7,86%,North,<12km/h,1,Overcast
21200522,17,7,89%,East,<12km/h,2,Overcast
21200522,18,7,86%,North,<12km/h,2,Overcast
21200522,19,7,81%,Northeast,<12km/h,2,Overcast
21200522,20,7,83%,North,<12km/h,2,Cloudy
21200522,21,7,79%,North,<12km/h,2,Overcast
21200522,22,7,81%,North,<12km/h,2,Overcast
21200522,23,7,83%,Northwest,<12km/h,1,Sunny
21200523,00,9,98%,Southeast,<12km/h,1,Sunny
21200523,01,9,100%,Quiet,,0,Sunny
21200523,02,10,97%,Southeast,<12km/h,2,Sunny
21200523,03,10,78%,Southeast,<12km/h,1,Sunny
21200523,04,8,,,,<3,Sunny
21200523,05,24,,Southeast,,<3,Sunny
21200523,06,24,,Southeast,,<3,Sunny
21200523,07,24,,Southeast,,<3,Sunny
21200523,08,24,,Southeast,,<3,Sunny
21200523,09,24,,Southeast,,<3,Sunny
21200523,10,17,59%,North,<12km/h,3,Cloudy
21200523,11,20,45%,Southwest,<12km/h,2,Cloudy
21200523,12,20,43%,Southwest,<12km/h,2,Sunny
21200523,13,22,38%,West,<12km/h,3,Sunny
21200523,14,24,,Southeast,,<3,Sunny
21200523,15,24,,Southeast,,<3,Sunny
21200523,16,22,34%,West,<12km/h,2,Sunny
21200523,17,19,47%,West,<12km/h,1,Sunny
21200523,18,17,54%,Northwest,<12km/h,2,Sunny
21200523,19,12,83%,North,<12km/h,1,Sunny
21200523,20,9,,Southeast,,<3,Sunny
21200523,21,13,84%,Southwest,<12km/h,1,Sunny
21200523,22,9,97%,West,<12km/h,1,Sunny
21200523,23,12,78%,Quiet,,0,Sunny
21200524,00,7,78%,North,<12km/h,2,Sunny
21200524,01,7,85%,North,<12km/h,1,Cloudy
21200524,02,7,81%,North,<12km/h,2,Sunny
21200524,03,7,80%,Northwest,<12km/h,2,Sunny
21200524,04,7,79%,Northwest,<12km/h,2,Sunny
21200524,05,7,79%,Northwest,<12km/h,2,Cloudy
21200524,06,7,80%,North,<12km/h,1,Overcast
21200524,07,7,79%,Northwest,<12km/h,2,Overcast
21200524,08,8,76%,North,<12km/h,2,Overcast
21200524,09,9,75%,North,<12km/h,2,Overcast
21200524,10,9,74%,North,<12km/h,2,Overcast
21200524,11,10,71%,North,<12km/h,2,Overcast
21200524,12,9,69%,West,<12km/h,1,Overcast
21200524,13,10,65%,Northwest,<12km/h,1,Overcast
21200524,14,10,66%,North,<12km/h,1,Overcast
21200524,15,11,66%,North,<12km/h,2,Overcast
21200524,16,10,72%,North,<12km/h,2,Overcast
21200524,17,9,85%,North,<12km/h,1,Rain
21200524,18,9,85%,North,<12km/h,2,Overcast
21200524,19,9,89%,Northwest,<12km/h,1,Overcast
21200524,20,10,81%,North,<12km/h,2,Overcast
21200524,21,9,100%,Northwest,<12km/h,1,Overcast
21200524,22,9,100%,Quiet,,0,Overcast
21200524,23,9,98%,Quiet,,0,Overcast
21200525,00,9,98%,Quiet,,0,Overcast
21200525,01,9,84%,Northeast,<12km/h,2,Overcast
21200525,02,9,82%,North,<12km/h,2,Overcast
21200525,03,9,80%,North,<12km/h,2,Overcast
21200525,04,9,81%,North,<12km/h,2,Overcast
21200525,05,9,86%,North,<12km/h,2,Overcast
21200525,06,11,,,,<3,Lightrain
21200525,07,9,86%,Northeast,<12km/h,2,Overcast
21200525,08,8,100%,Northeast,<12km/h,2,Overcast
21200525,09,8,99%,North,<12km/h,2,Overcast
21200525,10,8,99%,North,<12km/h,3,Rain
21200525,11,9,100%,North,<12km/h,2,Rain
21200525,12,9,94%,North,<12km/h,2,Overcast
21200525,13,8,97%,North,<12km/h,2,Rain
21200525,14,9,92%,North,<12km/h,3,Overcast
21200525,15,8,100%,North,<12km/h,2,Rain
21200525,16,8,94%,North,<12km/h,3,Rain
21200525,17,8,100%,North,<12km/h,2,Rain
21200525,18,8,97%,North,<12km/h,2,Rain
21200525,19,8,97%,North,<12km/h,3,Rain
21200525,20,8,98%,Northwest,<12km/h,2,Rain
21200525,21,8,100%,Northwest,<12km/h,2,Rain
21200525,22,7,99%,Northwest,<12km/h,2,Rain
21200525,23,8,100%,Northwest,<12km/h,2,Rain
21200526,00,8,94%,Northwest,<12km/h,3,Rain
21200526,01,7,,,,3-4,Lightrain
21200526,02,8,100%,Northwest,<12km/h,2,Overcast
21200526,03,8,96%,North,<12km/h,2,Cloudy
21200526,04,8,75%,North,16-24km/h,4,Cloudy
21200526,05,7,76%,North,<12km/h,3,Cloudy
21200526,06,7,71%,North,<12km/h,2,Cloudy
21200526,07,7,72%,North,<12km/h,2,Cloudy
21200526,08,8,72%,North,<12km/h,3,Sunny
21200526,09,8,65%,Northwest,<12km/h,3,Sunny
21200526,10,9,66%,North,<12km/h,2,Cloudy
21200526,11,9,59%,North,<12km/h,2,Cloudy
21200526,12,11,60%,North,<12km/h,3,Sunny
21200526,13,11,54%,Northwest,<12km/h,3,Cloudy
21200526,14,11,52%,Northwest,<12km/h,3,Cloudy
21200526,15,10,55%,North,<12km/h,2,Cloudy
21200526,16,12,,,,<3,Overcast
21200526,17,8,67%,Northwest,<12km/h,3,Cloudy
21200526,18,6,,,,<3,Cloudy
21200526,19,6,,,,<3,Cloudy
21200526,20,6,,,,<3,Cloudy
21200526,21,6,,,,<3,Cloudy
21200526,22,6,,,,<3,Cloudy
21200526,23,6,,,,<3,Cloudy
21200527,00,17,69%,East,<12km/h,1,Cloudy
21200527,01,15,,,,<3,Overcast
21200527,02,15,92%,South,<12km/h,1,Cloudy
21200527,03,17,84%,North,<12km/h,1,Cloudy
21200527,04,15,,,,<3,Overcast
21200527,05,14,98%,West,<12km/h,2,Rain
21200527,06,15,100%,Quiet,,0,Overcast
21200527,07,22,,Southeast,,3-4,Overcast
21200527,08,15,88%,West,<12km/h,3,Cloudy
21200527,09,16,87%,North,<12km/h,2,Cloudy
21200527,10,17,84%,North,<12km/h,2,Overcast
21200527,11,17,78%,West,<12km/h,2,Cloudy
21200527,12,22,,Southeast,,<3,Overcast
21200527,13,22,,Southeast,,<3,Overcast
21200527,14,22,,Southeast,,<3,Overcast
21200527,15,22,,Southeast,,<3,Overcast
21200527,16,19,55%,Northwest,<12km/h,2,Sunny
21200527,17,18,61%,Northwest,<12km/h,2,Sunny
21200527,18,18,62%,West,<12km/h,2,Sunny
21200527,19,17,60%,Northwest,<12km/h,2,Sunny
21200527,20,16,71%,West,<12km/h,2,Cloudy
21200527,21,17,52%,North,<12km/h,1,Cloudy
21200527,22,15,66%,Northwest,<12km/h,2,Cloudy
21200527,23,15,49%,North,<12km/h,3,Sunny
21200528,00,6,,,,<3,Cloudy
21200528,01,6,,,,<3,Cloudy
21200528,02,6,,,,<3,Cloudy
21200528,03,6,,,,<3,Cloudy
21200528,04,6,,,,<3,Cloudy
21200528,05,6,,,,<3,Cloudy
21200528,06,13,,,,<3,Overcast
21200528,07,13,,,,<3,Overcast
21200528,08,7,77%,North,<12km/h,2,Cloudy
21200528,09,8,70%,Northwest,<12km/h,1,Cloudy
21200528,10,9,68%,North,<12km/h,2,Sunny
21200528,11,10,66%,North,<12km/h,2,Cloudy
21200528,12,13,,,,<3,Cloudy
21200528,13,10,64%,Northeast,<12km/h,2,Cloudy
21200528,14,11,62%,North,<12km/h,2,Overcast
21200528,15,11,62%,Northeast,<12km/h,2,Overcast
21200528,16,11,64%,North,<12km/h,2,Overcast
21200528,17,10,68%,Northeast,<12km/h,1,Cloudy
21200528,18,9,73%,Northeast,<12km/h,1,Cloudy
21200528,19,8,,,,<3,Cloudy
21200528,20,9,77%,Northwest,<12km/h,1,Cloudy
21200528,21,6,95%,Quiet,,0,Sunny
21200528,22,9,81%,Northwest,<12km/h,1,Cloudy
21200528,23,8,,,,<3,Cloudy
21200529,00,8,88%,West,<12km/h,1,Sunny
21200529,01,8,91%,Quiet,,0,Sunny
21200529,02,9,84%,North,<12km/h,1,Sunny
21200529,03,8,88%,Northwest,<12km/h,1,Sunny
21200529,04,8,95%,Northwest,<12km/h,1,Sunny
21200529,05,9,85%,Northwest,<12km/h,1,Cloudy
21200529,06,9,85%,Quiet,,0,Overcast
21200529,07,9,85%,West,<12km/h,1,Overcast
21200529,08,9,83%,West,<12km/h,1,Cloudy
21200529,09,10,86%,West,<12km/h,1,Cloudy
21200529,10,10,89%,Southwest,<12km/h,1,Cloudy
21200529,11,10,73%,Northwest,<12km/h,1,Cloudy
21200529,12,14,,,,<3,Lightrain
21200529,13,11,83%,Southwest,<12km/h,1,Overcast
21200529,14,10,89%,West,<12km/h,1,Cloudy
21200529,15,10,95%,West,<12km/h,2,Cloudy
21200529,16,10,100%,West,<12km/h,1,Rain
21200529,17,10,100%,Northwest,<12km/h,2,Rain
21200529,18,10,100%,Northwest,<12km/h,1,Rain
21200529,19,10,100%,Northwest,<12km/h,1,Rain
21200529,20,10,100%,West,<12km/h,1,Rain
21200529,21,11,100%,North,<12km/h,1,Rain
21200529,22,12,100%,North,<12km/h,1,Rain
21200529,23,11,98%,North,<12km/h,1,Rain
21200530,00,18,82%,East,16-24km/h,4,Overcast
21200530,01,18,84%,North,<12km/h,1,Overcast
21200530,02,18,80%,East,<12km/h,1,Overcast
21200530,03,18,84%,Northeast,<12km/h,3,Overcast
21200530,04,17,88%,East,<12km/h,2,Overcast
21200530,05,17,88%,East,<12km/h,3,Overcast
21200530,06,24,,,,<3,Overcast
21200530,07,24,,,,<3,Overcast
21200530,08,18,97%,North,<12km/h,1,Overcast
21200530,09,19,78%,North,<12km/h,1,Cloudy
21200530,10,21,74%,North,<12km/h,1,Cloudy
21200530,11,21,58%,East,<12km/h,3,Cloudy
21200530,12,23,60%,Northeast,<12km/h,3,Sunny
21200530,13,22,52%,Northeast,<12km/h,3,Cloudy
21200530,14,23,46%,Northeast,16-24km/h,4,Sunny
21200530,15,24,47%,South,16-24km/h,4,Sunny
21200530,16,22,52%,North,<12km/h,2,Sunny
21200530,17,21,59%,East,<12km/h,3,Sunny
21200530,18,17,79%,South,16-24km/h,4,Cloudy
21200530,19,16,68%,Northeast,<12km/h,1,Cloudy
21200530,20,17,66%,North,16-24km/h,4,Sunny
21200530,21,18,66%,Northeast,16-24km/h,4,Cloudy
21200530,22,15,80%,North,<12km/h,2,Cloudy
21200530,23,14,,,,<3,Cloudy
21200531,00,11,100%,Northwest,<12km/h,3,Rain
21200531,01,11,100%,Northwest,<12km/h,2,Rain
21200531,02,10,100%,Northwest,<12km/h,2,Rain
21200531,03,11,100%,Northwest,<12km/h,2,Rain
21200531,04,9,,,,<3,Lightrain
21200531,05,9,,,,<3,Lightrain
21200531,06,12,,,,3-4,Overcast
21200531,07,9,94%,Northwest,<12km/h,2,Overcast
21200531,08,9,100%,Northwest,<12km/h,3,Overcast
21200531,09,8,93%,Northwest,<12km/h,2,Overcast
21200531,10,12,,,,3-4,Overcast
21200531,11,9,83%,Northwest,24-34km/h,5,Overcast
21200531,12,12,,,,3-4,Overcast
21200531,13,8,85%,Northwest,<12km/h,2,Cloudy
21200531,14,8,82%,Northwest,<12km/h,3,Cloudy
21200531,15,12,,,,3-4,Overcast
21200531,16,12,,,,3-4,Overcast
21200531,17,8,76%,Northwest,24-34km/h,5,Overcast
21200531,18,7,80%,Northwest,<12km/h,2,Overcast
21200531,19,8,77%,Northwest,16-24km/h,4,Overcast
21200531,20,7,80%,Northwest,<12km/h,2,Overcast
21200531,21,4,,,,3-4,Cloudy
21200531,22,4,,,,3-4,Cloudy
21200531,23,7,83%,Northwest,24-34km/h,5,Cloudy
21200601,00,7,77%,Northwest,<12km/h,3,Cloudy
21200601,01,6,74%,Northwest,<12km/h,3,Sunny
21200601,02,6,69%,Northwest,<12km/h,2,Sunny
21200601,03,4,,,,3-4,Cloudy
21200601,04,5,77%,Northwest,<12km/h,3,Sunny
21200601,05,5,82%,West,<12km/h,2,Sunny
21200601,06,5,81%,Northwest,<12km/h,2,Sunny
21200601,07,5,81%,West,<12km/h,2,Sunny
21200601,08,11,,,,<3,Sunny
21200601,09,6,80%,West,<12km/h,2,Sunny
21200601,10,8,55%,Northwest,<12km/h,3,Sunny
21200601,11,11,,,,<3,Sunny
21200601,12,10,41%,West,<12km/h,2,Sunny
21200601,13,11,,,,<3,Sunny
21200601,14,10,42%,Northwest,<12km/h,2,Cloudy
21200601,15,10,40%,Northwest,<12km/h,2,Sunny
21200601,16,11,,,,<3,Sunny
21200601,17,1,,,,<3,Sunny
21200601,18,6,58%,Northwest,<12km/h,2,Sunny
21200601,19,5,74%,North,<12km/h,1,Sunny
21200601,20,3,86%,Quiet,,0,Sunny
21200601,21,3,94%,Quiet,,0,Sunny
21200601,22,3,88%,West,<12km/h,1,Sunny
21200601,23,1,91%,West,<12km/h,1,Sunny
21200602,00,1,,,,<3,Sunny
21200602,01,2,99%,Quiet,,0,Fog
21200602,02,1,,,,<3,Sunny
21200602,03,1,100%,North,<12km/h,1,Fog
21200602,04,0,95%,Northwest,<12km/h,1,Sunny
21200602,05,1,,,,<3,Sunny
21200602,06,-1,99%,Northwest,<12km/h,1,Fog
21200602,07,0,100%,Southwest,<12km/h,1,Sunny
21200602,08,2,100%,Northwest,<12km/h,1,Fog
21200602,09,6,79%,North,<12km/h,2,Overcast
21200602,10,8,60%,North,<12km/h,1,Overcast
21200602,11,11,,,,<3,Sunny
21200602,12,9,42%,Southwest,<12km/h,1,Sunny
21200602,13,10,37%,West,<12km/h,2,Sunny
21200602,14,10,44%,Northwest,<12km/h,2,Sunny
21200602,15,11,,,,<3,Sunny
21200602,16,11,,,,<3,Sunny
21200602,17,1,,,,<3,Sunny
21200602,18,2,92%,East,<12km/h,1,Sunny
21200602,19,1,,,,<3,Sunny
21200602,20,1,,,,<3,Sunny
21200602,21,1,,,,<3,Sunny
21200602,22,2,98%,South,<12km/h,1,Sunny
21200602,23,2,99%,Quiet,,0,Sunny
21200603,00,0,100%,Quiet,,0,Fog
21200603,01,1,100%,Quiet,,0,Fog
21200603,02,1,100%,Quiet,,0,Sunny
21200603,03,-1,99%,West,<12km/h,1,Sunny
21200603,04,1,,,,<3,Sunny
21200603,05,1,100%,Quiet,,0,Fog
21200603,06,1,100%,South,<12km/h,1,Overcast
21200603,07,3,96%,Northwest,<12km/h,1,Cloudy
21200603,08,3,100%,South,<12km/h,1,Sunny
21200603,09,7,66%,Southwest,<12km/h,1,Cloudy
21200603,10,9,64%,Southwest,<12km/h,2,Sunny
21200603,11,10,45%,Northwest,<12km/h,2,Sunny
21200603,12,13,38%,Northeast,<12km/h,2,Cloudy
21200603,13,13,45%,Northeast,<12km/h,1,Sunny
21200603,14,12,33%,West,<12km/h,2,Sunny
21200603,15,13,,,,<3,Cloudy
21200603,16,11,37%,Northwest,<12km/h,2,Sunny
21200603,17,10,40%,Northwest,<12km/h,1,Cloudy
21200603,18,9,42%,North,<12km/h,1,Cloudy
21200603,19,5,80%,North,<12km/h,1,Cloudy
21200603,20,9,62%,Northeast,<12km/h,2,Cloudy
21200603,21,5,73%,South,<12km/h,1,Cloudy
21200603,22,4,83%,Quiet,,0,Sunny
21200603,23,6,62%,Northwest,<12km/h,1,Cloudy
21200604,00,4,,,,<3,Cloudy
21200604,01,4,,,,<3,Cloudy
21200604,02,4,81%,North,<12km/h,1,Overcast
21200604,03,4,88%,North,<12km/h,1,Sunny
21200604,04,4,,,,<3,Cloudy
21200604,05,3,93%,West,<12km/h,1,Cloudy
21200604,06,14,,,,<3,Cloudy
21200604,07,4,88%,North,<12km/h,1,Cloudy
21200604,08,14,,,,<3,Cloudy
21200604,09,14,,,,<3,Cloudy
21200604,10,11,42%,North,<12km/h,2,Cloudy
21200604,11,14,,,,<3,Cloudy
21200604,12,14,,,,<3,Cloudy
21200604,13,14,,,,<3,Cloudy
21200604,14,11,42%,North,<12km/h,1,Sunny
21200604,15,14,,,,<3,Cloudy
21200604,16,11,42%,North,<12km/h,2,Cloudy
21200604,17,11,46%,North,<12km/h,1,Sunny
21200604,18,8,67%,Northwest,<12km/h,1,Sunny
21200604,19,6,55%,Northeast,<12km/h,2,Sunny
21200604,20,7,,,,<3,Cloudy
21200604,21,7,,,,<3,Cloudy
21200604,22,5,64%,Northeast,<12km/h,1,Sunny
21200604,23,7,77%,North,<12km/h,2,Overcast
21200605,00,7,,,,<3,Cloudy
21200605,01,8,82%,North,<12km/h,2,Cloudy
21200605,02,8,81%,Northeast,<12km/h,2,Cloudy
21200605,03,8,80%,North,<12km/h,2,Cloudy
21200605,04,7,,,,<3,Cloudy
21200605,05,7,,,,<3,Cloudy
21200605,06,8,69%,Northeast,<12km/h,3,Sunny
21200605,07,11,,,,<3,Cloudy
21200605,08,7,66%,North,<12km/h,3,Cloudy
21200605,09,8,60%,North,<12km/h,3,Cloudy
21200605,10,11,,,,<3,Sunny
21200605,11,11,,,,<3,Sunny
21200605,12,9,53%,Northeast,<12km/h,2,Cloudy
21200605,13,11,,,,<3,Sunny
21200605,14,11,,,,<3,Sunny
21200605,15,10,46%,Northwest,<12km/h,2,Sunny
21200605,16,11,,,,<3,Sunny
21200605,17,7,65%,Northwest,<12km/h,2,Sunny
21200605,18,1,,,,<3,Sunny
21200605,19,1,,,,<3,Sunny
21200605,20,1,,,,<3,Sunny
21200605,21,1,,,,<3,Sunny
21200605,22,1,,,,<3,Sunny
21200605,23,1,,,,<3,Sunny
21200606,00,1,,,,<3,Sunny
21200606,01,1,87%,North,<12km/h,1,Sunny
21200606,02,1,91%,Northwest,<12km/h,1,Sunny
21200606,03,0,93%,North,<12km/h,1,Sunny
21200606,04,1,,,,<3,Sunny
21200606,05,0,99%,Northeast,<12km/h,1,Sunny
21200606,06,0,99%,Northwest,<12km/h,1,Sunny
21200606,07,0,99%,Northwest,<12km/h,1,Sunny
21200606,08,11,,,,<3,Sunny
21200606,09,11,,,,<3,Sunny
21200606,10,8,53%,Northwest,<12km/h,2,Sunny
21200606,11,9,47%,North,<12km/h,2,Sunny
21200606,12,10,44%,Northwest,<12km/h,2,Sunny
21200606,13,10,34%,North,<12km/h,3,Sunny
21200606,14,11,,,,<3,Sunny
21200606,15,10,37%,Northwest,<12km/h,1,Sunny
21200606,16,11,,,,<3,Sunny
21200606,17,6,60%,Northeast,<12km/h,1,Sunny
21200606,18,0,,,,<3,Sunny
21200606,19,2,77%,Quiet,,0,Sunny
21200606,20,0,,,,<3,Sunny
21200606,21,0,,,,<3,Sunny
21200606,22,0,,,,<3,Sunny
21200606,23,-1,98%,West,<12km/h,1,Sunny
21200607,00,0,,,,<3,Sunny
21200607,01,0,100%,Quiet,,0,Sunny
21200607,02,-2,99%,Northwest,<12km/h,1,Sunny
21200607,03,0,,,,<3,Sunny
21200607,04,0,,,,<3,Sunny
21200607,05,0,,,,<3,Sunny
21200607,06,0,100%,Southeast,<12km/h,1,Fog
21200607,07,0,100%,Quiet,,0,Sunny
21200607,08,0,96%,West,<12km/h,2,Sunny
21200607,09,8,63%,South,<12km/h,1,Sunny
21200607,10,12,,,,<3,Sunny
21200607,11,9,48%,West,<12km/h,1,Sunny
21200607,12,12,,,,<3,Sunny
21200607,13,12,33%,Southwest,<12km/h,2,Sunny
21200607,14,12,30%,South,<12km/h,1,Sunny
21200607,15,11,50%,Southeast,<12km/h,2,Sunny
21200607,16,11,43%,Quiet,,0,Sunny
21200607,17,2,,,,<3,Sunny
21200607,18,6,66%,South,<12km/h,1,Sunny
21200607,19,10,52%,Southeast,<12km/h,1,Cloudy
21200607,20,3,95%,Southeast,<12km/h,1,Sunny
21200607,21,2,,,,<3,Sunny
21200607,22,2,,,,<3,Sunny
21200607,23,2,,,,<3,Sunny
21200608,00,4,82%,Southeast,<12km/h,1,Sunny
21200608,01,-1,99%,Quiet,,0,Fog
21200608,02,2,,,,<3,Sunny
21200608,03,3,98%,South,<12km/h,1,Sunny
21200608,04,4,80%,Southwest,<12km/h,1,Sunny
21200608,05,2,,,,<3,Sunny
21200608,06,16,,,,<3,Overcast
21200608,07,-2,99%,South,<12km/h,1,Overcast
21200608,08,16,,,,<3,Overcast
21200608,09,8,57%,Southwest,<12km/h,2,Sunny
21200608,10,11,46%,South,<12km/h,2,Sunny
21200608,11,16,,,,<3,Overcast
21200608,12,15,35%,South,<12km/h,2,Sunny
21200608,13,16,,,,<3,Overcast
21200608,14,16,32%,South,<12km/h,1,Sunny
21200608,15,16,,,,<3,Overcast
21200608,16,16,35%,South,<12km/h,2,Sunny
21200608,17,11,54%,East,<12km/h,1,Cloudy
21200608,18,4,,,,<3,Overcast
21200608,19,4,,,,<3,Overcast
21200608,20,8,90%,Quiet,,0,Overcast
21200608,21,4,84%,East,<12km/h,1,Cloudy
21200608,22,9,62%,East,<12km/h,1,Cloudy
21200608,23,3,95%,East,<12km/h,1,Cloudy
21200609,00,6,78%,East,<12km/h,1,Cloudy
21200609,01,5,96%,South,<12km/h,1,Cloudy
21200609,02,6,96%,Quiet,,0,Sunny
21200609,03,4,99%,Southeast,<12km/h,1,Sunny
21200609,04,4,100%,Quiet,,0,Fog
21200609,05,3,100%,South,<12km/h,1,Sunny
21200609,06,18,,,,<3,Cloudy
21200609,07,18,,,,<3,Cloudy
21200609,08,18,,,,<3,Cloudy
21200609,09,10,67%,South,<12km/h,2,Sunny
21200609,10,18,,,,<3,Cloudy
21200609,11,18,,,,<3,Cloudy
21200609,12,18,,,,<3,Cloudy
21200609,13,17,39%,Southwest,<12km/h,2,Sunny
21200609,14,18,33%,South,<12km/h,2,Sunny
21200609,15,19,31%,South,<12km/h,1,Sunny
21200609,16,16,43%,Quiet,,0,Sunny
21200609,17,7,,,,<3,Cloudy
21200609,18,10,70%,Quiet,,0,Sunny
21200609,19,10,75%,Southeast,<12km/h,1,Sunny
21200609,20,7,,,,<3,Cloudy
21200609,21,7,,,,<3,Cloudy
21200609,22,7,,,,<3,Cloudy
21200609,23,7,,,,<3,Cloudy
21200610,00,5,98%,Southwest,<12km/h,2,Sunny
21200610,01,7,,,,<3,Cloudy
21200610,02,7,,,,<3,Cloudy
21200610,03,2,99%,Southwest,<12km/h,1,Sunny
21200610,04,7,,,,<3,Cloudy
21200610,05,4,100%,West,<12km/h,1,Sunny
21200610,06,6,80%,Southwest,<12km/h,2,Sunny
21200610,07,6,100%,West,<12km/h,1,Sunny
21200610,08,15,,,,<3,Sunny
21200610,09,12,58%,Northwest,<12km/h,2,Sunny
21200610,10,14,46%,Northwest,<12km/h,2,Sunny
21200610,11,15,,,,<3,Sunny
21200610,12,16,35%,North,<12km/h,3,Sunny
21200610,13,15,41%,Northwest,<12km/h,2,Sunny
21200610,14,15,,,,<3,Sunny
21200610,15,15,36%,North,<12km/h,2,Sunny
21200610,16,14,48%,North,<12km/h,2,Sunny
21200610,17,3,,Southeast,,<3,Sunny
21200610,18,11,64%,North,<12km/h,2,Sunny
21200610,19,3,,Southeast,,<3,Sunny
21200610,20,6,73%,North,<12km/h,1,Sunny
21200610,21,3,,Southeast,,<3,Sunny
21200610,22,3,,Southeast,,<3,Sunny
21200610,23,5,89%,Quiet,,0,Sunny
21200611,00,3,99%,Northeast,<12km/h,1,Sunny
21200611,01,4,91%,Northeast,<12km/h,2,Sunny
21200611,02,3,99%,Northwest,<12km/h,1,Sunny
21200611,03,3,100%,Quiet,,0,Fog
21200611,04,3,,Southeast,,<3,Sunny
21200611,05,3,,Southeast,,<3,Sunny
21200611,06,3,100%,Quiet,,0,Cloudy
21200611,07,3,100%,Northeast,<12km/h,1,Fog
21200611,08,14,,Southeast,,<3,Sunny
21200611,09,7,100%,West,<12km/h,1,Sunny
21200611,10,11,60%,North,<12km/h,1,Sunny
21200611,11,12,48%,Southeast,<12km/h,2,Sunny
21200611,12,13,49%,East,<12km/h,3,Sunny
21200611,13,13,36%,East,<12km/h,2,Sunny
21200611,14,14,36%,East,<12km/h,3,Sunny
21200611,15,14,39%,East,<12km/h,2,Sunny
21200611,16,14,,Southeast,,<3,Sunny
21200611,17,10,52%,Southeast,<12km/h,2,Sunny
21200611,18,7,64%,East,<12km/h,2,Sunny
21200611,19,7,71%,East,<12km/h,1,Cloudy
21200611,20,6,,Southeast,,<3,Cloudy
21200611,21,8,70%,East,<12km/h,2,Sunny
21200611,22,6,,Southeast,,<3,Cloudy
21200611,23,6,94%,East,<12km/h,2,Sunny
21200612,00,6,100%,North,<12km/h,2,Rain
21200612,01,7,,,,<3,Moderaterain
21200612,02,7,,,,<3,Moderaterain
21200612,03,7,,,,<3,Moderaterain
21200612,04,7,,,,<3,Moderaterain
21200612,05,6,100%,Northwest,<12km/h,2,Rain
21200612,06,9,,,,<3,Moderaterain
21200612,07,9,,,,<3,Moderaterain
21200612,08,9,100%,Northeast,<12km/h,3,Rain
21200612,09,9,,,,<3,Moderaterain
21200612,10,8,100%,Northeast,<12km/h,2,Rain
21200612,11,9,,,,<3,Moderaterain
21200612,12,9,100%,Northeast,<12km/h,2,Rain
21200612,13,9,96%,Northeast,16-24km/h,4,Rain
21200612,14,9,,,,<3,Moderaterain
21200612,15,9,,,,<3,Moderaterain
21200612,16,8,98%,North,<12km/h,2,Rain
21200612,17,7,100%,North,<12km/h,2,Rain
21200612,18,7,95%,North,<12km/h,2,Rain
21200612,19,5,,,,3-4,Lightrain
21200612,20,7,97%,North,<12km/h,3,Rain
21200612,21,5,,,,3-4,Lightrain
21200612,22,6,100%,Northwest,<12km/h,2,Rain
21200612,23,6,98%,Northwest,<12km/h,3,Rain
21200613,00,0,92%,Quiet,,0,Sunny
21200613,01,-2,98%,Quiet,,0,Sunny
21200613,02,0,,Southeast,,<3,Cloudy
21200613,03,0,,Southeast,,<3,Cloudy
21200613,04,-1,97%,Quiet,,0,Sunny
21200613,05,-1,98%,Quiet,,0,Sunny
21200613,06,-1,100%,South,<12km/h,1,Fog
21200613,07,-1,99%,Quiet,,0,Sunny
21200613,08,1,99%,Southwest,<12km/h,1,Cloudy
21200613,09,6,75%,Southeast,<12km/h,2,Cloudy
21200613,10,11,,Southeast,,<3,Sunny
21200613,11,11,,Southeast,,<3,Sunny
21200613,12,11,,Southeast,,<3,Sunny
21200613,13,11,,Southeast,,<3,Sunny
21200613,14,11,49%,East,<12km/h,2,Sunny
21200613,15,11,,Southeast,,<3,Sunny
21200613,16,11,31%,East,<12km/h,2,Sunny
21200613,17,2,,Southeast,,<3,Cloudy
21200613,18,8,46%,East,<12km/h,2,Sunny
21200613,19,5,57%,Southeast,<12km/h,2,Sunny
21200613,20,2,,Southeast,,<3,Cloudy
21200613,21,8,89%,North,<12km/h,1,Cloudy
21200613,22,2,,Southeast,,<3,Cloudy
21200613,23,4,65%,Southeast,<12km/h,1,Cloudy
21200614,00,6,94%,Northwest,<12km/h,3,Rain
21200614,01,5,,,,3-4,Lightrain
21200614,02,5,,,,3-4,Lightrain
21200614,03,4,98%,Northwest,<12km/h,3,Rain
21200614,04,4,98%,Northwest,<12km/h,3,Rain
21200614,05,5,,,,3-4,Lightrain
21200614,06,6,,,,<3,Overcast
21200614,07,4,94%,Northwest,<12km/h,2,Overcast
21200614,08,6,,,,<3,Overcast
21200614,09,6,,,,<3,Overcast
21200614,10,6,,,,<3,Overcast
21200614,11,4,95%,Northwest,<12km/h,3,Overcast
21200614,12,6,100%,West,<12km/h,2,Overcast
21200614,13,5,98%,West,16-24km/h,4,Rain
21200614,14,6,,,,<3,Overcast
21200614,15,6,,,,<3,Overcast
21200614,16,6,,,,<3,Overcast
21200614,17,4,95%,Northwest,<12km/h,2,Rain
21200614,18,3,,,,<3,Cloudy
21200614,19,3,,,,<3,Cloudy
21200614,20,5,93%,West,<12km/h,3,Cloudy
21200614,21,3,,,,<3,Cloudy
21200614,22,3,,,,<3,Cloudy
21200614,23,5,95%,Northwest,<12km/h,2,Overcast
21200615,00,4,79%,West,<12km/h,3,Cloudy
21200615,01,4,80%,West,<12km/h,2,Cloudy
21200615,02,3,74%,West,<12km/h,2,Overcast
21200615,03,3,82%,West,<12km/h,2,Overcast
21200615,04,2,,,,<3,Cloudy
21200615,05,2,,,,<3,Cloudy
21200615,06,4,76%,West,<12km/h,2,Sunny
21200615,07,8,,,,3-4,Cloudy
21200615,08,4,79%,West,<12km/h,2,Sunny
21200615,09,6,69%,West,<12km/h,2,Sunny
21200615,10,8,,,,3-4,Sunny
21200615,11,8,52%,Northwest,<12km/h,3,Sunny
21200615,12,8,49%,Northwest,16-24km/h,4,Sunny
21200615,13,8,44%,West,16-24km/h,4,Sunny
21200615,14,9,47%,Northwest,16-24km/h,4,Cloudy
21200615,15,9,47%,West,16-24km/h,4,Cloudy
21200615,16,8,,,,3-4,Sunny
21200615,17,7,56%,West,<12km/h,3,Sunny
21200615,18,1,,,,<3,Cloudy
21200615,19,1,,,,<3,Cloudy
21200615,20,6,66%,West,<12km/h,2,Sunny
21200615,21,1,,,,<3,Cloudy
21200615,22,6,68%,West,<12km/h,3,Sunny
21200615,23,1,,,,<3,Cloudy
21200616,00,4,80%,North,<12km/h,2,Sunny
21200616,01,4,80%,Northwest,<12km/h,2,Sunny
21200616,02,5,82%,West,<12km/h,2,Sunny
21200616,03,4,97%,Northwest,<12km/h,2,Cloudy
21200616,04,1,,,,<3,Cloudy
21200616,05,4,95%,West,<12km/h,2,Sunny
21200616,06,6,,,,3-4,Sunny
21200616,07,6,,,,3-4,Sunny
21200616,08,3,84%,West,<12km/h,2,Sunny
21200616,09,7,,,,3-4,Sunny
21200616,10,7,,,,3-4,Sunny
21200616,11,7,,,,3-4,Sunny
21200616,12,7,57%,Northwest,<12km/h,3,Sunny
21200616,13,7,52%,Northwest,16-24km/h,4,Sunny
21200616,14,8,52%,Northwest,16-24km/h,4,Sunny
21200616,15,7,,,,3-4,Sunny
21200616,16,7,,,,3-4,Sunny
21200616,17,7,,,,3-4,Sunny
21200616,18,0,,Southeast,,<3,Sunny
21200616,19,4,62%,Northwest,<12km/h,1,Sunny
21200616,20,5,55%,Northwest,<12km/h,2,Sunny
21200616,21,3,74%,West,<12km/h,1,Sunny
21200616,22,3,68%,West,<12km/h,2,Sunny
21200616,23,0,,Southeast,,<3,Sunny
21200617,00,6,93%,East,<12km/h,1,Sunny
21200617,01,3,99%,Northeast,<12km/h,1,Sunny
21200617,02,2,99%,North,<12km/h,1,Sunny
21200617,03,1,99%,Northwest,<12km/h,1,Sunny
21200617,04,1,,,,<3,Cloudy
21200617,05,1,100%,East,<12km/h,1,Sunny
21200617,06,1,100%,Northeast,<12km/h,1,Overcast
21200617,07,3,95%,North,<12km/h,1,Cloudy
21200617,08,6,87%,East,<12km/h,2,Sunny
21200617,09,8,84%,Northeast,<12km/h,2,Sunny
21200617,10,9,67%,East,<12km/h,3,Sunny
21200617,11,11,45%,East,<12km/h,2,Sunny
21200617,12,11,44%,Southeast,<12km/h,3,Cloudy
21200617,13,11,,,,<3,Overcast
21200617,14,11,,,,<3,Overcast
21200617,15,12,40%,Southeast,<12km/h,2,Sunny
21200617,16,11,55%,East,<12km/h,3,Cloudy
21200617,17,3,,,,<3,Overcast
21200617,18,3,,,,<3,Overcast
21200617,19,3,,,,<3,Overcast
21200617,20,3,,,,<3,Overcast
21200617,21,3,,,,<3,Overcast
21200617,22,3,,,,<3,Overcast
21200617,23,5,80%,East,<12km/h,3,Sunny
21200618,00,7,,,,<3,Lightrain
21200618,01,7,99%,North,<12km/h,2,Rain
21200618,02,7,,,,<3,Lightrain
21200618,03,7,94%,North,<12km/h,2,Cloudy
21200618,04,7,98%,North,<12km/h,2,Overcast
21200618,05,7,,,,<3,Lightrain
21200618,06,7,98%,Northwest,<12km/h,2,Rain
21200618,07,6,100%,Northwest,<12km/h,2,Rain
21200618,08,6,97%,North,<12km/h,2,Rain
21200618,09,7,99%,North,<12km/h,2,Rain
21200618,10,7,100%,North,<12km/h,2,Rain
21200618,11,7,100%,North,<12km/h,1,Rain
21200618,12,8,99%,Northwest,<12km/h,2,Rain
21200618,13,8,,,,<3,Moderaterain
21200618,14,7,100%,Northwest,<12km/h,1,Rain
21200618,15,6,99%,North,<12km/h,3,Rain
21200618,16,7,99%,North,<12km/h,3,Rain
21200618,17,8,,,,<3,Moderaterain
21200618,18,7,,,,<3,Moderaterain
21200618,19,6,95%,North,<12km/h,2,Rain
21200618,20,6,100%,Northwest,<12km/h,2,Rain
21200618,21,7,,,,<3,Moderaterain
21200618,22,6,97%,Northwest,<12km/h,2,Rain
21200618,23,6,100%,Northwest,<12km/h,2,Rain
21200619,00,6,100%,North,<12km/h,2,Rain
21200619,01,7,,,,<3,Moderaterain
21200619,02,7,,,,<3,Moderaterain
21200619,03,7,,,,<3,Moderaterain
21200619,04,7,,,,<3,Moderaterain
21200619,05,6,100%,Northwest,<12km/h,2,Rain
21200619,06,9,,,,<3,Moderaterain
21200619,07,9,,,,<3,Moderaterain
21200619,08,9,100%,Northeast,<12km/h,3,Rain
21200619,09,9,,,,<3,Moderaterain
21200619,10,8,100%,Northeast,<12km/h,2,Rain
21200619,11,9,,,,<3,Moderaterain
21200619,12,9,100%,Northeast,<12km/h,2,Rain
21200619,13,9,96%,Northeast,16-24km/h,4,Rain
21200619,14,9,,,,<3,Moderaterain
21200619,15,9,,,,<3,Moderaterain
21200619,16,8,98%,North,<12km/h,2,Rain
21200619,17,7,100%,North,<12km/h,2,Rain
21200619,18,7,95%,North,<12km/h,2,Rain
21200619,19,5,,,,3-4,Lightrain
21200619,20,7,97%,North,<12km/h,3,Rain
21200619,21,5,,,,3-4,Lightrain
21200619,22,6,100%,Northwest,<12km/h,2,Rain
21200619,23,6,98%,Northwest,<12km/h,3,Rain
21200620,00,6,99%,Northwest,<12km/h,1,Overcast
21200620,01,3,,,,<3,Overcast
21200620,02,6,85%,North,<12km/h,1,Cloudy
21200620,03,6,100%,Northwest,<12km/h,1,Overcast
21200620,04,3,,,,<3,Overcast
21200620,05,3,,,,<3,Overcast
21200620,06,9,,,,<3,Overcast
21200620,07,9,,,,<3,Overcast
21200620,08,6,85%,North,<12km/h,2,Overcast
21200620,09,9,,,,<3,Overcast
21200620,10,7,80%,East,<12km/h,1,Sunny
21200620,11,7,76%,Northwest,<12km/h,2,Overcast
21200620,12,7,73%,North,<12km/h,1,Overcast
21200620,13,9,,,,<3,Overcast
21200620,14,9,,,,<3,Overcast
21200620,15,9,,,,<3,Overcast
21200620,16,9,65%,North,<12km/h,2,Overcast
21200620,17,2,,,,<3,Overcast
21200620,18,2,,,,<3,Overcast
21200620,19,7,73%,Northwest,<12km/h,1,Overcast
21200620,20,7,76%,Northwest,<12km/h,1,Overcast
21200620,21,2,,,,<3,Overcast
21200620,22,2,,,,<3,Overcast
21200620,23,2,,,,<3,Overcast
21200621,00,6,94%,Northwest,<12km/h,3,Rain
21200621,01,5,,,,3-4,Lightrain
21200621,02,5,,,,3-4,Lightrain
21200621,03,4,98%,Northwest,<12km/h,3,Rain
21200621,04,4,98%,Northwest,<12km/h,3,Rain
21200621,05,5,,,,3-4,Lightrain
21200621,06,6,,,,<3,Overcast
21200621,07,4,94%,Northwest,<12km/h,2,Overcast
21200621,08,6,,,,<3,Overcast
21200621,09,6,,,,<3,Overcast
21200621,10,6,,,,<3,Overcast
21200621,11,4,95%,Northwest,<12km/h,3,Overcast
21200621,12,6,100%,West,<12km/h,2,Overcast
21200621,13,5,98%,West,16-24km/h,4,Rain
21200621,14,6,,,,<3,Overcast
21200621,15,6,,,,<3,Overcast
21200621,16,6,,,,<3,Overcast
21200621,17,4,95%,Northwest,<12km/h,2,Rain
21200621,18,3,,,,<3,Cloudy
21200621,19,3,,,,<3,Cloudy
21200621,20,5,93%,West,<12km/h,3,Cloudy
21200621,21,3,,,,<3,Cloudy
21200621,22,3,,,,<3,Cloudy
21200621,23,5,95%,Northwest,<12km/h,2,Overcast
21200622,00,4,93%,Northwest,<12km/h,2,Overcast
21200622,01,4,95%,Northwest,<12km/h,2,Overcast
21200622,02,4,93%,Northwest,<12km/h,3,Sunny
21200622,03,4,90%,West,<12km/h,2,Cloudy
21200622,04,3,,,,<3,Cloudy
21200622,05,4,87%,Northwest,<12km/h,3,Cloudy
21200622,06,7,,,,<3,Overcast
21200622,07,7,,,,<3,Overcast
21200622,08,4,86%,West,<12km/h,2,Cloudy
21200622,09,4,85%,Northwest,<12km/h,2,Cloudy
21200622,10,5,84%,Northwest,<12km/h,2,Cloudy
21200622,11,5,78%,Northwest,<12km/h,2,Overcast
21200622,12,5,75%,Northwest,<12km/h,2,Cloudy
21200622,13,5,77%,West,<12km/h,2,Overcast
21200622,14,6,70%,Northwest,<12km/h,3,Cloudy
21200622,15,7,,,,<3,Cloudy
21200622,16,5,78%,Northwest,<12km/h,3,Cloudy
21200622,17,7,,,,<3,Cloudy
21200622,18,2,,,,<3,Cloudy
21200622,19,4,76%,Northwest,<12km/h,2,Cloudy
21200622,20,5,79%,Northwest,<12km/h,2,Cloudy
21200622,21,2,,,,<3,Cloudy
21200622,22,5,77%,West,<12km/h,2,Cloudy
21200622,23,4,76%,Northwest,<12km/h,2,Cloudy
21200623,00,4,79%,West,<12km/h,3,Cloudy
21200623,01,4,80%,West,<12km/h,2,Cloudy
21200623,02,3,74%,West,<12km/h,2,Overcast
21200623,03,3,82%,West,<12km/h,2,Overcast
21200623,04,2,,,,<3,Cloudy
21200623,05,2,,,,<3,Cloudy
21200623,06,4,76%,West,<12km/h,2,Sunny
21200623,07,8,,,,3-4,Cloudy
21200623,08,4,79%,West,<12km/h,2,Sunny
21200623,09,6,69%,West,<12km/h,2,Sunny
21200623,10,8,,,,3-4,Sunny
21200623,11,8,52%,Northwest,<12km/h,3,Sunny
21200623,12,8,49%,Northwest,16-24km/h,4,Sunny
21200623,13,8,44%,West,16-24km/h,4,Sunny
21200623,14,9,47%,Northwest,16-24km/h,4,Cloudy
21200623,15,9,47%,West,16-24km/h,4,Cloudy
21200623,16,8,,,,3-4,Sunny
21200623,17,7,56%,West,<12km/h,3,Sunny
21200623,18,1,,,,<3,Cloudy
21200623,19,1,,,,<3,Cloudy
21200623,20,6,66%,West,<12km/h,2,Sunny
21200623,21,1,,,,<3,Cloudy
21200623,22,6,68%,West,<12km/h,3,Sunny
21200623,23,1,,,,<3,Cloudy
21200624,00,10,100%,Southwest,<12km/h,1,Fog
21200624,01,9,,Southeast,,<3,Lightrain
21200624,02,10,100%,South,<12km/h,1,Rain
21200624,03,9,,Southeast,,<3,Lightrain
21200624,04,9,,Southeast,,<3,Lightrain
21200624,05,9,,Southeast,,<3,Lightrain
21200624,06,10,100%,Quiet,,0,Fog
21200624,07,9,100%,Quiet,,0,Cloudy
21200624,08,10,100%,West,<12km/h,1,Overcast
21200624,09,11,100%,West,<12km/h,1,Overcast
21200624,10,12,100%,Northwest,<12km/h,2,Overcast
21200624,11,13,88%,Northwest,<12km/h,2,Rain
21200624,12,14,81%,West,<12km/h,2,Rain
21200624,13,17,,Southeast,,<3,Overcast
21200624,14,15,70%,Northwest,<12km/h,2,Overcast
21200624,15,17,,Southeast,,<3,Overcast
21200624,16,14,69%,Northwest,<12km/h,1,Overcast
21200624,17,14,69%,West,<12km/h,1,Overcast
21200624,18,13,81%,Quiet,,0,Overcast
21200624,19,8,,Southeast,,<3,Overcast
21200624,20,10,93%,Southwest,<12km/h,1,Sunny
21200624,21,11,95%,Quiet,,0,Sunny
21200624,22,8,,Southeast,,<3,Overcast
21200624,23,8,,Southeast,,<3,Overcast
21200625,00,4,80%,North,<12km/h,2,Sunny
21200625,01,4,80%,Northwest,<12km/h,2,Sunny
21200625,02,5,82%,West,<12km/h,2,Sunny
21200625,03,4,97%,Northwest,<12km/h,2,Cloudy
21200625,04,1,,,,<3,Cloudy
21200625,05,4,95%,West,<12km/h,2,Sunny
21200625,06,6,,,,3-4,Sunny
21200625,07,6,,,,3-4,Sunny
21200625,08,3,84%,West,<12km/h,2,Sunny
21200625,09,7,,,,3-4,Sunny
21200625,10,7,,,,3-4,Sunny
21200625,11,7,,,,3-4,Sunny
21200625,12,7,57%,Northwest,<12km/h,3,Sunny
21200625,13,7,52%,Northwest,16-24km/h,4,Sunny
21200625,14,8,52%,Northwest,16-24km/h,4,Sunny
21200625,15,7,,,,3-4,Sunny
21200625,16,7,,,,3-4,Sunny
21200625,17,7,,,,3-4,Sunny
21200625,18,0,,Southeast,,<3,Sunny
21200625,19,4,62%,Northwest,<12km/h,1,Sunny
21200625,20,5,55%,Northwest,<12km/h,2,Sunny
21200625,21,3,74%,West,<12km/h,1,Sunny
21200625,22,3,68%,West,<12km/h,2,Sunny
21200625,23,0,,Southeast,,<3,Sunny
21200626,00,0,,Southeast,,<3,Sunny
21200626,01,0,,Southeast,,<3,Sunny
21200626,02,0,,Southeast,,<3,Sunny
21200626,03,0,,Southeast,,<3,Sunny
21200626,04,0,100%,Northwest,<12km/h,1,Sunny
21200626,05,0,,Southeast,,<3,Sunny
21200626,06,1,88%,Southwest,<12km/h,2,Sunny
21200626,07,1,87%,West,<12km/h,2,Sunny
21200626,08,0,99%,West,<12km/h,1,Sunny
21200626,09,8,,Southeast,,<3,Sunny
21200626,10,8,,Southeast,,<3,Sunny
21200626,11,8,44%,West,<12km/h,2,Sunny
21200626,12,8,44%,West,<12km/h,3,Sunny
21200626,13,9,42%,North,<12km/h,3,Sunny
21200626,14,10,37%,North,<12km/h,2,Sunny
21200626,15,8,,Southeast,,<3,Sunny
21200626,16,8,,Southeast,,<3,Sunny
21200626,17,8,,Southeast,,<3,Sunny
21200626,18,6,38%,North,<12km/h,1,Sunny
21200626,19,2,75%,Northwest,<12km/h,1,Sunny
21200626,20,0,,Southeast,,<3,Cloudy
21200626,21,6,62%,Southeast,<12km/h,2,Sunny
21200626,22,0,,Southeast,,<3,Cloudy
21200626,23,0,91%,Quiet,,0,Sunny
21200627,00,13,,Southeast,,<3,Overcast
21200627,01,13,100%,Quiet,,0,Overcast
21200627,02,13,,Southeast,,<3,Overcast
21200627,03,13,100%,Northwest,<12km/h,1,Fog
21200627,04,13,100%,Northwest,<12km/h,1,Fog
21200627,05,13,,Southeast,,<3,Overcast
21200627,06,14,,,,3-4,Lightrain
21200627,07,14,,,,3-4,Lightrain
21200627,08,13,99%,Northwest,<12km/h,2,Fog
21200627,09,11,98%,Northwest,<12km/h,3,Rain
21200627,10,9,88%,Northwest,16-24km/h,4,Overcast
21200627,11,8,92%,Northwest,16-24km/h,4,Overcast
21200627,12,7,93%,Northwest,<12km/h,3,Overcast
21200627,13,7,95%,Northwest,<12km/h,3,Overcast
21200627,14,7,88%,Northwest,<12km/h,3,Overcast
21200627,15,14,,,,3-4,Lightrain
21200627,16,14,,,,3-4,Lightrain
21200627,17,5,100%,Northwest,16-24km/h,4,Rain
21200627,18,0,,,,3-4,Sleet
21200627,19,3,99%,Northwest,<12km/h,3,Rain
21200627,20,3,100%,Northwest,<12km/h,3,Rain
21200627,21,3,100%,Northwest,<12km/h,2,Rain
21200627,22,0,,,,3-4,Sleet
21200627,23,1,97%,Northwest,<12km/h,3,Rain
21200628,00,6,67%,Southeast,<12km/h,2,Sunny
21200628,01,6,68%,Southeast,<12km/h,2,Sunny
21200628,02,3,95%,Southeast,<12km/h,1,Cloudy
21200628,03,2,,Southeast,,<3,Cloudy
21200628,04,2,,Southeast,,<3,Cloudy
21200628,05,2,,Southeast,,<3,Cloudy
21200628,06,12,,Southeast,,<3,Overcast
21200628,07,6,81%,East,<12km/h,2,Sunny
21200628,08,8,81%,East,<12km/h,3,Cloudy
21200628,09,9,77%,East,<12km/h,2,Cloudy
21200628,10,12,,Southeast,,<3,Cloudy
21200628,11,10,61%,East,<12km/h,2,Cloudy
21200628,12,10,54%,East,<12km/h,2,Cloudy
21200628,13,12,,Southeast,,<3,Cloudy
21200628,14,12,,Southeast,,<3,Cloudy
21200628,15,11,56%,East,<12km/h,2,Cloudy
21200628,16,12,,Southeast,,<3,Cloudy
21200628,17,5,,,,<3,Cloudy
21200628,18,5,,,,<3,Cloudy
21200628,19,5,,,,<3,Cloudy
21200628,20,8,80%,Northeast,<12km/h,1,Cloudy
21200628,21,5,,,,<3,Cloudy
21200628,22,9,77%,Southwest,<12km/h,1,Cloudy
21200628,23,8,81%,South,<12km/h,2,Cloudy
21200629,00,5,,,,<3,Cloudy
21200629,01,7,85%,Northwest,<12km/h,1,Cloudy
21200629,02,7,89%,Quiet,,0,Cloudy
21200629,03,5,,,,<3,Cloudy
21200629,04,5,,,,<3,Cloudy
21200629,05,5,,,,<3,Cloudy
21200629,06,7,92%,North,<12km/h,1,Cloudy
21200629,07,7,92%,North,<12km/h,1,Cloudy
21200629,08,12,,Southeast,,<3,Cloudy
21200629,09,12,,Southeast,,<3,Cloudy
21200629,10,12,,Southeast,,<3,Cloudy
21200629,11,12,,Southeast,,<3,Cloudy
21200629,12,13,44%,Northeast,<12km/h,3,Cloudy
21200629,13,11,55%,Northeast,<12km/h,2,Cloudy
21200629,14,12,49%,East,<12km/h,2,Cloudy
21200629,15,12,46%,Northeast,<12km/h,2,Cloudy
21200629,16,12,,Southeast,,<3,Cloudy
21200629,17,9,76%,East,<12km/h,2,Cloudy
21200629,18,10,65%,Northeast,<12km/h,1,Cloudy
21200629,19,7,70%,East,<12km/h,2,Cloudy
21200629,20,7,86%,East,<12km/h,2,Cloudy
21200629,21,7,70%,East,<12km/h,2,Cloudy
21200629,22,4,,,,<3,Cloudy
21200629,23,4,,,,<3,Cloudy
