21200501,00,16,89%,Northwest,24-34km/h,5,Sunny
21200501,01,15,,,,<3,Sunny
21200501,02,15,,,,<3,Sunny
21200501,03,15,87%,North,<12km/h,2,Sunny
21200501,04,15,,,,<3,Sunny
21200501,05,15,86%,North,<12km/h,2,Sunny
21200501,06,15,87%,North,<12km/h,2,Sunny
21200501,07,15,82%,Northwest,24-34km/h,5,Sunny
21200501,08,23,,,,<3,Cloudy
21200501,09,19,66%,Northeast,34-44km/h,6,Sunny
21200501,10,23,,,,<3,Cloudy
21200501,11,23,,,,<3,Cloudy
21200501,12,23,,,,<3,Cloudy
21200501,13,23,,,,<3,Cloudy
21200501,14,23,45%,North,<12km/h,3,Cloudy
21200501,15,23,47%,Northeast,34-44km/h,6,Cloudy
21200501,16,23,,,,<3,Cloudy
21200501,17,21,60%,Northeast,34-44km/h,6,Sunny
21200501,18,20,66%,North,24-34km/h,5,Sunny
21200501,19,14,,,,<3,Sunny
21200501,20,18,69%,North,<12km/h,3,Sunny
21200501,21,18,69%,North,<12km/h,1,Sunny
21200501,22,18,66%,North,<12km/h,1,Sunny
21200501,23,17,67%,West,16-24km/h,4,Sunny
21200502,00,16,,,,<3,Overcast
21200502,01,16,,,,<3,Overcast
21200502,02,18,75%,North,16-24km/h,4,Cloudy
21200502,03,17,77%,North,16-24km/h,4,Cloudy
21200502,04,17,78%,North,16-24km/h,4,Cloudy
21200502,05,16,,,,<3,Overcast
21200502,06,17,80%,North,16-24km/h,4,Overcast
21200502,07,17,83%,North,<12km/h,3,Overcast
21200502,08,21,,,,<3,Overcast
21200502,09,17,88%,North,16-24km/h,4,Overcast
21200502,10,21,,,,<3,Overcast
21200502,11,21,,,,<3,Overcast
21200502,12,19,67%,North,<12km/h,2,Overcast
21200502,13,19,66%,North,<12km/h,2,Overcast
21200502,14,19,65%,North,<12km/h,2,Cloudy
21200502,15,19,61%,North,<12km/h,2,Cloudy
21200502,16,19,60%,North,<12km/h,2,Cloudy
21200502,17,19,59%,North,<12km/h,2,Overcast
21200502,18,14,,,,<3,Lightrain
21200502,19,18,66%,Northwest,<12km/h,2,Overcast
21200502,20,17,65%,Northwest,<12km/h,2,Overcast
21200502,21,14,,,,<3,Lightrain
21200502,22,14,,,,<3,Lightrain
21200502,23,17,68%,Northwest,<12km/h,1,Cloudy
21200503,00,14,,,,<3,Lightrain
21200503,01,17,71%,Northwest,<12km/h,1,Cloudy
21200503,02,16,74%,Northwest,<12km/h,2,Cloudy
21200503,03,16,73%,Northwest,<12km/h,2,Cloudy
21200503,04,16,75%,Northwest,<12km/h,2,Cloudy
21200503,05,16,73%,Northwest,<12km/h,2,Sunny
21200503,06,16,66%,West,<12km/h,1,Cloudy
21200503,07,20,,,,<3,Cloudy
21200503,08,20,,,,<3,Cloudy
21200503,09,19,59%,North,<12km/h,2,Cloudy
21200503,10,20,,,,<3,Cloudy
21200503,11,20,,,,<3,Cloudy
21200503,12,20,49%,North,<12km/h,2,Cloudy
21200503,13,20,47%,Northeast,<12km/h,2,Cloudy
21200503,14,21,48%,North,<12km/h,2,Cloudy
21200503,15,20,47%,Northeast,<12km/h,2,Cloudy
21200503,16,20,,,,<3,Cloudy
21200503,17,19,50%,North,<12km/h,1,Cloudy
21200503,18,18,50%,North,<12km/h,2,Cloudy
21200503,19,17,49%,North,<12km/h,2,Cloudy
21200503,20,16,51%,North,<12km/h,2,Sunny
21200503,21,16,55%,North,<12km/h,1,Sunny
21200503,22,14,63%,Northwest,<12km/h,1,Sunny
21200503,23,11,,,,<3,Sunny
21200504,00,14,78%,West,<12km/h,1,Cloudy
21200504,01,13,79%,West,<12km/h,1,Cloudy
21200504,02,13,78%,Northwest,<12km/h,2,Cloudy
21200504,03,13,75%,Northwest,<12km/h,1,Cloudy
21200504,04,12,79%,West,<12km/h,1,Cloudy
21200504,05,12,,,,<3,Cloudy
21200504,06,12,79%,West,<12km/h,2,Sunny
21200504,07,13,77%,West,<12km/h,2,Sunny
21200504,08,24,,,,<3,Sunny
21200504,09,24,,,,<3,Sunny
21200504,10,20,46%,Northwest,<12km/h,2,Sunny
21200504,11,22,37%,North,<12km/h,2,Sunny
21200504,12,24,32%,Northwest,<12km/h,2,Sunny
21200504,13,23,41%,East,<12km/h,2,Sunny
21200504,14,22,42%,East,<12km/h,2,Sunny
21200504,15,24,,,,<3,Sunny
21200504,16,20,50%,East,<12km/h,2,Sunny
21200504,17,19,53%,East,<12km/h,2,Sunny
21200504,18,13,,,,<3,Overcast
21200504,19,16,75%,Northeast,<12km/h,1,Sunny
21200504,20,15,80%,Quiet,,0,Sunny
21200504,21,14,83%,Northwest,<12km/h,1,Sunny
21200504,22,13,,,,<3,Overcast
21200504,23,13,,,,<3,Overcast
21200505,00,14,77%,Northwest,<12km/h,1,Sunny
21200505,01,13,,,,<3,Overcast
21200505,02,13,,,,<3,Overcast
21200505,03,13,,,,<3,Overcast
21200505,04,14,79%,West,<12km/h,1,Sunny
21200505,05,15,78%,West,<12km/h,2,Sunny
21200505,06,14,80%,Northwest,<12km/h,1,Overcast
21200505,07,15,78%,Northwest,<12km/h,1,Overcast
21200505,08,16,74%,West,<12km/h,1,Overcast
21200505,09,17,69%,North,<12km/h,1,Overcast
21200505,10,19,60%,West,<12km/h,1,Overcast
21200505,11,22,,,,<3,Overcast
21200505,12,21,45%,East,<12km/h,1,Cloudy
21200505,13,22,42%,Southeast,<12km/h,1,Cloudy
21200505,14,22,41%,Southeast,<12km/h,2,Overcast
21200505,15,21,56%,Southeast,<12km/h,2,Overcast
21200505,16,22,,,,<3,Overcast
21200505,17,19,70%,East,<12km/h,2,Overcast
21200505,18,18,79%,East,<12km/h,2,Overcast
21200505,19,18,86%,East,<12km/h,1,Overcast
21200505,20,14,,,,<3,Cloudy
21200505,21,17,90%,Quiet,,0,Cloudy
21200505,22,14,,,,<3,Cloudy
21200505,23,14,,,,<3,Cloudy
21200506,00,7,,,,3-4,Sunny
21200506,01,14,45%,Northwest,<12km/h,2,Sunny
21200506,02,7,,,,3-4,Sunny
21200506,03,7,,,,3-4,Sunny
21200506,04,7,,,,3-4,Sunny
21200506,05,7,,,,3-4,Sunny
21200506,06,11,,,,<3,Sunny
21200506,07,11,,,,<3,Sunny
21200506,08,11,,,,<3,Sunny
21200506,09,11,58%,Northwest,<12km/h,2,Sunny
21200506,10,11,,,,<3,Sunny
21200506,11,11,,,,<3,Sunny
21200506,12,11,,,,<3,Sunny
21200506,13,11,,,,<3,Sunny
21200506,14,11,,,,<3,Sunny
21200506,15,11,,,,<3,Sunny
21200506,16,11,,,,<3,Sunny
21200506,17,5,,,,<3,Overcast
21200506,18,5,,,,<3,Overcast
21200506,19,5,,,,<3,Overcast
21200506,20,5,,,,<3,Overcast
21200506,21,5,,,,<3,Overcast
21200506,22,5,,,,<3,Overcast
21200506,23,5,,,,<3,Overcast
21200507,00,18,55%,Northwest,<12km/h,1,Sunny
21200507,01,18,53%,North,<12km/h,2,Sunny
21200507,02,11,,,,<3,Cloudy
21200507,03,11,,,,<3,Cloudy
21200507,04,11,,,,<3,Cloudy
21200507,05,15,44%,North,<12km/h,2,Sunny
21200507,06,15,36%,North,<12km/h,2,Sunny
21200507,07,15,34%,North,<12km/h,2,Sunny
21200507,08,15,32%,North,<12km/h,2,Sunny
21200507,09,16,32%,Northwest,<12km/h,3,Sunny
21200507,10,17,38%,Northeast,<12km/h,2,Sunny
21200507,11,18,39%,Northeast,<12km/h,2,Sunny
21200507,12,18,39%,East,<12km/h,2,Sunny
21200507,13,18,38%,North,<12km/h,2,Sunny
21200507,14,19,,,,<3,Sunny
21200507,15,19,,,,<3,Sunny
21200507,16,19,,,,<3,Sunny
21200507,17,10,,,,<3,Sunny
21200507,18,14,57%,East,<12km/h,1,Sunny
21200507,19,13,66%,Northeast,<12km/h,1,Sunny
21200507,20,12,70%,Quiet,,0,Sunny
21200507,21,13,65%,Northwest,<12km/h,1,Sunny
21200507,22,10,,,,<3,Sunny
21200507,23,10,,,,<3,Sunny
21200508,00,10,,,,<3,Sunny
21200508,01,10,,,,<3,Sunny
21200508,02,11,73%,West,<12km/h,2,Sunny
21200508,03,10,,,,<3,Sunny
21200508,04,10,78%,Northwest,<12km/h,1,Sunny
21200508,05,10,78%,Northwest,<12km/h,2,Sunny
21200508,06,10,79%,West,<12km/h,2,Sunny
21200508,07,11,76%,Northwest,<12km/h,2,Sunny
21200508,08,13,70%,Northwest,<12km/h,2,Sunny
21200508,09,16,56%,Northwest,<12km/h,1,Sunny
21200508,10,21,,,,<3,Sunny
21200508,11,19,46%,Southeast,<12km/h,2,Sunny
21200508,12,20,41%,Southwest,<12km/h,1,Sunny
21200508,13,21,,,,<3,Sunny
21200508,14,21,,,,<3,Sunny
21200508,15,20,51%,East,<12km/h,3,Sunny
21200508,16,21,,,,<3,Sunny
21200508,17,18,63%,East,<12km/h,2,Sunny
21200508,18,16,69%,Southeast,<12km/h,1,Sunny
21200508,19,14,82%,Quiet,,0,Sunny
21200508,20,13,87%,Quiet,,0,Sunny
21200508,21,13,88%,Quiet,,0,Sunny
21200508,22,14,86%,West,<12km/h,1,Sunny
21200508,23,13,87%,West,<12km/h,1,Sunny
21200509,00,16,81%,North,<12km/h,2,Cloudy
21200509,01,15,,,,<3,Cloudy
21200509,02,16,82%,North,<12km/h,2,Cloudy
21200509,03,16,82%,North,<12km/h,2,Cloudy
21200509,04,15,,,,<3,Cloudy
21200509,05,15,,,,<3,Cloudy
21200509,06,16,83%,Northeast,<12km/h,3,Cloudy
21200509,07,16,82%,Northeast,<12km/h,2,Cloudy
21200509,08,17,75%,North,<12km/h,2,Cloudy
21200509,09,19,69%,East,16-24km/h,4,Cloudy
21200509,10,23,,,,<3,Overcast
21200509,11,23,,,,<3,Overcast
21200509,12,22,55%,East,16-24km/h,4,Cloudy
21200509,13,22,52%,East,16-24km/h,4,Cloudy
21200509,14,23,54%,East,16-24km/h,4,Cloudy
21200509,15,22,56%,East,24-34km/h,5,Cloudy
21200509,16,21,62%,East,24-34km/h,5,Cloudy
21200509,17,20,72%,East,16-24km/h,4,Cloudy
21200509,18,19,77%,Northeast,<12km/h,2,Cloudy
21200509,19,18,81%,North,<12km/h,1,Cloudy
21200509,20,18,86%,Quiet,,0,Overcast
21200509,21,18,84%,Northeast,<12km/h,1,Overcast
21200509,22,18,77%,Northeast,<12km/h,1,Overcast
21200509,23,18,79%,North,<12km/h,1,Overcast
21200510,00,12,,Southeast,,<3,Sunny
21200510,01,12,90%,Quiet,,0,Sunny
21200510,02,12,,Southeast,,<3,Sunny
21200510,03,11,94%,Northwest,<12km/h,1,Sunny
21200510,04,12,90%,West,<12km/h,1,Sunny
21200510,05,12,,Southeast,,<3,Sunny
21200510,06,11,93%,West,<12km/h,1,Sunny
21200510,07,12,90%,West,<12km/h,1,Sunny
21200510,08,15,80%,Northwest,<12km/h,1,Sunny
21200510,09,17,67%,West,<12km/h,1,Sunny
21200510,10,20,60%,Southeast,<12km/h,2,Sunny
21200510,11,22,55%,Southwest,<12km/h,3,Sunny
21200510,12,24,,Southeast,,<3,Cloudy
21200510,13,23,52%,Southwest,<12km/h,2,Sunny
21200510,14,24,50%,Southwest,<12km/h,2,Sunny
21200510,15,24,53%,Southwest,<12km/h,2,Sunny
21200510,16,22,60%,Southeast,<12km/h,2,Sunny
21200510,17,15,,,,<3,Overcast
21200510,18,15,,,,<3,Overcast
21200510,19,18,74%,South,<12km/h,1,Sunny
21200510,20,18,79%,South,<12km/h,1,Sunny
21200510,21,16,89%,Southeast,<12km/h,1,Sunny
21200510,22,15,92%,Quiet,,0,Sunny
21200510,23,15,91%,Quiet,,0,Sunny
21200511,00,15,,,,<3,Overcast
21200511,01,15,,,,<3,Overcast
21200511,02,14,94%,West,<12km/h,1,Sunny
21200511,03,14,95%,Northwest,<12km/h,1,Sunny
21200511,04,14,95%,Quiet,,0,Sunny
21200511,05,15,,,,<3,Overcast
21200511,06,26,,,,<3,Overcast
21200511,07,15,97%,West,<12km/h,2,Overcast
21200511,08,18,84%,North,<12km/h,1,Overcast
21200511,09,26,,,,<3,Overcast
21200511,10,22,69%,Quiet,,0,Overcast
21200511,11,25,64%,North,<12km/h,1,Cloudy
21200511,12,25,63%,South,<12km/h,2,Overcast
21200511,13,26,60%,South,<12km/h,2,Overcast
21200511,14,27,59%,South,<12km/h,2,Cloudy
21200511,15,26,62%,South,<12km/h,2,Cloudy
21200511,16,25,70%,Southeast,<12km/h,2,Cloudy
21200511,17,23,80%,Southeast,<12km/h,2,Cloudy
21200511,18,22,85%,Quiet,,0,Cloudy
21200511,19,21,91%,Quiet,,0,Cloudy
21200511,20,16,,,,3-4,Cloudy
21200511,21,20,93%,Quiet,,0,Sunny
21200511,22,19,95%,Quiet,,0,Sunny
21200511,23,16,,,,3-4,Cloudy
21200512,00,19,97%,Quiet,,0,Sunny
21200512,01,19,97%,North,<12km/h,1,Sunny
21200512,02,20,80%,North,<12km/h,2,Sunny
21200512,03,16,,,,3-4,Cloudy
21200512,04,19,69%,Northwest,<12km/h,2,Sunny
21200512,05,18,72%,Northwest,<12km/h,2,Cloudy
21200512,06,17,70%,Northwest,<12km/h,3,Cloudy
21200512,07,17,68%,Northwest,<12km/h,2,Cloudy
21200512,08,17,61%,North,<12km/h,2,Cloudy
21200512,09,17,63%,Northwest,<12km/h,2,Cloudy
21200512,10,16,62%,Northwest,<12km/h,3,Cloudy
21200512,11,16,60%,Northwest,16-24km/h,4,Cloudy
21200512,12,16,55%,Northwest,<12km/h,3,Cloudy
21200512,13,19,,,,3-4,Cloudy
21200512,14,15,56%,Northwest,16-24km/h,4,Cloudy
21200512,15,14,61%,Northwest,16-24km/h,4,Cloudy
21200512,16,13,62%,Northwest,<12km/h,3,Cloudy
21200512,17,13,59%,Northwest,<12km/h,2,Sunny
21200512,18,8,,,,<3,Sunny
21200512,19,12,56%,Northwest,<12km/h,2,Sunny
21200512,20,12,57%,Northwest,<12km/h,2,Sunny
21200512,21,12,59%,Northwest,<12km/h,3,Sunny
21200512,22,11,60%,Northwest,<12km/h,3,Sunny
21200512,23,11,62%,Northwest,<12km/h,2,Cloudy
21200513,00,15,66%,North,<12km/h,2,Sunny
21200513,01,15,64%,North,<12km/h,2,Sunny
21200513,02,14,,,,<3,Overcast
21200513,03,15,66%,North,<12km/h,2,Sunny
21200513,04,14,,,,<3,Overcast
21200513,05,15,66%,North,<12km/h,2,Sunny
21200513,06,14,68%,Northwest,16-24km/h,4,Overcast
21200513,07,15,67%,Northwest,16-24km/h,4,Overcast
21200513,08,21,,,,<3,Overcast
21200513,09,18,60%,Northeast,24-34km/h,5,Overcast
21200513,10,20,58%,Northeast,24-34km/h,5,Overcast
21200513,11,21,,,,<3,Overcast
21200513,12,22,58%,Northeast,24-34km/h,5,Overcast
21200513,13,22,56%,North,<12km/h,2,Overcast
21200513,14,21,,,,<3,Overcast
21200513,15,21,60%,Northeast,24-34km/h,5,Overcast
21200513,16,22,59%,North,<12km/h,2,Cloudy
21200513,17,20,65%,North,<12km/h,3,Cloudy
21200513,18,19,71%,Northeast,16-24km/h,4,Cloudy
21200513,19,19,71%,North,<12km/h,3,Cloudy
21200513,20,19,71%,North,16-24km/h,4,Overcast
21200513,21,16,,,,<3,Overcast
21200513,22,19,71%,South,<12km/h,3,Overcast
21200513,23,18,72%,North,<12km/h,3,Overcast
21200514,00,11,63%,Northwest,<12km/h,2,Cloudy
21200514,01,10,64%,Northwest,<12km/h,2,Cloudy
21200514,02,10,65%,Northwest,<12km/h,2,Sunny
21200514,03,11,60%,Northwest,<12km/h,3,Sunny
21200514,04,8,,,,<3,Sunny
21200514,05,10,62%,North,<12km/h,2,Sunny
21200514,06,16,,,,3-4,Overcast
21200514,07,16,,,,3-4,Overcast
21200514,08,10,56%,North,<12km/h,2,Sunny
21200514,09,11,48%,North,<12km/h,3,Sunny
21200514,10,12,40%,Northwest,<12km/h,3,Sunny
21200514,11,13,40%,North,<12km/h,3,Sunny
21200514,12,15,40%,Northeast,<12km/h,2,Sunny
21200514,13,16,40%,North,<12km/h,2,Cloudy
21200514,14,15,41%,Northeast,<12km/h,3,Sunny
21200514,15,14,38%,Northeast,<12km/h,2,Sunny
21200514,16,13,42%,Northeast,<12km/h,3,Sunny
21200514,17,13,46%,Northeast,<12km/h,3,Sunny
21200514,18,13,47%,North,<12km/h,3,Sunny
21200514,19,11,,,,<3,Overcast
21200514,20,11,,,,<3,Overcast
21200514,21,11,,,,<3,Overcast
21200514,22,11,,,,<3,Overcast
21200514,23,11,59%,Northwest,<12km/h,1,Cloudy
21200515,00,11,59%,Northwest,<12km/h,2,Cloudy
21200515,01,11,61%,Northwest,<12km/h,2,Cloudy
21200515,02,10,63%,Northwest,<12km/h,2,Cloudy
21200515,03,10,64%,Northwest,<12km/h,2,Cloudy
21200515,04,11,,,,<3,Overcast
21200515,05,11,,,,<3,Overcast
21200515,06,10,64%,Northwest,<12km/h,3,Overcast
21200515,07,11,64%,Northwest,<12km/h,2,Overcast
21200515,08,12,62%,Northwest,<12km/h,2,Overcast
21200515,09,13,60%,Northwest,<12km/h,2,Overcast
21200515,10,13,59%,Northwest,<12km/h,2,Overcast
21200515,11,17,,,,<3,Overcast
21200515,12,15,55%,North,<12km/h,2,Overcast
21200515,13,15,55%,North,<12km/h,1,Overcast
21200515,14,15,55%,North,<12km/h,2,Overcast
21200515,15,15,55%,North,<12km/h,3,Overcast
21200515,16,14,55%,North,<12km/h,2,Overcast
21200515,17,13,,,,<3,Overcast
21200515,18,14,58%,North,<12km/h,2,Overcast
21200515,19,13,,,,<3,Overcast
21200515,20,13,,,,<3,Overcast
21200515,21,14,61%,North,<12km/h,2,Overcast
21200515,22,14,62%,Northwest,<12km/h,2,Overcast
21200515,23,14,63%,Northwest,<12km/h,2,Overcast
21200516,00,11,,,,<3,Sunny
21200516,01,11,,,,<3,Sunny
21200516,02,11,,,,<3,Sunny
21200516,03,12,76%,Northwest,<12km/h,2,Sunny
21200516,04,11,,,,<3,Sunny
21200516,05,11,,,,<3,Sunny
21200516,06,11,77%,Northwest,<12km/h,2,Sunny
21200516,07,12,75%,Northwest,<12km/h,1,Sunny
21200516,08,20,,,,<3,Overcast
21200516,09,15,60%,Northwest,<12km/h,2,Sunny
21200516,10,18,53%,North,<12km/h,1,Cloudy
21200516,11,20,,,,<3,Overcast
21200516,12,19,40%,North,<12km/h,2,Sunny
21200516,13,20,,,,<3,Overcast
21200516,14,20,33%,Northeast,<12km/h,2,Cloudy
21200516,15,20,,,,<3,Overcast
21200516,16,18,46%,East,<12km/h,2,Cloudy
21200516,17,17,57%,Southeast,<12km/h,1,Sunny
21200516,18,11,,,,<3,Cloudy
21200516,19,14,73%,East,<12km/h,1,Sunny
21200516,20,13,78%,East,<12km/h,1,Overcast
21200516,21,11,,,,<3,Cloudy
21200516,22,11,,,,<3,Cloudy
21200516,23,11,,,,<3,Cloudy
21200517,00,14,64%,Northwest,<12km/h,2,Overcast
21200517,01,13,,,,<3,Overcast
21200517,02,14,65%,Northwest,<12km/h,1,Overcast
21200517,03,13,66%,Northwest,<12km/h,2,Overcast
21200517,04,13,67%,Northwest,<12km/h,2,Overcast
21200517,05,13,,,,<3,Overcast
21200517,06,14,66%,Northwest,<12km/h,2,Overcast
21200517,07,14,67%,Northwest,<12km/h,1,Overcast
21200517,08,15,63%,Northwest,<12km/h,2,Overcast
21200517,09,20,,,,<3,Lightrain
21200517,10,17,59%,Northwest,<12km/h,2,Overcast
21200517,11,19,53%,Northeast,<12km/h,2,Rain
21200517,12,19,53%,Northeast,<12km/h,2,Overcast
21200517,13,18,57%,Northeast,<12km/h,2,Overcast
21200517,14,18,58%,Northeast,<12km/h,2,Overcast
21200517,15,17,61%,North,<12km/h,2,Overcast
21200517,16,16,77%,Northwest,<12km/h,2,Rain
21200517,17,15,88%,Northwest,<12km/h,2,Rain
21200517,18,14,92%,Northwest,<12km/h,1,Overcast
21200517,19,15,,,,<3,Overcast
21200517,20,14,92%,Northwest,<12km/h,1,Overcast
21200517,21,15,,,,<3,Overcast
21200517,22,14,87%,Northwest,<12km/h,2,Overcast
21200517,23,15,86%,Northwest,<12km/h,2,Cloudy
21200518,00,15,86%,Northwest,<12km/h,2,Cloudy
21200518,01,15,,,,<3,Overcast
21200518,02,15,85%,Northwest,<12km/h,2,Cloudy
21200518,03,15,83%,Northwest,<12km/h,2,Cloudy
21200518,04,15,82%,Northwest,<12km/h,3,Cloudy
21200518,05,15,,,,<3,Overcast
21200518,06,22,,,,<3,Overcast
21200518,07,16,80%,Northwest,<12km/h,3,Overcast
21200518,08,22,,,,<3,Overcast
21200518,09,22,,,,<3,Overcast
21200518,10,18,77%,Northwest,<12km/h,3,Overcast
21200518,11,22,,,,<3,Overcast
21200518,12,20,72%,Northwest,<12km/h,2,Overcast
21200518,13,20,74%,Northwest,<12km/h,1,Overcast
21200518,14,20,75%,Northwest,<12km/h,2,Overcast
21200518,15,22,,,,<3,Overcast
21200518,16,20,76%,Northwest,<12km/h,2,Overcast
21200518,17,19,78%,Northwest,<12km/h,2,Cloudy
21200518,18,19,82%,Northwest,<12km/h,2,Cloudy
21200518,19,18,85%,Northwest,<12km/h,2,Cloudy
21200518,20,18,85%,Northwest,<12km/h,2,Cloudy
21200518,21,17,,,,<3,Overcast
21200518,22,18,85%,Northwest,<12km/h,2,Cloudy
21200518,23,18,86%,Northwest,<12km/h,1,Cloudy
21200519,00,18,85%,Northwest,<12km/h,2,Cloudy
21200519,01,17,,,,<3,Overcast
21200519,02,18,90%,West,<12km/h,2,Overcast
21200519,03,17,,,,<3,Overcast
21200519,04,17,,,,<3,Overcast
21200519,05,18,90%,Northwest,<12km/h,2,Overcast
21200519,06,18,90%,Northwest,<12km/h,2,Overcast
21200519,07,17,96%,Northwest,<12km/h,2,Overcast
21200519,08,22,,,,<3,Overcast
21200519,09,18,95%,North,<12km/h,2,Overcast
21200519,10,19,89%,North,<12km/h,2,Overcast
21200519,11,19,88%,Northwest,<12km/h,2,Overcast
21200519,12,20,86%,Northwest,<12km/h,1,Overcast
21200519,13,19,89%,Northwest,<12km/h,2,Overcast
21200519,14,19,94%,Northwest,<12km/h,2,Overcast
21200519,15,20,91%,Northwest,<12km/h,2,Overcast
21200519,16,20,90%,Northwest,<12km/h,2,Overcast
21200519,17,20,90%,Northwest,<12km/h,1,Overcast
21200519,18,20,90%,Northwest,<12km/h,1,Overcast
21200519,19,20,91%,North,<12km/h,1,Overcast
21200519,20,20,90%,Northwest,<12km/h,2,Overcast
21200519,21,20,90%,Northwest,<12km/h,2,Overcast
21200519,22,20,90%,Northwest,<12km/h,1,Overcast
21200519,23,20,91%,North,<12km/h,1,Overcast
21200520,00,14,,,,<3,Sunny
21200520,01,14,,,,<3,Sunny
21200520,02,15,78%,North,<12km/h,1,Sunny
21200520,03,15,81%,North,<12km/h,1,Sunny
21200520,04,14,,,,<3,Sunny
21200520,05,15,85%,Southwest,<12km/h,1,Sunny
21200520,06,15,84%,Southwest,<12km/h,1,Sunny
21200520,07,15,83%,South,<12km/h,1,Sunny
21200520,08,15,68%,West,<12km/h,1,Sunny
21200520,09,18,59%,South,<12km/h,3,Overcast
21200520,10,20,51%,Southwest,<12km/h,2,Overcast
21200520,11,21,43%,North,<12km/h,2,Sunny
21200520,12,21,39%,North,<12km/h,2,Sunny
21200520,13,22,,,,<3,Sunny
21200520,14,23,32%,North,<12km/h,2,Sunny
21200520,15,22,38%,Northeast,24-34km/h,5,Sunny
21200520,16,21,42%,North,<12km/h,3,Sunny
21200520,17,20,45%,Northeast,24-34km/h,5,Sunny
21200520,18,14,,,,<3,Overcast
21200520,19,14,,,,<3,Overcast
21200520,20,14,,,,<3,Overcast
21200520,21,16,57%,Southeast,16-24km/h,4,Sunny
21200520,22,14,,,,<3,Overcast
21200520,23,14,,,,<3,Overcast
21200521,00,19,92%,Northwest,<12km/h,1,Overcast
21200521,01,17,,,,<3,Overcast
21200521,02,19,92%,Northwest,<12km/h,1,Overcast
21200521,03,19,93%,Northwest,<12km/h,1,Overcast
21200521,04,17,96%,Quiet,,0,Overcast
21200521,05,17,97%,Northwest,<12km/h,1,Cloudy
21200521,06,18,96%,Northwest,<12km/h,1,Sunny
21200521,07,18,97%,West,<12km/h,1,Sunny
21200521,08,19,89%,Northwest,<12km/h,1,Sunny
21200521,09,22,76%,West,<12km/h,2,Sunny
21200521,10,23,66%,North,<12km/h,2,Sunny
21200521,11,25,,,,<3,Cloudy
21200521,12,24,64%,East,<12km/h,2,Sunny
21200521,13,25,,,,<3,Cloudy
21200521,14,24,68%,East,<12km/h,3,Sunny
21200521,15,22,77%,East,<12km/h,2,Sunny
21200521,16,21,81%,East,<12km/h,2,Sunny
21200521,17,20,87%,East,<12km/h,2,Sunny
21200521,18,19,90%,East,<12km/h,2,Sunny
21200521,19,18,92%,Quiet,,0,Sunny
21200521,20,18,94%,Northeast,<12km/h,1,Overcast
21200521,21,18,94%,Quiet,,0,Overcast
21200521,22,18,92%,Quiet,,0,Overcast
21200521,23,19,88%,Northeast,<12km/h,1,Overcast
21200522,00,19,72%,North,<12km/h,2,Overcast
21200522,01,18,74%,North,<12km/h,2,Overcast
21200522,02,18,74%,North,<12km/h,2,Overcast
21200522,03,17,71%,North,<12km/h,2,Overcast
21200522,04,13,,,,3-4,Lightrain
21200522,05,16,66%,Northeast,<12km/h,3,Overcast
21200522,06,14,68%,North,<12km/h,3,Overcast
21200522,07,15,,,,3-4,Overcast
21200522,08,13,69%,North,<12km/h,2,Overcast
21200522,09,15,,,,3-4,Overcast
21200522,10,13,67%,North,<12km/h,3,Overcast
21200522,11,15,,,,3-4,Overcast
21200522,12,13,65%,North,<12km/h,2,Overcast
21200522,13,13,65%,Northeast,<12km/h,2,Overcast
21200522,14,12,65%,North,<12km/h,3,Overcast
21200522,15,12,63%,North,<12km/h,2,Overcast
21200522,16,12,64%,North,<12km/h,3,Overcast
21200522,17,12,65%,Northeast,<12km/h,2,Overcast
21200522,18,11,64%,North,<12km/h,3,Overcast
21200522,19,11,65%,North,<12km/h,2,Overcast
21200522,20,11,67%,North,<12km/h,2,Cloudy
21200522,21,11,67%,North,<12km/h,2,Cloudy
21200522,22,11,68%,Northwest,<12km/h,2,Cloudy
21200522,23,11,68%,Northwest,<12km/h,2,Sunny
21200523,00,13,70%,Northwest,<12km/h,2,Sunny
21200523,01,12,74%,Northwest,<12km/h,2,Sunny
21200523,02,11,,,,<3,Cloudy
21200523,03,11,76%,Northwest,<12km/h,1,Sunny
21200523,04,11,,,,<3,Cloudy
21200523,05,23,,,,<3,Overcast
21200523,06,23,,,,<3,Overcast
21200523,07,23,,,,<3,Overcast
21200523,08,23,,,,<3,Overcast
21200523,09,23,,,,<3,Overcast
21200523,10,18,53%,North,<12km/h,1,Cloudy
21200523,11,20,46%,North,<12km/h,1,Cloudy
21200523,12,21,39%,South,<12km/h,2,Cloudy
21200523,13,22,37%,East,<12km/h,2,Cloudy
21200523,14,23,,,,<3,Overcast
21200523,15,23,,,,<3,Overcast
21200523,16,21,48%,Southeast,<12km/h,2,Sunny
21200523,17,12,,,,<3,Cloudy
21200523,18,18,61%,South,<12km/h,2,Cloudy
21200523,19,17,61%,Southeast,<12km/h,1,Cloudy
21200523,20,12,,,,<3,Cloudy
21200523,21,13,82%,West,<12km/h,1,Overcast
21200523,22,13,79%,West,<12km/h,1,Overcast
21200523,23,14,79%,West,<12km/h,2,Cloudy
21200524,00,9,,,,<3,Cloudy
21200524,01,11,69%,Northwest,<12km/h,2,Sunny
21200524,02,10,70%,Northwest,<12km/h,2,Sunny
21200524,03,10,71%,Northwest,<12km/h,2,Sunny
21200524,04,10,71%,Northeast,<12km/h,2,Sunny
21200524,05,10,72%,North,<12km/h,1,Sunny
21200524,06,10,73%,Northwest,<12km/h,2,Overcast
21200524,07,17,,,,<3,Overcast
21200524,08,11,72%,Northwest,<12km/h,2,Overcast
21200524,09,11,70%,Northwest,<12km/h,2,Overcast
21200524,10,13,66%,Northwest,<12km/h,2,Overcast
21200524,11,13,65%,Northwest,<12km/h,2,Overcast
21200524,12,14,63%,North,<12km/h,2,Cloudy
21200524,13,14,62%,North,<12km/h,2,Overcast
21200524,14,14,63%,Northwest,<12km/h,2,Overcast
21200524,15,17,,,,<3,Overcast
21200524,16,14,66%,Northwest,<12km/h,1,Overcast
21200524,17,14,67%,Northwest,<12km/h,2,Overcast
21200524,18,11,,,,<3,Overcast
21200524,19,13,70%,Northeast,<12km/h,1,Overcast
21200524,20,13,71%,North,<12km/h,1,Overcast
21200524,21,11,,,,<3,Overcast
21200524,22,13,73%,North,<12km/h,2,Overcast
21200524,23,13,72%,North,<12km/h,2,Cloudy
21200525,00,13,72%,North,<12km/h,2,Cloudy
21200525,01,13,74%,Northwest,<12km/h,1,Cloudy
21200525,02,12,75%,North,<12km/h,1,Cloudy
21200525,03,12,76%,Northwest,<12km/h,2,Cloudy
21200525,04,12,74%,North,<12km/h,2,Cloudy
21200525,05,12,75%,Northwest,<12km/h,1,Overcast
21200525,06,12,76%,Northwest,<12km/h,1,Overcast
21200525,07,12,77%,Northwest,<12km/h,2,Cloudy
21200525,08,16,,,,3-4,Lightrain
21200525,09,14,67%,North,<12km/h,3,Cloudy
21200525,10,15,63%,North,<12km/h,2,Cloudy
21200525,11,16,61%,Northwest,<12km/h,2,Overcast
21200525,12,16,65%,Northwest,<12km/h,2,Overcast
21200525,13,15,69%,North,<12km/h,2,Overcast
21200525,14,14,72%,North,<12km/h,2,Overcast
21200525,15,14,74%,Northwest,<12km/h,1,Overcast
21200525,16,13,76%,North,<12km/h,2,Overcast
21200525,17,13,76%,North,<12km/h,1,Overcast
21200525,18,13,74%,North,<12km/h,2,Overcast
21200525,19,13,74%,North,<12km/h,2,Overcast
21200525,20,12,87%,Northwest,<12km/h,3,Overcast
21200525,21,11,93%,Northwest,<12km/h,2,Rain
21200525,22,11,92%,Northwest,<12km/h,2,Rain
21200525,23,11,89%,Northwest,<12km/h,2,Rain
21200526,00,11,87%,Northwest,<12km/h,2,Overcast
21200526,01,10,,,,3-4,Lightrain
21200526,02,9,91%,Northwest,<12km/h,2,Overcast
21200526,03,10,83%,Northwest,<12km/h,2,Overcast
21200526,04,10,79%,Northwest,<12km/h,3,Overcast
21200526,05,10,83%,Northwest,<12km/h,3,Overcast
21200526,06,14,,,,3-4,Cloudy
21200526,07,10,79%,Northwest,<12km/h,2,Overcast
21200526,08,10,73%,North,<12km/h,2,Cloudy
21200526,09,10,70%,North,<12km/h,2,Cloudy
21200526,10,11,64%,North,<12km/h,3,Cloudy
21200526,11,11,59%,North,<12km/h,3,Cloudy
21200526,12,11,65%,Northwest,<12km/h,3,Cloudy
21200526,13,12,61%,Northwest,<12km/h,3,Cloudy
21200526,14,12,55%,Northwest,<12km/h,3,Sunny
21200526,15,12,53%,Northwest,<12km/h,3,Sunny
21200526,16,14,,,,3-4,Cloudy
21200526,17,11,55%,Northwest,<12km/h,2,Cloudy
21200526,18,9,,,,<3,Overcast
21200526,19,9,,,,<3,Overcast
21200526,20,9,,,,<3,Overcast
21200526,21,9,,,,<3,Overcast
21200526,22,9,,,,<3,Overcast
21200526,23,9,,,,<3,Overcast
21200527,00,16,92%,Quiet,,0,Cloudy
21200527,01,14,,,,<3,Cloudy
21200527,02,15,94%,Northwest,<12km/h,1,Cloudy
21200527,03,14,,,,<3,Cloudy
21200527,04,14,,,,<3,Cloudy
21200527,05,14,93%,West,<12km/h,1,Sunny
21200527,06,25,,,,<3,Cloudy
21200527,07,25,,,,<3,Cloudy
21200527,08,17,82%,Northwest,<12km/h,2,Sunny
21200527,09,20,69%,North,<12km/h,2,Overcast
21200527,10,22,61%,North,<12km/h,2,Overcast
21200527,11,23,53%,West,<12km/h,2,Sunny
21200527,12,25,,,,<3,Cloudy
21200527,13,23,50%,Northwest,<12km/h,3,Sunny
21200527,14,25,,,,<3,Cloudy
21200527,15,25,,,,<3,Cloudy
21200527,16,22,47%,Northwest,<12km/h,2,Sunny
21200527,17,20,51%,Northwest,<12km/h,3,Sunny
21200527,18,11,,,,<3,Cloudy
21200527,19,19,56%,Northwest,<12km/h,2,Sunny
21200527,20,19,57%,Northwest,<12km/h,3,Sunny
21200527,21,19,56%,Northwest,<12km/h,2,Sunny
21200527,22,11,,,,<3,Cloudy
21200527,23,18,56%,Northwest,<12km/h,2,Sunny
21200528,00,9,,,,<3,Overcast
21200528,01,9,,,,<3,Overcast
21200528,02,9,,,,<3,Overcast
21200528,03,9,,,,<3,Overcast
21200528,04,9,,,,<3,Overcast
21200528,05,9,,,,<3,Overcast
21200528,06,15,,,,<3,Overcast
21200528,07,15,,,,<3,Overcast
21200528,08,10,64%,Northwest,<12km/h,3,Overcast
21200528,09,11,60%,Northwest,<12km/h,3,Overcast
21200528,10,12,59%,Northwest,<12km/h,3,Overcast
21200528,11,13,58%,Northwest,<12km/h,2,Overcast
21200528,12,15,,,,<3,Overcast
21200528,13,14,55%,Northwest,<12km/h,3,Overcast
21200528,14,15,55%,North,<12km/h,2,Cloudy
21200528,15,14,56%,North,<12km/h,2,Cloudy
21200528,16,14,57%,North,<12km/h,2,Cloudy
21200528,17,14,59%,Northeast,<12km/h,2,Overcast
21200528,18,13,61%,North,<12km/h,2,Overcast
21200528,19,12,,,,<3,Overcast
21200528,20,12,,,,<3,Overcast
21200528,21,12,68%,Northwest,<12km/h,2,Overcast
21200528,22,12,70%,Northwest,<12km/h,2,Overcast
21200528,23,12,70%,Northwest,<12km/h,2,Overcast
21200529,00,12,70%,Northwest,<12km/h,2,Overcast
21200529,01,12,71%,Northwest,<12km/h,2,Overcast
21200529,02,12,,,,<3,Overcast
21200529,03,12,72%,Northwest,<12km/h,2,Overcast
21200529,04,12,72%,Northwest,<12km/h,3,Overcast
21200529,05,12,72%,Northwest,<12km/h,2,Overcast
21200529,06,12,73%,Northwest,<12km/h,2,Overcast
21200529,07,12,80%,Northwest,<12km/h,2,Overcast
21200529,08,12,83%,Northwest,<12km/h,2,Overcast
21200529,09,12,82%,Northwest,<12km/h,3,Overcast
21200529,10,13,82%,Northwest,<12km/h,2,Overcast
21200529,11,13,85%,Northwest,<12km/h,2,Overcast
21200529,12,17,,,,<3,Lightrain
21200529,13,17,,,,<3,Lightrain
21200529,14,13,93%,Northwest,<12km/h,2,Overcast
21200529,15,13,92%,Northwest,<12km/h,2,Overcast
21200529,16,13,95%,Northwest,<12km/h,2,Rain
21200529,17,13,94%,Northwest,<12km/h,2,Overcast
21200529,18,13,95%,West,<12km/h,1,Rain
21200529,19,13,96%,Northwest,<12km/h,2,Rain
21200529,20,13,96%,Northwest,<12km/h,2,Rain
21200529,21,13,96%,Northwest,<12km/h,2,Rain
21200529,22,14,97%,North,<12km/h,2,Overcast
21200529,23,13,97%,North,<12km/h,2,Rain
21200530,00,18,82%,South,<12km/h,3,Overcast
21200530,01,18,83%,North,<12km/h,1,Overcast
21200530,02,15,,,,<3,Overcast
21200530,03,17,84%,South,<12km/h,3,Cloudy
21200530,04,17,83%,South,<12km/h,3,Cloudy
21200530,05,17,84%,North,<12km/h,3,Overcast
21200530,06,22,,,,<3,Overcast
21200530,07,22,,,,<3,Overcast
21200530,08,18,78%,North,<12km/h,3,Overcast
21200530,09,18,78%,North,<12km/h,1,Overcast
21200530,10,19,76%,North,<12km/h,2,Overcast
21200530,11,19,74%,North,<12km/h,3,Overcast
21200530,12,20,72%,North,16-24km/h,4,Overcast
21200530,13,22,,,,<3,Overcast
21200530,14,19,76%,North,16-24km/h,4,Overcast
21200530,15,22,,,,<3,Overcast
21200530,16,19,75%,North,<12km/h,2,Overcast
21200530,17,19,77%,North,16-24km/h,4,Sunny
21200530,18,15,,,,<3,Sunny
21200530,19,18,78%,North,<12km/h,2,Sunny
21200530,20,15,,,,<3,Sunny
21200530,21,15,,,,<3,Sunny
21200530,22,16,86%,North,<12km/h,1,Sunny
21200530,23,15,,,,<3,Sunny
21200531,00,13,97%,Northwest,<12km/h,3,Rain
21200531,01,13,,,,<3,Moderaterain
21200531,02,13,,,,<3,Moderaterain
21200531,03,13,92%,Northwest,<12km/h,2,Overcast
21200531,04,13,,,,<3,Moderaterain
21200531,05,13,96%,Northwest,<12km/h,3,Rain
21200531,06,18,,,,3-4,Lightrain
21200531,07,13,96%,Northwest,<12km/h,3,Rain
21200531,08,18,,,,<3,Lightrain
21200531,09,18,,,,<3,Lightrain
21200531,10,18,,,,<3,Lightrain
21200531,11,18,,,,<3,Lightrain
21200531,12,18,,,,<3,Lightrain
21200531,13,18,,,,<3,Lightrain
21200531,14,18,,,,<3,Lightrain
21200531,15,18,,,,<3,Lightrain
21200531,16,18,,,,<3,Lightrain
21200531,17,7,,,,3-4,Overcast
21200531,18,7,,,,3-4,Overcast
21200531,19,7,,,,3-4,Overcast
21200531,20,7,,,,3-4,Overcast
21200531,21,7,,,,3-4,Overcast
21200531,22,7,,,,3-4,Overcast
21200531,23,7,,,,3-4,Overcast
21200601,00,7,,,,3-4,Overcast
21200601,01,7,,,,3-4,Overcast
21200601,02,7,,,,3-4,Overcast
21200601,03,7,,,,3-4,Overcast
21200601,04,7,,,,3-4,Overcast
21200601,05,7,,,,3-4,Overcast
21200601,06,13,,,,3-4,Sunny
21200601,07,13,,,,3-4,Sunny
21200601,08,13,,,,3-4,Sunny
21200601,09,13,,,,3-4,Sunny
21200601,10,10,41%,Northwest,<12km/h,3,Sunny
21200601,11,13,,,,3-4,Sunny
21200601,12,12,35%,Northwest,<12km/h,3,Sunny
21200601,13,13,,,,3-4,Sunny
21200601,14,13,,,,3-4,Sunny
21200601,15,13,,,,3-4,Sunny
21200601,16,12,34%,Northwest,<12km/h,2,Sunny
21200601,17,4,,,,<3,Sunny
21200601,18,4,,,,<3,Sunny
21200601,19,10,30%,Northeast,<12km/h,2,Sunny
21200601,20,4,,,,<3,Sunny
21200601,21,4,,,,<3,Sunny
21200601,22,4,,,,<3,Sunny
21200601,23,5,66%,Quiet,,0,Sunny
21200602,00,4,,,,<3,Sunny
21200602,01,4,,,,<3,Sunny
21200602,02,4,78%,Quiet,,0,Sunny
21200602,03,4,,,,<3,Sunny
21200602,04,4,,,,<3,Sunny
21200602,05,4,,,,<3,Sunny
21200602,06,13,,,,<3,Sunny
21200602,07,13,,,,<3,Sunny
21200602,08,13,,,,<3,Sunny
21200602,09,13,,,,<3,Sunny
21200602,10,13,,,,<3,Sunny
21200602,11,13,,,,<3,Sunny
21200602,12,13,,,,<3,Sunny
21200602,13,13,,,,<3,Sunny
21200602,14,13,,,,<3,Sunny
21200602,15,13,,,,<3,Sunny
21200602,16,13,,,,<3,Sunny
21200602,17,4,,,,<3,Sunny
21200602,18,4,,,,<3,Sunny
21200602,19,6,68%,Northeast,<12km/h,1,Sunny
21200602,20,4,,,,<3,Sunny
21200602,21,4,,,,<3,Sunny
21200602,22,4,,,,<3,Sunny
21200602,23,4,,,,<3,Sunny
21200603,00,4,,,,<3,Sunny
21200603,01,4,,,,<3,Sunny
21200603,02,4,,,,<3,Sunny
21200603,03,4,,,,<3,Sunny
21200603,04,4,,,,<3,Sunny
21200603,05,4,,,,<3,Sunny
21200603,06,14,,,,<3,Sunny
21200603,07,14,,,,<3,Sunny
21200603,08,14,,,,<3,Sunny
21200603,09,14,,,,<3,Sunny
21200603,10,14,,,,<3,Sunny
21200603,11,14,,,,<3,Sunny
21200603,12,11,43%,Northwest,<12km/h,3,Overcast
21200603,13,11,47%,Northwest,<12km/h,2,Overcast
21200603,14,11,51%,Northwest,<12km/h,2,Overcast
21200603,15,14,,,,<3,Sunny
21200603,16,14,,,,<3,Sunny
21200603,17,10,61%,Northeast,<12km/h,1,Sunny
21200603,18,6,,,,<3,Overcast
21200603,19,6,,,,<3,Overcast
21200603,20,11,63%,North,<12km/h,1,Overcast
21200603,21,6,,,,<3,Overcast
21200603,22,7,61%,Northwest,<12km/h,1,Sunny
21200603,23,6,,,,<3,Overcast
21200604,00,6,,,,<3,Overcast
21200604,01,6,,,,<3,Overcast
21200604,02,6,,,,<3,Overcast
21200604,03,6,,,,<3,Overcast
21200604,04,6,,,,<3,Overcast
21200604,05,6,,,,<3,Overcast
21200604,06,14,,,,3-4,Overcast
21200604,07,14,,,,<3,Overcast
21200604,08,14,,,,<3,Overcast
21200604,09,14,,,,<3,Overcast
21200604,10,14,,,,<3,Overcast
21200604,11,14,,,,<3,Overcast
21200604,12,14,,,,<3,Overcast
21200604,13,14,,,,<3,Overcast
21200604,14,14,,,,<3,Overcast
21200604,15,14,,,,<3,Overcast
21200604,16,11,57%,Northwest,<12km/h,2,Overcast
21200604,17,9,,,,<3,Lightrain
21200604,18,9,,,,<3,Lightrain
21200604,19,11,63%,North,<12km/h,3,Overcast
21200604,20,9,,,,<3,Lightrain
21200604,21,9,,,,<3,Lightrain
21200604,22,8,59%,Northwest,<12km/h,2,Cloudy
21200604,23,9,,,,<3,Lightrain
21200605,00,10,,,,<3,Lightrain
21200605,01,10,,,,<3,Lightrain
21200605,02,10,,,,<3,Lightrain
21200605,03,9,86%,Northwest,<12km/h,2,Overcast
21200605,04,10,,,,<3,Lightrain
21200605,05,8,94%,Northwest,<12km/h,2,Rain
21200605,06,12,,,,<3,Lightrain
21200605,07,12,,,,<3,Lightrain
21200605,08,12,,,,<3,Lightrain
21200605,09,12,,,,<3,Lightrain
21200605,10,9,95%,Northwest,<12km/h,3,Rain
21200605,11,12,,,,<3,Lightrain
21200605,12,12,,,,<3,Lightrain
21200605,13,12,,,,<3,Lightrain
21200605,14,12,,,,<3,Lightrain
21200605,15,12,,,,<3,Lightrain
21200605,16,12,,,,<3,Lightrain
21200605,17,7,,,,3-4,Lightrain
21200605,18,10,92%,Northwest,16-24km/h,4,Rain
21200605,19,7,,,,3-4,Lightrain
21200605,20,7,,,,3-4,Lightrain
21200605,21,7,,,,3-4,Lightrain
21200605,22,7,,,,3-4,Lightrain
21200605,23,7,,,,3-4,Lightrain
21200606,00,3,,,,<3,Cloudy
21200606,01,3,,,,<3,Cloudy
21200606,02,3,,,,<3,Cloudy
21200606,03,3,,,,<3,Cloudy
21200606,04,3,,,,<3,Cloudy
21200606,05,5,68%,Northwest,<12km/h,2,Sunny
21200606,06,10,,,,3-4,Cloudy
21200606,07,10,,,,3-4,Cloudy
21200606,08,10,,,,<3,Cloudy
21200606,09,10,,,,<3,Cloudy
21200606,10,10,,,,<3,Cloudy
21200606,11,10,,,,<3,Cloudy
21200606,12,10,,,,<3,Cloudy
21200606,13,10,,,,<3,Cloudy
21200606,14,10,,,,<3,Cloudy
21200606,15,10,,,,<3,Cloudy
21200606,16,10,,,,<3,Cloudy
21200606,17,10,,,,<3,Cloudy
21200606,18,1,,,,<3,Cloudy
21200606,19,7,50%,Northwest,<12km/h,2,Sunny
21200606,20,1,,,,<3,Cloudy
21200606,21,1,,,,<3,Cloudy
21200606,22,1,,,,<3,Cloudy
21200606,23,1,,,,<3,Cloudy
21200607,00,7,,,,3-4,Lightrain
21200607,01,7,,,,3-4,Lightrain
21200607,02,7,,,,3-4,Lightrain
21200607,03,7,,,,3-4,Lightrain
21200607,04,7,,,,3-4,Lightrain
21200607,05,7,,,,3-4,Lightrain
21200607,06,11,,,,3-4,Cloudy
21200607,07,11,,,,3-4,Cloudy
21200607,08,11,,,,3-4,Cloudy
21200607,09,11,,,,3-4,Cloudy
21200607,10,11,,,,3-4,Cloudy
21200607,11,11,,,,3-4,Cloudy
21200607,12,11,,,,3-4,Cloudy
21200607,13,11,,,,3-4,Cloudy
21200607,14,11,,,,3-4,Cloudy
21200607,15,11,,,,3-4,Cloudy
21200607,16,11,,,,3-4,Cloudy
21200607,17,9,61%,Northwest,<12km/h,3,Cloudy
21200607,18,8,63%,Northwest,<12km/h,2,Cloudy
21200607,19,4,,,,<3,Cloudy
21200607,20,8,67%,Northwest,<12km/h,2,Sunny
21200607,21,4,,,,<3,Cloudy
21200607,22,4,,,,<3,Cloudy
21200607,23,4,,,,<3,Cloudy
21200608,00,3,,,,<3,Cloudy
21200608,01,3,,,,<3,Cloudy
21200608,02,3,,,,<3,Cloudy
21200608,03,3,,,,<3,Cloudy
21200608,04,3,,,,<3,Cloudy
21200608,05,5,68%,Northwest,<12km/h,2,Sunny
21200608,06,10,,,,3-4,Cloudy
21200608,07,10,,,,3-4,Cloudy
21200608,08,10,,,,<3,Cloudy
21200608,09,10,,,,<3,Cloudy
21200608,10,10,,,,<3,Cloudy
21200608,11,10,,,,<3,Cloudy
21200608,12,10,,,,<3,Cloudy
21200608,13,10,,,,<3,Cloudy
21200608,14,10,,,,<3,Cloudy
21200608,15,10,,,,<3,Cloudy
21200608,16,10,,,,<3,Cloudy
21200608,17,10,,,,<3,Cloudy
21200608,18,1,,,,<3,Cloudy
21200608,19,7,50%,Northwest,<12km/h,2,Sunny
21200608,20,1,,,,<3,Cloudy
21200608,21,1,,,,<3,Cloudy
21200608,22,1,,,,<3,Cloudy
21200608,23,1,,,,<3,Cloudy
21200609,00,1,,,,<3,Cloudy
21200609,01,1,,,,<3,Cloudy
21200609,02,3,79%,Northeast,<12km/h,1,Sunny
21200609,03,1,,,,<3,Cloudy
21200609,04,1,,,,<3,Cloudy
21200609,05,1,,,,<3,Cloudy
21200609,06,11,,,,3-4,Overcast
21200609,07,11,,,,3-4,Overcast
21200609,08,11,,,,<3,Overcast
21200609,09,11,,,,<3,Overcast
21200609,10,11,,,,<3,Overcast
21200609,11,11,,,,<3,Overcast
21200609,12,11,,,,<3,Overcast
21200609,13,11,,,,<3,Overcast
21200609,14,12,33%,Northwest,16-24km/h,4,Cloudy
21200609,15,11,,,,<3,Overcast
21200609,16,11,,,,<3,Overcast
21200609,17,11,,,,<3,Overcast
21200609,18,2,,,,<3,Sunny
21200609,19,8,45%,West,<12km/h,2,Cloudy
21200609,20,2,,,,<3,Sunny
21200609,21,2,,,,<3,Sunny
21200609,22,2,,,,<3,Sunny
21200609,23,2,,,,<3,Sunny
21200610,00,1,,,,<3,Cloudy
21200610,01,1,,,,<3,Cloudy
21200610,02,3,79%,Northeast,<12km/h,1,Sunny
21200610,03,1,,,,<3,Cloudy
21200610,04,1,,,,<3,Cloudy
21200610,05,1,,,,<3,Cloudy
21200610,06,11,,,,3-4,Overcast
21200610,07,11,,,,3-4,Overcast
21200610,08,11,,,,<3,Overcast
21200610,09,11,,,,<3,Overcast
21200610,10,11,,,,<3,Overcast
21200610,11,11,,,,<3,Overcast
21200610,12,11,,,,<3,Overcast
21200610,13,11,,,,<3,Overcast
21200610,14,12,33%,Northwest,16-24km/h,4,Cloudy
21200610,15,11,,,,<3,Overcast
21200610,16,11,,,,<3,Overcast
21200610,17,11,,,,<3,Overcast
21200610,18,2,,,,<3,Sunny
21200610,19,8,45%,West,<12km/h,2,Cloudy
21200610,20,2,,,,<3,Sunny
21200610,21,2,,,,<3,Sunny
21200610,22,2,,,,<3,Sunny
21200610,23,2,,,,<3,Sunny
21200611,00,10,,,,<3,Lightrain
21200611,01,10,,,,<3,Lightrain
21200611,02,10,,,,<3,Lightrain
21200611,03,10,,,,<3,Lightrain
21200611,04,10,,,,<3,Lightrain
21200611,05,10,,,,<3,Lightrain
21200611,06,11,,,,<3,Lightrain
21200611,07,11,,,,<3,Lightrain
21200611,08,9,95%,Northwest,<12km/h,3,Rain
21200611,09,11,,,,<3,Lightrain
21200611,10,11,,,,<3,Lightrain
21200611,11,11,,,,<3,Lightrain
21200611,12,10,92%,Northwest,<12km/h,2,Overcast
21200611,13,11,,,,<3,Lightrain
21200611,14,11,,,,<3,Lightrain
21200611,15,11,,,,<3,Lightrain
21200611,16,11,,,,<3,Lightrain
21200611,17,11,,,,<3,Lightrain
21200611,18,10,,,,<3,Lightrain
21200611,19,10,,,,<3,Lightrain
21200611,20,10,,,,<3,Lightrain
21200611,21,10,,,,<3,Lightrain
21200611,22,10,82%,Northwest,<12km/h,3,Overcast
21200611,23,10,,,,<3,Lightrain
21200612,00,10,,,,<3,Lightrain
21200612,01,10,,,,<3,Lightrain
21200612,02,10,,,,<3,Lightrain
21200612,03,9,86%,Northwest,<12km/h,2,Overcast
21200612,04,10,,,,<3,Lightrain
21200612,05,8,94%,Northwest,<12km/h,2,Rain
21200612,06,12,,,,<3,Lightrain
21200612,07,12,,,,<3,Lightrain
21200612,08,12,,,,<3,Lightrain
21200612,09,12,,,,<3,Lightrain
21200612,10,9,95%,Northwest,<12km/h,3,Rain
21200612,11,12,,,,<3,Lightrain
21200612,12,12,,,,<3,Lightrain
21200612,13,12,,,,<3,Lightrain
21200612,14,12,,,,<3,Lightrain
21200612,15,12,,,,<3,Lightrain
21200612,16,12,,,,<3,Lightrain
21200612,17,7,,,,3-4,Lightrain
21200612,18,10,92%,Northwest,16-24km/h,4,Rain
21200612,19,7,,,,3-4,Lightrain
21200612,20,7,,,,3-4,Lightrain
21200612,21,7,,,,3-4,Lightrain
21200612,22,7,,,,3-4,Lightrain
21200612,23,7,,,,3-4,Lightrain
21200613,00,2,,,,<3,Sunny
21200613,01,2,,,,<3,Sunny
21200613,02,2,,,,<3,Sunny
21200613,03,2,,,,<3,Sunny
21200613,04,2,,,,<3,Sunny
21200613,05,2,,,,<3,Sunny
21200613,06,11,,,,<3,Sunny
21200613,07,11,,,,<3,Sunny
21200613,08,11,,,,<3,Sunny
21200613,09,11,,,,<3,Sunny
21200613,10,11,,,,<3,Sunny
21200613,11,11,,,,<3,Sunny
21200613,12,11,,,,<3,Sunny
21200613,13,11,,,,<3,Sunny
21200613,14,11,30%,East,<12km/h,2,Sunny
21200613,15,11,,,,<3,Sunny
21200613,16,11,,,,<3,Sunny
21200613,17,4,,,,<3,Cloudy
21200613,18,4,,,,<3,Cloudy
21200613,19,4,,,,<3,Cloudy
21200613,20,4,,,,<3,Cloudy
21200613,21,10,85%,North,<12km/h,1,Cloudy
21200613,22,4,,,,<3,Cloudy
21200613,23,4,,,,<3,Cloudy
21200614,00,7,,,,3-4,Lightrain
21200614,01,7,,,,3-4,Lightrain
21200614,02,7,,,,3-4,Lightrain
21200614,03,7,,,,3-4,Lightrain
21200614,04,7,,,,3-4,Lightrain
21200614,05,7,,,,3-4,Lightrain
21200614,06,11,,,,3-4,Cloudy
21200614,07,11,,,,3-4,Cloudy
21200614,08,11,,,,3-4,Cloudy
21200614,09,11,,,,3-4,Cloudy
21200614,10,11,,,,3-4,Cloudy
21200614,11,11,,,,3-4,Cloudy
21200614,12,11,,,,3-4,Cloudy
21200614,13,11,,,,3-4,Cloudy
21200614,14,11,,,,3-4,Cloudy
21200614,15,11,,,,3-4,Cloudy
21200614,16,11,,,,3-4,Cloudy
21200614,17,9,61%,Northwest,<12km/h,3,Cloudy
21200614,18,8,63%,Northwest,<12km/h,2,Cloudy
21200614,19,4,,,,<3,Cloudy
21200614,20,8,67%,Northwest,<12km/h,2,Sunny
21200614,21,4,,,,<3,Cloudy
21200614,22,4,,,,<3,Cloudy
21200614,23,4,,,,<3,Cloudy
21200615,00,4,,,,<3,Cloudy
21200615,01,4,,,,<3,Cloudy
21200615,02,7,68%,North,<12km/h,2,Sunny
21200615,03,4,,,,<3,Cloudy
21200615,04,4,,,,<3,Cloudy
21200615,05,4,,,,<3,Cloudy
21200615,06,9,,,,<3,Overcast
21200615,07,9,,,,<3,Overcast
21200615,08,7,68%,North,<12km/h,2,Overcast
21200615,09,10,,,,<3,Overcast
21200615,10,10,,,,<3,Overcast
21200615,11,10,,,,<3,Overcast
21200615,12,10,,,,<3,Overcast
21200615,13,10,,,,<3,Overcast
21200615,14,10,,,,<3,Overcast
21200615,15,10,,,,<3,Overcast
21200615,16,10,51%,Northwest,<12km/h,3,Cloudy
21200615,17,10,,,,<3,Overcast
21200615,18,3,,,,<3,Cloudy
21200615,19,3,,,,<3,Cloudy
21200615,20,3,,,,<3,Cloudy
21200615,21,8,63%,Northwest,<12km/h,1,Cloudy
21200615,22,3,,,,<3,Cloudy
21200615,23,3,,,,<3,Cloudy
21200616,00,2,,,,<3,Sunny
21200616,01,2,,,,<3,Sunny
21200616,02,2,,,,<3,Sunny
21200616,03,2,,,,<3,Sunny
21200616,04,2,,,,<3,Sunny
21200616,05,2,,,,<3,Sunny
21200616,06,11,,,,<3,Sunny
21200616,07,11,,,,<3,Sunny
21200616,08,11,,,,<3,Sunny
21200616,09,11,,,,<3,Sunny
21200616,10,11,,,,<3,Sunny
21200616,11,11,,,,<3,Sunny
21200616,12,11,,,,<3,Sunny
21200616,13,11,,,,<3,Sunny
21200616,14,11,,,,<3,Sunny
21200616,15,11,,,,<3,Sunny
21200616,16,11,,,,<3,Sunny
21200616,17,2,,,,<3,Sunny
21200616,18,2,,,,<3,Sunny
21200616,19,2,,,,<3,Sunny
21200616,20,4,68%,West,<12km/h,1,Sunny
21200616,21,5,89%,Northwest,<12km/h,1,Sunny
21200616,22,2,,,,<3,Sunny
21200616,23,2,,,,<3,Sunny
21200617,00,6,,,,<3,Cloudy
21200617,01,6,,,,<3,Cloudy
21200617,02,6,,,,<3,Cloudy
21200617,03,6,,,,<3,Cloudy
21200617,04,6,,,,<3,Cloudy
21200617,05,6,,,,<3,Cloudy
21200617,06,11,,,,<3,Cloudy
21200617,07,11,,,,<3,Cloudy
21200617,08,12,,,,<3,Cloudy
21200617,09,12,,,,<3,Cloudy
21200617,10,12,,,,<3,Cloudy
21200617,11,12,,,,<3,Cloudy
21200617,12,12,,,,<3,Cloudy
21200617,13,12,,,,<3,Cloudy
21200617,14,12,,,,<3,Cloudy
21200617,15,12,,,,<3,Cloudy
21200617,16,12,,,,<3,Cloudy
21200617,17,7,,,,<3,Cloudy
21200617,18,7,,,,<3,Cloudy
21200617,19,7,,,,<3,Cloudy
21200617,20,7,,,,<3,Cloudy
21200617,21,7,,,,<3,Cloudy
21200617,22,7,,,,<3,Cloudy
21200617,23,7,,,,<3,Cloudy
21200618,00,5,84%,Northwest,<12km/h,2,Sunny
21200618,01,4,,,,<3,Cloudy
21200618,02,4,,,,<3,Cloudy
21200618,03,4,,,,<3,Cloudy
21200618,04,4,,,,<3,Cloudy
21200618,05,4,,,,<3,Cloudy
21200618,06,14,,,,<3,Overcast
21200618,07,14,,,,<3,Overcast
21200618,08,14,,,,<3,Overcast
21200618,09,14,,,,<3,Overcast
21200618,10,14,,,,<3,Overcast
21200618,11,14,,,,<3,Overcast
21200618,12,14,,,,<3,Overcast
21200618,13,14,,,,<3,Overcast
21200618,14,14,,,,<3,Overcast
21200618,15,14,,,,<3,Overcast
21200618,16,14,,,,<3,Overcast
21200618,17,14,,,,<3,Overcast
21200618,18,8,,,,<3,Lightrain
21200618,19,8,,,,<3,Lightrain
21200618,20,8,,,,<3,Lightrain
21200618,21,8,,,,<3,Lightrain
21200618,22,8,,,,<3,Lightrain
21200618,23,8,,,,<3,Lightrain
21200619,00,8,,,,<3,Lightrain
21200619,01,8,,,,<3,Lightrain
21200619,02,8,,,,<3,Lightrain
21200619,03,8,,,,<3,Lightrain
21200619,04,8,,,,<3,Lightrain
21200619,05,9,87%,Northwest,<12km/h,1,Cloudy
21200619,06,11,,,,<3,Overcast
21200619,07,11,,,,<3,Overcast
21200619,08,11,,,,<3,Overcast
21200619,09,10,66%,North,<12km/h,2,Cloudy
21200619,10,10,62%,North,<12km/h,2,Cloudy
21200619,11,11,,,,<3,Overcast
21200619,12,11,,,,<3,Overcast
21200619,13,11,,,,<3,Overcast
21200619,14,11,,,,<3,Overcast
21200619,15,11,,,,<3,Overcast
21200619,16,11,,,,<3,Overcast
21200619,17,7,,,,<3,Overcast
21200619,18,7,,,,<3,Overcast
21200619,19,7,,,,<3,Overcast
21200619,20,7,,,,<3,Overcast
21200619,21,7,,,,<3,Overcast
21200619,22,7,,,,<3,Overcast
21200619,23,7,,,,<3,Overcast
21200620,00,6,,,,<3,Overcast
21200620,01,6,,,,<3,Overcast
21200620,02,6,,,,<3,Overcast
21200620,03,6,,,,<3,Overcast
21200620,04,6,,,,<3,Overcast
21200620,05,6,,,,<3,Overcast
21200620,06,10,,,,<3,Overcast
21200620,07,10,,,,<3,Overcast
21200620,08,9,67%,Northeast,<12km/h,2,Cloudy
21200620,09,10,,,,<3,Overcast
21200620,10,10,,,,<3,Overcast
21200620,11,10,,,,<3,Overcast
21200620,12,10,,,,<3,Overcast
21200620,13,10,,,,<3,Overcast
21200620,14,10,,,,<3,Overcast
21200620,15,10,,,,<3,Overcast
21200620,16,10,,,,<3,Overcast
21200620,17,4,,,,<3,Cloudy
21200620,18,4,,,,<3,Cloudy
21200620,19,4,,,,<3,Cloudy
21200620,20,4,,,,<3,Cloudy
21200620,21,4,,,,<3,Cloudy
21200620,22,4,,,,<3,Cloudy
21200620,23,4,,,,<3,Cloudy
21200621,00,7,,,,<3,Overcast
21200621,01,7,,,,<3,Overcast
21200621,02,7,,,,<3,Overcast
21200621,03,7,,,,<3,Overcast
21200621,04,7,,,,<3,Overcast
21200621,05,7,,,,<3,Overcast
21200621,06,10,,,,<3,Lightrain
21200621,07,10,,,,<3,Lightrain
21200621,08,10,,,,<3,Lightrain
21200621,09,10,,,,<3,Lightrain
21200621,10,10,,,,<3,Lightrain
21200621,11,10,,,,<3,Lightrain
21200621,12,10,,,,<3,Lightrain
21200621,13,10,,,,<3,Lightrain
21200621,14,10,,,,<3,Lightrain
21200621,15,10,,,,<3,Lightrain
21200621,16,10,,,,<3,Lightrain
21200621,17,6,,,,<3,Cloudy
21200621,18,6,,,,<3,Cloudy
21200621,19,6,,,,<3,Cloudy
21200621,20,9,91%,Northwest,<12km/h,1,Cloudy
21200621,21,6,,,,<3,Cloudy
21200621,22,6,,,,<3,Cloudy
21200621,23,6,,,,<3,Cloudy
21200622,00,7,,,,<3,Cloudy
21200622,01,7,,,,<3,Cloudy
21200622,02,7,,,,<3,Cloudy
21200622,03,7,,,,<3,Cloudy
21200622,04,7,,,,<3,Cloudy
21200622,05,7,,,,<3,Cloudy
21200622,06,9,,,,<3,Moderaterain
21200622,07,9,,,,<3,Moderaterain
21200622,08,10,,,,<3,Moderaterain
21200622,09,10,,,,<3,Moderaterain
21200622,10,10,,,,<3,Moderaterain
21200622,11,10,,,,<3,Moderaterain
21200622,12,10,,,,<3,Moderaterain
21200622,13,10,,,,<3,Moderaterain
21200622,14,7,90%,North,<12km/h,1,Rain
21200622,15,10,,,,<3,Moderaterain
21200622,16,10,,,,<3,Moderaterain
21200622,17,7,,,,<3,Moderaterain
21200622,18,7,,,,<3,Moderaterain
21200622,19,7,,,,<3,Moderaterain
21200622,20,7,,,,<3,Moderaterain
21200622,21,7,,,,<3,Moderaterain
21200622,22,7,,,,<3,Moderaterain
21200622,23,7,,,,<3,Moderaterain
21200623,00,7,,,,<3,Moderaterain
21200623,01,7,,,,<3,Moderaterain
21200623,02,7,,,,<3,Moderaterain
21200623,03,7,,,,<3,Moderaterain
21200623,04,7,,,,<3,Moderaterain
21200623,05,7,,,,<3,Moderaterain
21200623,06,6,92%,Northwest,<12km/h,2,Overcast
21200623,07,6,93%,Northwest,<12km/h,2,Cloudy
21200623,08,10,,,,<3,Cloudy
21200623,09,10,,,,<3,Cloudy
21200623,10,10,,,,<3,Cloudy
21200623,11,10,,,,<3,Cloudy
21200623,12,10,,,,<3,Cloudy
21200623,13,10,,,,<3,Cloudy
21200623,14,10,,,,<3,Cloudy
21200623,15,10,,,,<3,Cloudy
21200623,16,10,,,,<3,Cloudy
21200623,17,10,77%,North,<12km/h,2,Overcast
21200623,18,6,,,,<3,Overcast
21200623,19,6,,,,<3,Overcast
21200623,20,6,,,,<3,Overcast
21200623,21,8,77%,North,<12km/h,2,Overcast
21200623,22,6,,,,<3,Overcast
21200623,23,6,,,,<3,Overcast
21200624,00,11,,,,<3,Lightrain
21200624,01,11,,,,<3,Lightrain
21200624,02,11,,,,<3,Lightrain
21200624,03,11,,,,<3,Lightrain
21200624,04,11,,,,<3,Lightrain
21200624,05,11,,,,<3,Lightrain
21200624,06,19,,,,<3,Lightrain
21200624,07,19,,,,<3,Lightrain
21200624,08,19,,,,<3,Lightrain
21200624,09,19,,,,<3,Lightrain
21200624,10,19,,,,<3,Lightrain
21200624,11,19,,,,<3,Lightrain
21200624,12,19,,,,<3,Lightrain
21200624,13,18,82%,Quiet,,0,Rain
21200624,14,19,,,,<3,Lightrain
21200624,15,19,,,,<3,Lightrain
21200624,16,19,,,,<3,Lightrain
21200624,17,11,,,,<3,Overcast
21200624,18,11,,,,<3,Overcast
21200624,19,11,,,,<3,Overcast
21200624,20,11,,,,<3,Overcast
21200624,21,11,,,,<3,Overcast
21200624,22,11,,,,<3,Overcast
21200624,23,11,,,,<3,Overcast
21200625,00,4,,,,<3,Cloudy
21200625,01,5,85%,West,<12km/h,1,Cloudy
21200625,02,4,,,,<3,Cloudy
21200625,03,4,,,,<3,Cloudy
21200625,04,4,,,,<3,Cloudy
21200625,05,4,,,,<3,Cloudy
21200625,06,11,,Southeast,,<3,Cloudy
21200625,07,11,,Southeast,,<3,Cloudy
21200625,08,11,,Southeast,,<3,Cloudy
21200625,09,11,,Southeast,,<3,Cloudy
21200625,10,11,,Southeast,,<3,Cloudy
21200625,11,10,49%,Northeast,<12km/h,2,Sunny
21200625,12,11,,Southeast,,<3,Cloudy
21200625,13,11,,Southeast,,<3,Cloudy
21200625,14,11,,Southeast,,<3,Cloudy
21200625,15,11,,Southeast,,<3,Cloudy
21200625,16,11,,Southeast,,<3,Cloudy
21200625,17,3,,Southeast,,<3,Cloudy
21200625,18,3,,Southeast,,<3,Cloudy
21200625,19,3,,Southeast,,<3,Cloudy
21200625,20,3,,Southeast,,<3,Cloudy
21200625,21,3,,Southeast,,<3,Cloudy
21200625,22,3,,Southeast,,<3,Cloudy
21200625,23,3,,Southeast,,<3,Cloudy
21200626,00,3,,Southeast,,<3,Cloudy
21200626,01,3,,Southeast,,<3,Cloudy
21200626,02,3,,Southeast,,<3,Cloudy
21200626,03,3,,Southeast,,<3,Cloudy
21200626,04,3,,Southeast,,<3,Cloudy
21200626,05,3,,Southeast,,<3,Cloudy
21200626,06,3,94%,Northwest,<12km/h,1,Overcast
21200626,07,13,,Southeast,,<3,Overcast
21200626,08,6,81%,Northwest,<12km/h,2,Sunny
21200626,09,13,,Southeast,,<3,Overcast
21200626,10,13,,Southeast,,<3,Overcast
21200626,11,13,,Southeast,,<3,Overcast
21200626,12,13,,Southeast,,<3,Overcast
21200626,13,13,,Southeast,,<3,Overcast
21200626,14,13,,Southeast,,<3,Overcast
21200626,15,13,,Southeast,,<3,Overcast
21200626,16,13,,Southeast,,<3,Overcast
21200626,17,9,,Southeast,,<3,Overcast
21200626,18,9,,Southeast,,<3,Overcast
21200626,19,9,,Southeast,,<3,Overcast
21200626,20,9,,Southeast,,<3,Overcast
21200626,21,9,,Southeast,,<3,Overcast
21200626,22,9,,Southeast,,<3,Overcast
21200626,23,9,,Southeast,,<3,Overcast
21200627,00,13,,,,<3,Lightrain
21200627,01,13,,,,<3,Lightrain
21200627,02,13,,,,<3,Lightrain
21200627,03,13,,,,<3,Lightrain
21200627,04,13,,,,<3,Lightrain
21200627,05,13,,,,<3,Lightrain
21200627,06,14,98%,South,<12km/h,2,Fog
21200627,07,18,,,,<3,Lightrain
21200627,08,18,,,,<3,Lightrain
21200627,09,18,,,,<3,Lightrain
21200627,10,18,,,,<3,Lightrain
21200627,11,18,,,,<3,Lightrain
21200627,12,18,,,,<3,Lightrain
21200627,13,18,,,,<3,Lightrain
21200627,14,18,,,,<3,Lightrain
21200627,15,18,,,,<3,Lightrain
21200627,16,18,,,,<3,Lightrain
21200627,17,3,,,,3-4,Lightrain
21200627,18,3,,,,3-4,Lightrain
21200627,19,3,,,,3-4,Lightrain
21200627,20,3,,,,3-4,Lightrain
21200627,21,3,,,,3-4,Lightrain
21200627,22,3,,,,3-4,Lightrain
21200627,23,3,,,,3-4,Lightrain
21200628,00,9,,Southeast,,<3,Overcast
21200628,01,9,,Southeast,,<3,Overcast
21200628,02,9,,Southeast,,<3,Overcast
21200628,03,9,,Southeast,,<3,Overcast
21200628,04,10,83%,Quiet,,0,Overcast
21200628,05,9,,Southeast,,<3,Overcast
21200628,06,15,,,,<3,Lightrain
21200628,07,15,,,,<3,Lightrain
21200628,08,10,83%,Quiet,,0,Overcast
21200628,09,15,,,,<3,Lightrain
21200628,10,15,,,,<3,Lightrain
21200628,11,15,,,,<3,Lightrain
21200628,12,15,,,,<3,Lightrain
21200628,13,15,,,,<3,Lightrain
21200628,14,15,,,,<3,Lightrain
21200628,15,15,,,,<3,Lightrain
21200628,16,15,,,,<3,Lightrain
21200628,17,13,88%,Southeast,<12km/h,1,Overcast
21200628,18,11,,,,<3,Lightrain
21200628,19,11,,,,<3,Lightrain
21200628,20,11,,,,<3,Lightrain
21200628,21,11,,,,<3,Lightrain
21200628,22,12,95%,Quiet,,0,Cloudy
21200628,23,12,96%,East,<12km/h,1,Rain
21200629,00,11,,,,<3,Overcast
21200629,01,11,,,,<3,Overcast
21200629,02,12,96%,East,<12km/h,1,Cloudy
21200629,03,11,,,,<3,Overcast
21200629,04,11,,,,<3,Overcast
21200629,05,11,,,,<3,Overcast
21200629,06,16,,,,<3,Lightrain
21200629,07,16,,,,<3,Lightrain
21200629,08,16,,Southeast,,<3,Lightrain
21200629,09,16,,Southeast,,<3,Lightrain
21200629,10,16,,Southeast,,<3,Lightrain
21200629,11,16,,Southeast,,<3,Lightrain
21200629,12,14,95%,East,<12km/h,1,Overcast
21200629,13,16,,Southeast,,<3,Lightrain
21200629,14,16,,Southeast,,<3,Lightrain
21200629,15,16,,Southeast,,<3,Lightrain
21200629,16,16,,Southeast,,<3,Lightrain
21200629,17,12,,Southeast,,<3,Lightrain
21200629,18,12,,Southeast,,<3,Lightrain
21200629,19,12,,Southeast,,<3,Lightrain
21200629,20,12,,Southeast,,<3,Lightrain
21200629,21,12,,Southeast,,<3,Lightrain
21200629,22,14,98%,Quiet,,0,Overcast
21200629,23,12,,Southeast,,<3,Lightrain
