21200501,00,15,88%,Northeast,24-34km/h,5,Sunny
21200501,01,18,,,,3-4,Cloudy
21200501,02,18,,,,3-4,Cloudy
21200501,03,14,87%,Quiet,,0,Sunny
21200501,04,18,67%,Northeast,<12km/h,2,Sunny
21200501,05,15,88%,Northeast,24-34km/h,5,Sunny
21200501,06,15,89%,Northeast,34-44km/h,6,Cloudy
21200501,07,16,86%,Quiet,,0,Cloudy
21200501,08,22,,,,4-5,Cloudy
21200501,09,19,68%,North,44-56km/h,7,Sunny
21200501,10,22,,,,4-5,Cloudy
21200501,11,19,64%,North,44-56km/h,7,Sunny
21200501,12,22,,,,4-5,Cloudy
21200501,13,22,,,,4-5,Cloudy
21200501,14,21,62%,North,34-44km/h,6,Cloudy
21200501,15,22,,,,4-5,Cloudy
21200501,16,22,,,,4-5,Cloudy
21200501,17,18,66%,North,34-44km/h,6,Cloudy
21200501,18,17,,,,3-4,Cloudy
21200501,19,17,68%,North,24-34km/h,5,Sunny
21200501,20,18,69%,North,<12km/h,3,Sunny
21200501,21,17,68%,Northeast,<12km/h,1,Sunny
21200501,22,17,75%,North,<12km/h,2,Sunny
21200501,23,17,73%,West,24-34km/h,5,Sunny
21200502,00,18,,,,<3,Overcast
21200502,01,18,,,,<3,Overcast
21200502,02,16,76%,North,16-24km/h,4,Overcast
21200502,03,18,,,,<3,Overcast
21200502,04,17,72%,Northeast,<12km/h,3,Overcast
21200502,05,18,,,,<3,Overcast
21200502,06,17,71%,Northeast,<12km/h,3,Overcast
21200502,07,15,87%,North,<12km/h,3,Overcast
21200502,08,20,,,,3-4,Lightrain
21200502,09,18,71%,North,16-24km/h,4,Overcast
21200502,10,20,,,,3-4,Lightrain
21200502,11,18,66%,North,<12km/h,2,Overcast
21200502,12,19,61%,Northwest,<12km/h,2,Overcast
21200502,13,19,62%,North,<12km/h,2,Overcast
21200502,14,18,65%,North,<12km/h,2,Overcast
21200502,15,18,64%,North,<12km/h,2,Overcast
21200502,16,18,65%,North,24-34km/h,5,Overcast
21200502,17,17,71%,Northeast,<12km/h,2,Overcast
21200502,18,16,,,,4-5,Lightrain
21200502,19,17,64%,North,<12km/h,2,Overcast
21200502,20,17,65%,North,<12km/h,2,Overcast
21200502,21,16,,,,4-5,Lightrain
21200502,22,16,,,,4-5,Lightrain
21200502,23,16,84%,North,24-34km/h,5,Overcast
21200503,00,16,75%,North,<12km/h,2,Overcast
21200503,01,16,78%,Northwest,<12km/h,1,Overcast
21200503,02,16,84%,North,<12km/h,2,Cloudy
21200503,03,15,71%,Northeast,34-44km/h,6,Cloudy
21200503,04,15,69%,North,24-34km/h,5,Cloudy
21200503,05,15,85%,North,<12km/h,3,Rain
21200503,06,15,74%,North,<12km/h,3,Rain
21200503,07,15,60%,North,<12km/h,3,Cloudy
21200503,08,19,,,,4-5,Cloudy
21200503,09,17,62%,Northwest,<12km/h,2,Cloudy
21200503,10,17,57%,North,16-24km/h,4,Cloudy
21200503,11,17,51%,Southwest,<12km/h,3,Cloudy
21200503,12,17,58%,North,24-34km/h,5,Sunny
21200503,13,18,55%,Northwest,<12km/h,2,Cloudy
21200503,14,16,57%,Northwest,<12km/h,3,Sunny
21200503,15,17,49%,North,<12km/h,2,Rain
21200503,16,19,,,,4-5,Cloudy
21200503,17,16,,,,3-4,Cloudy
21200503,18,15,,,,3-4,Cloudy
21200503,19,13,68%,Northeast,<12km/h,2,Cloudy
21200503,20,14,61%,North,16-24km/h,4,Sunny
21200503,21,12,73%,North,<12km/h,1,Sunny
21200503,22,12,77%,North,<12km/h,1,Sunny
21200503,23,15,,,,3-4,Cloudy
21200504,00,12,89%,Quiet,,0,Sunny
21200504,01,17,,Southeast,,<3,Sunny
21200504,02,12,95%,North,<12km/h,2,Sunny
21200504,03,12,96%,Northeast,<12km/h,1,Sunny
21200504,04,11,97%,South,<12km/h,1,Sunny
21200504,05,17,,Southeast,,<3,Sunny
21200504,06,11,94%,Northeast,<12km/h,1,Sunny
21200504,07,12,84%,Northwest,<12km/h,1,Sunny
21200504,08,20,,Southeast,,<3,Sunny
21200504,09,20,,Southeast,,<3,Sunny
21200504,10,20,28%,Northwest,<12km/h,2,Sunny
21200504,11,21,22%,Northwest,<12km/h,2,Sunny
21200504,12,21,24%,North,<12km/h,2,Sunny
21200504,13,21,25%,North,<12km/h,2,Sunny
21200504,14,21,27%,North,<12km/h,2,Sunny
21200504,15,20,,Southeast,,<3,Sunny
21200504,16,20,25%,Northwest,<12km/h,1,Sunny
21200504,17,16,46%,Northeast,<12km/h,1,Sunny
21200504,18,13,54%,North,<12km/h,1,Sunny
21200504,19,13,57%,Quiet,,0,Sunny
21200504,20,12,61%,Northwest,<12km/h,1,Sunny
21200504,21,15,79%,Northeast,<12km/h,2,Sunny
21200504,22,16,,Southeast,,<3,Overcast
21200504,23,16,,Southeast,,<3,Overcast
21200505,00,11,83%,Northwest,<12km/h,2,Sunny
21200505,01,16,,Southeast,,<3,Overcast
21200505,02,16,,Southeast,,<3,Overcast
21200505,03,16,69%,East,<12km/h,3,Sunny
21200505,04,13,94%,North,<12km/h,1,Sunny
21200505,05,13,93%,Northeast,<12km/h,1,Sunny
21200505,06,13,94%,Northwest,<12km/h,1,Overcast
21200505,07,13,94%,Northeast,<12km/h,1,Overcast
21200505,08,16,84%,Quiet,,0,Overcast
21200505,09,19,63%,Southeast,<12km/h,2,Overcast
21200505,10,19,63%,Southeast,<12km/h,2,Overcast
21200505,11,20,,Southeast,,<3,Overcast
21200505,12,19,62%,Southeast,<12km/h,2,Overcast
21200505,13,19,62%,Southeast,<12km/h,2,Overcast
21200505,14,19,67%,South,<12km/h,2,Overcast
21200505,15,21,,Southeast,,<3,Overcast
21200505,16,21,,Southeast,,<3,Overcast
21200505,17,18,,,,<3,Cloudy
21200505,18,16,88%,East,<12km/h,1,Cloudy
21200505,19,16,89%,Northeast,<12km/h,1,Cloudy
21200505,20,18,,,,<3,Cloudy
21200505,21,17,83%,Quiet,,0,Sunny
21200505,22,18,,,,<3,Cloudy
21200505,23,18,,,,<3,Cloudy
21200506,00,7,,,,5-6,Overcast
21200506,01,7,64%,West,<12km/h,3,Overcast
21200506,02,7,,,,5-6,Overcast
21200506,03,7,,,,5-6,Overcast
21200506,04,7,,,,5-6,Overcast
21200506,05,7,,,,5-6,Overcast
21200506,06,6,69%,Northwest,<12km/h,2,Cloudy
21200506,07,8,,,,4-5,Overcast
21200506,08,7,,,,4-5,Overcast
21200506,09,8,,,,4-5,Overcast
21200506,10,8,,,,4-5,Overcast
21200506,11,8,,,,4-5,Overcast
21200506,12,7,,,,4-5,Overcast
21200506,13,8,,,,4-5,Overcast
21200506,14,8,,,,4-5,Overcast
21200506,15,8,,,,4-5,Overcast
21200506,16,8,,,,4-5,Overcast
21200506,17,5,74%,Northwest,16-24km/h,4,Cloudy
21200506,18,7,,,,3-4,Overcast
21200506,19,7,,,,3-4,Overcast
21200506,20,6,,,,3-4,Overcast
21200506,21,7,,,,3-4,Overcast
21200506,22,7,,,,3-4,Overcast
21200506,23,7,,,,3-4,Overcast
21200507,00,16,43%,Northwest,<12km/h,2,Cloudy
21200507,01,15,40%,North,<12km/h,2,Cloudy
21200507,02,15,,Southeast,,5-6,Cloudy
21200507,03,15,58%,North,34-44km/h,6,Sunny
21200507,04,15,,Southeast,,5-6,Cloudy
21200507,05,14,59%,North,<12km/h,3,Sunny
21200507,06,14,50%,Northeast,<12km/h,2,Sunny
21200507,07,14,49%,North,<12km/h,2,Sunny
21200507,08,15,41%,Northeast,<12km/h,2,Sunny
21200507,09,16,38%,Northeast,<12km/h,2,Sunny
21200507,10,15,46%,North,<12km/h,3,Sunny
21200507,11,15,45%,Northeast,24-34km/h,5,Sunny
21200507,12,15,44%,Northeast,16-24km/h,4,Sunny
21200507,13,17,37%,Northeast,<12km/h,2,Sunny
21200507,14,17,,Southeast,,3-4,Cloudy
21200507,15,17,,Southeast,,3-4,Cloudy
21200507,16,16,,Southeast,,3-4,Cloudy
21200507,17,14,,Southeast,,<3,Sunny
21200507,18,12,62%,North,<12km/h,1,Sunny
21200507,19,11,67%,Northeast,<12km/h,1,Sunny
21200507,20,11,68%,North,<12km/h,1,Sunny
21200507,21,13,52%,Southeast,<12km/h,2,Sunny
21200507,22,14,,Southeast,,<3,Sunny
21200507,23,14,,Southeast,,<3,Sunny
21200508,00,14,53%,South,<12km/h,3,Sunny
21200508,01,14,,Southeast,,<3,Sunny
21200508,02,9,86%,Northwest,<12km/h,2,Sunny
21200508,03,9,89%,North,<12km/h,1,Sunny
21200508,04,9,91%,North,<12km/h,1,Sunny
21200508,05,9,94%,Northeast,<12km/h,1,Sunny
21200508,06,9,96%,Northwest,<12km/h,1,Sunny
21200508,07,15,59%,South,<12km/h,3,Sunny
21200508,08,14,74%,Quiet,,0,Sunny
21200508,09,17,58%,South,<12km/h,2,Sunny
21200508,10,18,55%,South,16-24km/h,4,Sunny
21200508,11,18,53%,South,24-34km/h,5,Sunny
21200508,12,18,57%,South,<12km/h,3,Sunny
21200508,13,19,,,,3-4,Sunny
21200508,14,18,,,,3-4,Sunny
21200508,15,19,54%,Southeast,<12km/h,2,Sunny
21200508,16,17,62%,South,16-24km/h,4,Sunny
21200508,17,17,64%,Southeast,<12km/h,2,Sunny
21200508,18,17,67%,Southeast,<12km/h,2,Sunny
21200508,19,17,70%,South,24-34km/h,5,Sunny
21200508,20,17,68%,South,<12km/h,3,Sunny
21200508,21,17,67%,South,<12km/h,2,Sunny
21200508,22,17,68%,South,<12km/h,2,Sunny
21200508,23,17,69%,South,<12km/h,3,Sunny
21200509,00,14,92%,Northeast,<12km/h,3,Sunny
21200509,01,14,94%,Quiet,,0,Sunny
21200509,02,14,96%,Quiet,,0,Sunny
21200509,03,14,96%,Quiet,,0,Sunny
21200509,04,18,74%,East,<12km/h,3,Sunny
21200509,05,18,,,,<3,Sunny
21200509,06,18,73%,East,<12km/h,3,Cloudy
21200509,07,14,96%,Northeast,<12km/h,2,Cloudy
21200509,08,18,81%,Quiet,,0,Cloudy
21200509,09,21,58%,Northeast,<12km/h,3,Cloudy
21200509,10,21,,,,<3,Cloudy
21200509,11,22,,,,<3,Cloudy
21200509,12,22,55%,Northeast,<12km/h,2,Cloudy
21200509,13,21,61%,East,<12km/h,2,Cloudy
21200509,14,22,54%,Northeast,<12km/h,2,Cloudy
21200509,15,21,56%,Northeast,<12km/h,2,Cloudy
21200509,16,20,61%,Northeast,<12km/h,3,Cloudy
21200509,17,18,,,,<3,Cloudy
21200509,18,17,77%,Northeast,<12km/h,3,Cloudy
21200509,19,16,84%,Quiet,,0,Cloudy
21200509,20,16,88%,Quiet,,0,Sunny
21200509,21,15,90%,Northeast,<12km/h,3,Sunny
21200509,22,15,89%,Northeast,<12km/h,2,Sunny
21200509,23,16,90%,North,<12km/h,2,Sunny
21200510,00,17,,Southeast,,3-4,Overcast
21200510,01,17,75%,South,24-34km/h,5,Sunny
21200510,02,16,,Southeast,,3-4,Overcast
21200510,03,16,74%,Southwest,<12km/h,1,Sunny
21200510,04,16,77%,Southwest,<12km/h,3,Sunny
21200510,05,16,82%,South,<12km/h,2,Sunny
21200510,06,16,77%,South,16-24km/h,4,Cloudy
21200510,07,15,82%,Southeast,<12km/h,2,Sunny
21200510,08,18,67%,South,<12km/h,2,Sunny
21200510,09,19,63%,South,<12km/h,3,Sunny
21200510,10,20,59%,Southeast,<12km/h,3,Sunny
21200510,11,21,53%,Southeast,<12km/h,2,Sunny
21200510,12,21,,,,3-4,Cloudy
21200510,13,20,70%,South,24-34km/h,5,Sunny
21200510,14,21,53%,South,<12km/h,3,Sunny
21200510,15,21,60%,South,<12km/h,3,Sunny
21200510,16,20,65%,Southeast,<12km/h,3,Sunny
21200510,17,18,,,,3-4,Cloudy
21200510,18,19,,,,3-4,Cloudy
21200510,19,19,86%,South,34-44km/h,6,Sunny
21200510,20,19,82%,South,<12km/h,2,Cloudy
21200510,21,18,,,,3-4,Cloudy
21200510,22,19,83%,Southeast,<12km/h,2,Cloudy
21200510,23,19,78%,South,<12km/h,2,Sunny
21200511,00,18,,,,3-4,Cloudy
21200511,01,18,,,,3-4,Cloudy
21200511,02,18,84%,East,<12km/h,2,Sunny
21200511,03,18,87%,East,<12km/h,2,Sunny
21200511,04,18,89%,Southeast,<12km/h,2,Sunny
21200511,05,18,,,,3-4,Cloudy
21200511,06,23,,,,3-4,Cloudy
21200511,07,20,88%,South,<12km/h,2,Sunny
21200511,08,21,83%,South,<12km/h,3,Cloudy
21200511,09,23,,,,3-4,Cloudy
21200511,10,22,81%,South,<12km/h,2,Sunny
21200511,11,24,73%,South,<12km/h,3,Sunny
21200511,12,23,74%,Southeast,<12km/h,3,Sunny
21200511,13,24,66%,South,<12km/h,3,Sunny
21200511,14,24,74%,Southeast,<12km/h,3,Sunny
21200511,15,22,84%,South,24-34km/h,5,Sunny
21200511,16,22,84%,Southeast,<12km/h,2,Sunny
21200511,17,21,89%,East,<12km/h,2,Sunny
21200511,18,21,93%,Southeast,<12km/h,1,Sunny
21200511,19,21,95%,East,<12km/h,1,Sunny
21200511,20,16,,,,5-6,Overcast
21200511,21,21,96%,North,<12km/h,1,Cloudy
21200511,22,16,,,,5-6,Overcast
21200511,23,20,97%,Northwest,<12km/h,2,Cloudy
21200512,00,18,89%,North,44-56km/h,7,Cloudy
21200512,01,19,79%,Northwest,<12km/h,3,Cloudy
21200512,02,18,77%,Northwest,<12km/h,3,Cloudy
21200512,03,16,,,,5-6,Overcast
21200512,04,14,97%,North,16-24km/h,4,Rain
21200512,05,13,97%,North,<12km/h,2,Overcast
21200512,06,14,83%,North,<12km/h,3,Overcast
21200512,07,14,81%,North,<12km/h,2,Overcast
21200512,08,13,86%,Northwest,34-44km/h,6,Overcast
21200512,09,13,90%,Northwest,<12km/h,2,Overcast
21200512,10,12,82%,North,24-34km/h,5,Overcast
21200512,11,13,68%,Northwest,<12km/h,3,Overcast
21200512,12,12,72%,Northwest,<12km/h,3,Overcast
21200512,13,17,,,,5-6,Overcast
21200512,14,12,76%,Northwest,<12km/h,1,Overcast
21200512,15,12,75%,Northwest,<12km/h,3,Overcast
21200512,16,12,75%,North,<12km/h,2,Overcast
21200512,17,12,59%,Northwest,34-44km/h,6,Overcast
21200512,18,11,,,,5-6,Overcast
21200512,19,12,63%,Northwest,<12km/h,2,Overcast
21200512,20,11,63%,North,<12km/h,2,Overcast
21200512,21,11,65%,North,<12km/h,1,Overcast
21200512,22,11,61%,Northwest,<12km/h,2,Overcast
21200512,23,9,62%,Northwest,16-24km/h,4,Cloudy
21200513,00,15,79%,Quiet,,0,Cloudy
21200513,01,15,81%,Quiet,,0,Cloudy
21200513,02,17,,,,3-4,Lightrain
21200513,03,15,74%,Quiet,,0,Cloudy
21200513,04,17,,,,3-4,Lightrain
21200513,05,15,76%,Quiet,,0,Cloudy
21200513,06,15,76%,Northeast,34-44km/h,6,Cloudy
21200513,07,15,83%,Quiet,,0,Cloudy
21200513,08,18,70%,Northeast,16-24km/h,4,Cloudy
21200513,09,21,,,,<3,Overcast
21200513,10,21,61%,Northeast,16-24km/h,4,Cloudy
21200513,11,21,,,,<3,Overcast
21200513,12,20,59%,Quiet,,0,Cloudy
21200513,13,21,62%,Quiet,,0,Cloudy
21200513,14,21,,,,<3,Overcast
21200513,15,19,64%,Northeast,16-24km/h,4,Cloudy
21200513,16,20,64%,Northeast,<12km/h,1,Cloudy
21200513,17,18,67%,North,<12km/h,3,Cloudy
21200513,18,17,72%,Northeast,<12km/h,3,Cloudy
21200513,19,16,72%,North,<12km/h,3,Cloudy
21200513,20,16,80%,North,<12km/h,3,Overcast
21200513,21,18,,,,<3,Overcast
21200513,22,16,81%,North,<12km/h,3,Overcast
21200513,23,15,86%,North,<12km/h,3,Overcast
21200514,00,9,59%,North,<12km/h,2,Sunny
21200514,01,9,55%,North,<12km/h,2,Sunny
21200514,02,9,64%,Northwest,<12km/h,3,Cloudy
21200514,03,8,46%,North,<12km/h,2,Sunny
21200514,04,11,,,,5-6,Overcast
21200514,05,8,55%,North,<12km/h,3,Cloudy
21200514,06,16,,,,4-5,Overcast
21200514,07,16,,,,4-5,Overcast
21200514,08,10,56%,North,<12km/h,2,Overcast
21200514,09,11,55%,Northwest,<12km/h,3,Overcast
21200514,10,12,53%,Northwest,<12km/h,3,Overcast
21200514,11,12,55%,Northwest,<12km/h,2,Cloudy
21200514,12,12,51%,North,24-34km/h,5,Cloudy
21200514,13,13,50%,Northwest,<12km/h,2,Cloudy
21200514,14,13,53%,North,<12km/h,2,Cloudy
21200514,15,13,49%,North,16-24km/h,4,Cloudy
21200514,16,12,53%,North,34-44km/h,6,Cloudy
21200514,17,12,53%,North,<12km/h,2,Cloudy
21200514,18,12,53%,North,<12km/h,2,Cloudy
21200514,19,13,,,,4-5,Overcast
21200514,20,13,,,,4-5,Overcast
21200514,21,13,,,,4-5,Overcast
21200514,22,13,,,,4-5,Overcast
21200514,23,12,56%,North,<12km/h,2,Overcast
21200515,00,12,57%,North,<12km/h,2,Overcast
21200515,01,12,55%,Northeast,24-34km/h,5,Cloudy
21200515,02,12,58%,North,<12km/h,1,Overcast
21200515,03,12,58%,North,<12km/h,2,Overcast
21200515,04,12,56%,Northeast,16-24km/h,4,Cloudy
21200515,05,12,55%,North,24-34km/h,5,Cloudy
21200515,06,12,56%,North,<12km/h,2,Overcast
21200515,07,12,57%,Northeast,<12km/h,2,Overcast
21200515,08,13,57%,Northeast,16-24km/h,4,Overcast
21200515,09,14,52%,North,<12km/h,2,Overcast
21200515,10,14,54%,North,<12km/h,1,Overcast
21200515,11,17,,,,3-4,Overcast
21200515,12,14,55%,Northeast,<12km/h,2,Overcast
21200515,13,15,48%,Northeast,<12km/h,2,Cloudy
21200515,14,14,57%,Northeast,<12km/h,2,Overcast
21200515,15,14,58%,Northeast,<12km/h,1,Overcast
21200515,16,14,58%,North,<12km/h,2,Overcast
21200515,17,14,57%,North,<12km/h,1,Overcast
21200515,18,14,61%,North,<12km/h,1,Overcast
21200515,19,15,,,,3-4,Overcast
21200515,20,15,,,,3-4,Overcast
21200515,21,14,59%,Northeast,16-24km/h,4,Overcast
21200515,22,12,73%,Northeast,<12km/h,1,Overcast
21200515,23,12,74%,North,<12km/h,2,Overcast
21200516,00,14,62%,North,16-24km/h,4,Cloudy
21200516,01,15,,,,3-4,Cloudy
21200516,02,13,62%,North,<12km/h,3,Cloudy
21200516,03,12,62%,North,<12km/h,2,Sunny
21200516,04,15,,,,3-4,Cloudy
21200516,05,11,71%,Northwest,<12km/h,1,Sunny
21200516,06,10,85%,North,<12km/h,1,Cloudy
21200516,07,10,88%,Quiet,,0,Cloudy
21200516,08,19,,,,3-4,Cloudy
21200516,09,16,62%,North,<12km/h,2,Cloudy
21200516,10,19,51%,Southwest,<12km/h,1,Overcast
21200516,11,19,,,,3-4,Cloudy
21200516,12,18,54%,Northwest,<12km/h,2,Sunny
21200516,13,17,58%,North,<12km/h,3,Sunny
21200516,14,18,56%,North,<12km/h,3,Sunny
21200516,15,18,45%,East,<12km/h,2,Sunny
21200516,16,15,64%,Northwest,<12km/h,3,Sunny
21200516,17,15,66%,Northwest,<12km/h,2,Sunny
21200516,18,16,,,,<3,Cloudy
21200516,19,12,83%,East,<12km/h,1,Sunny
21200516,20,11,86%,North,<12km/h,1,Cloudy
21200516,21,16,,,,<3,Cloudy
21200516,22,15,67%,North,<12km/h,3,Cloudy
21200516,23,16,,,,<3,Cloudy
21200517,00,12,70%,North,<12km/h,1,Overcast
21200517,01,15,,,,3-4,Overcast
21200517,02,12,77%,North,<12km/h,1,Cloudy
21200517,03,12,80%,North,<12km/h,1,Cloudy
21200517,04,13,71%,Northeast,<12km/h,2,Cloudy
21200517,05,15,,,,3-4,Overcast
21200517,06,13,70%,Northeast,<12km/h,1,Overcast
21200517,07,13,78%,Northeast,<12km/h,1,Overcast
21200517,08,14,75%,Quiet,,0,Overcast
21200517,09,19,,,,3-4,Overcast
21200517,10,16,56%,East,<12km/h,3,Overcast
21200517,11,16,64%,Northeast,16-24km/h,4,Cloudy
21200517,12,18,59%,East,<12km/h,2,Overcast
21200517,13,18,63%,Northeast,<12km/h,1,Overcast
21200517,14,17,65%,East,16-24km/h,4,Cloudy
21200517,15,17,67%,Northeast,<12km/h,2,Overcast
21200517,16,17,70%,East,<12km/h,2,Overcast
21200517,17,16,78%,North,<12km/h,1,Cloudy
21200517,18,16,78%,Southwest,<12km/h,1,Cloudy
21200517,19,16,,,,<3,Overcast
21200517,20,14,96%,Northwest,<12km/h,1,Cloudy
21200517,21,16,,,,<3,Lightrain
21200517,22,14,100%,Quiet,,0,Cloudy
21200517,23,16,,,,<3,Lightrain
21200518,00,14,100%,Quiet,,0,Cloudy
21200518,01,17,90%,Northeast,<12km/h,3,Cloudy
21200518,02,14,100%,North,<12km/h,1,Sunny
21200518,03,16,,,,<3,Lightrain
21200518,04,15,98%,North,<12km/h,2,Sunny
21200518,05,16,93%,Quiet,,0,Sunny
21200518,06,21,,,,3-4,Cloudy
21200518,07,18,96%,East,<12km/h,3,Cloudy
21200518,08,19,95%,Northeast,<12km/h,3,Cloudy
21200518,09,20,,,,<3,Overcast
21200518,10,18,90%,West,<12km/h,2,Cloudy
21200518,11,21,,,,3-4,Cloudy
21200518,12,19,91%,West,<12km/h,1,Overcast
21200518,13,19,87%,West,<12km/h,1,Overcast
21200518,14,20,82%,Quiet,,0,Cloudy
21200518,15,21,79%,East,<12km/h,2,Cloudy
21200518,16,19,83%,South,<12km/h,2,Cloudy
21200518,17,18,88%,Quiet,,0,Cloudy
21200518,18,18,91%,Southwest,<12km/h,1,Cloudy
21200518,19,17,94%,South,<12km/h,1,Cloudy
21200518,20,17,97%,Quiet,,0,Cloudy
21200518,21,18,,,,<3,Overcast
21200518,22,18,97%,East,<12km/h,3,Cloudy
21200518,23,17,100%,Southwest,<12km/h,1,Cloudy
21200519,00,17,100%,Southeast,<12km/h,1,Cloudy
21200519,01,18,,,,<3,Overcast
21200519,02,17,100%,Quiet,,0,Overcast
21200519,03,17,100%,Quiet,,0,Fog
21200519,04,17,100%,Quiet,,0,Fog
21200519,05,17,100%,Northeast,<12km/h,2,Fog
21200519,06,18,100%,Northeast,<12km/h,1,Rain
21200519,07,18,100%,East,<12km/h,1,Cloudy
21200519,08,21,,,,<3,Lightrain
21200519,09,19,98%,Quiet,,0,Rain
21200519,10,19,98%,Quiet,,0,Rain
21200519,11,19,100%,Northeast,<12km/h,1,Rain
21200519,12,19,97%,Southeast,24-34km/h,5,Cloudy
21200519,13,19,100%,Northeast,<12km/h,2,Rain
21200519,14,20,98%,Northeast,<12km/h,2,Rain
21200519,15,19,98%,East,<12km/h,3,Cloudy
21200519,16,19,98%,Northeast,<12km/h,2,Overcast
21200519,17,19,99%,Northeast,<12km/h,1,Rain
21200519,18,19,100%,Northeast,<12km/h,1,Overcast
21200519,19,19,99%,East,<12km/h,2,Overcast
21200519,20,18,,,,3-4,Lightrain
21200519,21,18,100%,East,<12km/h,2,Overcast
21200519,22,19,99%,North,<12km/h,1,Rain
21200519,23,18,100%,Northeast,<12km/h,1,Overcast
21200520,00,17,,,,3-4,Cloudy
21200520,01,17,80%,South,<12km/h,2,Cloudy
21200520,02,16,73%,Northwest,<12km/h,2,Sunny
21200520,03,16,72%,Northwest,<12km/h,2,Sunny
21200520,04,17,,,,3-4,Cloudy
21200520,05,16,80%,Quiet,,0,Sunny
21200520,06,15,80%,Quiet,,0,Sunny
21200520,07,16,78%,Quiet,,0,Sunny
21200520,08,15,76%,Northwest,<12km/h,2,Cloudy
21200520,09,18,67%,West,<12km/h,3,Sunny
21200520,10,19,62%,West,<12km/h,3,Sunny
21200520,11,20,60%,West,<12km/h,3,Sunny
21200520,12,19,59%,West,<12km/h,3,Sunny
21200520,13,20,,,,3-4,Cloudy
21200520,14,20,57%,West,<12km/h,3,Sunny
21200520,15,18,66%,North,24-34km/h,5,Sunny
21200520,16,18,62%,Southwest,<12km/h,3,Sunny
21200520,17,17,68%,West,24-34km/h,5,Sunny
21200520,18,16,69%,Southeast,<12km/h,1,Sunny
21200520,19,17,,,,3-4,Lightrain
21200520,20,17,,,,3-4,Lightrain
21200520,21,15,76%,Northeast,24-34km/h,5,Sunny
21200520,22,17,,,,3-4,Lightrain
21200520,23,17,,,,3-4,Lightrain
21200521,00,18,97%,Northeast,<12km/h,1,Overcast
21200521,01,18,,,,3-4,Lightrain
21200521,02,18,100%,North,<12km/h,2,Overcast
21200521,03,18,100%,Northwest,<12km/h,2,Fog
21200521,04,18,97%,North,<12km/h,1,Overcast
21200521,05,18,98%,North,<12km/h,1,Overcast
21200521,06,17,99%,Northwest,<12km/h,1,Overcast
21200521,07,18,98%,Northwest,<12km/h,1,Overcast
21200521,08,18,97%,North,<12km/h,2,Overcast
21200521,09,18,97%,Northwest,<12km/h,1,Overcast
21200521,10,19,93%,North,<12km/h,1,Overcast
21200521,11,19,89%,North,<12km/h,2,Cloudy
21200521,12,20,82%,North,<12km/h,2,Cloudy
21200521,13,21,,,,4-5,Overcast
21200521,14,18,99%,North,16-24km/h,4,Fog
21200521,15,21,73%,Northwest,<12km/h,2,Overcast
21200521,16,19,80%,North,<12km/h,2,Overcast
21200521,17,16,100%,North,24-34km/h,5,Cloudy
21200521,18,17,99%,North,34-44km/h,6,Cloudy
21200521,19,18,89%,Northeast,<12km/h,2,Cloudy
21200521,20,17,98%,North,34-44km/h,6,Overcast
21200521,21,16,98%,North,16-24km/h,4,Rain
21200521,22,16,98%,North,16-24km/h,4,Rain
21200521,23,16,97%,North,16-24km/h,4,Overcast
21200522,00,15,97%,North,24-34km/h,5,Rain
21200522,01,13,89%,North,44-56km/h,7,Overcast
21200522,02,13,96%,North,16-24km/h,4,Overcast
21200522,03,12,95%,North,<12km/h,2,Rain
21200522,04,12,93%,North,16-24km/h,4,Rain
21200522,05,12,74%,North,44-56km/h,7,Overcast
21200522,06,14,85%,North,<12km/h,3,Overcast
21200522,07,11,74%,North,44-56km/h,7,Overcast
21200522,08,11,76%,North,<12km/h,3,Overcast
21200522,09,11,70%,North,44-56km/h,7,Overcast
21200522,10,15,,,,5-6,Overcast
21200522,11,11,68%,North,<12km/h,2,Overcast
21200522,12,11,71%,North,<12km/h,3,Overcast
21200522,13,11,68%,North,<12km/h,3,Overcast
21200522,14,11,72%,North,24-34km/h,5,Overcast
21200522,15,10,79%,North,<12km/h,2,Overcast
21200522,16,10,73%,North,34-44km/h,6,Overcast
21200522,17,9,86%,West,<12km/h,2,Overcast
21200522,18,9,92%,North,<12km/h,2,Overcast
21200522,19,9,88%,North,<12km/h,3,Overcast
21200522,20,12,,,,4-5,Overcast
21200522,21,10,82%,North,<12km/h,1,Overcast
21200522,22,10,83%,Northwest,24-34km/h,5,Overcast
21200522,23,10,85%,Northwest,<12km/h,2,Overcast
21200523,00,10,94%,North,<12km/h,1,Sunny
21200523,01,11,93%,Northeast,<12km/h,1,Sunny
21200523,02,16,,,,<3,Cloudy
21200523,03,11,91%,North,<12km/h,1,Sunny
21200523,04,16,,,,<3,Cloudy
21200523,05,20,,,,<3,Cloudy
21200523,06,20,,,,<3,Cloudy
21200523,07,20,,,,<3,Cloudy
21200523,08,19,,,,<3,Cloudy
21200523,09,20,,,,<3,Cloudy
21200523,10,19,50%,Quiet,,0,Overcast
21200523,11,20,44%,South,<12km/h,1,Overcast
21200523,12,20,37%,Southwest,<12km/h,2,Sunny
21200523,13,20,40%,South,<12km/h,2,Sunny
21200523,14,20,,,,<3,Cloudy
21200523,15,20,,,,<3,Cloudy
21200523,16,20,43%,Southwest,<12km/h,1,Sunny
21200523,17,17,62%,Quiet,,0,Sunny
21200523,18,14,71%,North,<12km/h,1,Sunny
21200523,19,13,79%,Northeast,<12km/h,1,Sunny
21200523,20,17,,Southeast,,<3,Sunny
21200523,21,13,86%,East,<12km/h,1,Cloudy
21200523,22,13,89%,Quiet,,0,Cloudy
21200523,23,18,59%,Northwest,<12km/h,3,Sunny
21200524,00,10,88%,Northwest,<12km/h,3,Overcast
21200524,01,10,82%,North,<12km/h,1,Overcast
21200524,02,10,84%,Northwest,16-24km/h,4,Overcast
21200524,03,10,82%,Northwest,<12km/h,1,Overcast
21200524,04,10,83%,Northwest,<12km/h,1,Overcast
21200524,05,10,84%,North,<12km/h,2,Cloudy
21200524,06,10,84%,Northwest,<12km/h,1,Overcast
21200524,07,11,68%,North,16-24km/h,4,Overcast
21200524,08,12,68%,North,16-24km/h,4,Overcast
21200524,09,11,81%,Northwest,<12km/h,1,Overcast
21200524,10,12,75%,North,<12km/h,1,Overcast
21200524,11,13,63%,Northwest,<12km/h,3,Overcast
21200524,12,12,77%,Northwest,<12km/h,1,Overcast
21200524,13,12,75%,Quiet,,0,Overcast
21200524,14,12,84%,West,<12km/h,2,Overcast
21200524,15,12,80%,North,<12km/h,1,Overcast
21200524,16,12,70%,North,<12km/h,1,Overcast
21200524,17,12,71%,North,<12km/h,2,Overcast
21200524,18,12,73%,North,<12km/h,2,Overcast
21200524,19,12,77%,North,24-34km/h,5,Rain
21200524,20,12,74%,North,<12km/h,2,Overcast
21200524,21,13,,,,4-5,Overcast
21200524,22,12,76%,North,<12km/h,2,Overcast
21200524,23,12,78%,North,<12km/h,2,Overcast
21200525,00,12,77%,Northwest,<12km/h,3,Overcast
21200525,01,12,77%,North,<12km/h,1,Overcast
21200525,02,12,76%,North,<12km/h,2,Overcast
21200525,03,12,79%,North,<12km/h,2,Overcast
21200525,04,12,79%,North,<12km/h,2,Overcast
21200525,05,12,80%,North,<12km/h,2,Overcast
21200525,06,13,74%,North,24-34km/h,5,Overcast
21200525,07,10,84%,North,<12km/h,2,Overcast
21200525,08,13,72%,North,24-34km/h,5,Rain
21200525,09,13,77%,North,<12km/h,2,Overcast
21200525,10,13,72%,North,<12km/h,3,Overcast
21200525,11,13,82%,North,24-34km/h,5,Overcast
21200525,12,13,86%,North,<12km/h,2,Overcast
21200525,13,11,93%,North,<12km/h,3,Overcast
21200525,14,12,88%,North,<12km/h,3,Overcast
21200525,15,11,96%,North,<12km/h,3,Overcast
21200525,16,11,96%,North,<12km/h,3,Rain
21200525,17,10,95%,North,34-44km/h,6,Rain
21200525,18,11,94%,North,24-34km/h,5,Rain
21200525,19,10,91%,North,16-24km/h,4,Rain
21200525,20,10,92%,North,<12km/h,3,Rain
21200525,21,10,95%,North,16-24km/h,4,Rain
21200525,22,10,97%,Northwest,24-34km/h,5,Rain
21200525,23,10,93%,North,<12km/h,2,Rain
21200526,00,11,80%,North,34-44km/h,6,Rain
21200526,01,12,,,,5-6,Lightrain
21200526,02,11,67%,North,16-24km/h,4,Rain
21200526,03,10,83%,North,<12km/h,3,Rain
21200526,04,11,71%,North,<12km/h,3,Overcast
21200526,05,10,74%,North,<12km/h,3,Cloudy
21200526,06,10,73%,North,<12km/h,3,Overcast
21200526,07,10,71%,North,16-24km/h,4,Overcast
21200526,08,10,72%,Northwest,34-44km/h,6,Overcast
21200526,09,11,62%,North,<12km/h,3,Cloudy
21200526,10,11,68%,Northwest,24-34km/h,5,Overcast
21200526,11,11,64%,Northwest,<12km/h,2,Cloudy
21200526,12,11,60%,North,<12km/h,3,Cloudy
21200526,13,11,64%,North,<12km/h,2,Cloudy
21200526,14,11,62%,North,<12km/h,3,Cloudy
21200526,15,11,66%,North,24-34km/h,5,Cloudy
21200526,16,14,,,,5-6,Overcast
21200526,17,10,63%,North,<12km/h,3,Cloudy
21200526,18,12,,,,4-5,Overcast
21200526,19,12,,,,4-5,Overcast
21200526,20,12,,,,4-5,Overcast
21200526,21,12,,,,4-5,Overcast
21200526,22,12,,,,4-5,Overcast
21200526,23,12,,,,4-5,Overcast
21200527,00,18,77%,Southeast,<12km/h,3,Cloudy
21200527,01,18,,,,<3,Cloudy
21200527,02,18,80%,Southeast,<12km/h,1,Cloudy
21200527,03,18,,,,<3,Cloudy
21200527,04,18,,,,<3,Cloudy
21200527,05,19,88%,South,16-24km/h,4,Overcast
21200527,06,19,86%,South,<12km/h,3,Overcast
21200527,07,21,,,,4-5,Cloudy
21200527,08,18,89%,North,<12km/h,1,Cloudy
21200527,09,19,76%,West,<12km/h,3,Overcast
21200527,10,18,75%,West,<12km/h,3,Overcast
21200527,11,18,85%,Northwest,16-24km/h,4,Cloudy
21200527,12,20,,,,4-5,Cloudy
21200527,13,19,64%,West,<12km/h,3,Cloudy
21200527,14,21,,,,4-5,Cloudy
21200527,15,18,78%,Northwest,16-24km/h,4,Sunny
21200527,16,19,59%,Northwest,<12km/h,3,Sunny
21200527,17,18,60%,Northwest,<12km/h,3,Sunny
21200527,18,17,71%,Northwest,16-24km/h,4,Sunny
21200527,19,17,63%,Northwest,<12km/h,2,Sunny
21200527,20,17,60%,Northwest,<12km/h,3,Sunny
21200527,21,18,57%,Northwest,<12km/h,3,Sunny
21200527,22,15,,Southeast,,5-6,Cloudy
21200527,23,16,54%,North,34-44km/h,6,Sunny
21200528,00,12,,,,4-5,Overcast
21200528,01,12,,,,4-5,Overcast
21200528,02,12,,,,4-5,Overcast
21200528,03,12,,,,4-5,Overcast
21200528,04,12,,,,4-5,Overcast
21200528,05,12,,,,4-5,Overcast
21200528,06,14,,,,3-4,Overcast
21200528,07,15,,,,3-4,Overcast
21200528,08,11,75%,West,<12km/h,1,Cloudy
21200528,09,12,72%,Northwest,<12km/h,2,Cloudy
21200528,10,12,73%,Northwest,<12km/h,1,Cloudy
21200528,11,13,69%,North,<12km/h,1,Overcast
21200528,12,15,,,,3-4,Overcast
21200528,13,13,66%,Northwest,<12km/h,2,Overcast
21200528,14,12,73%,North,<12km/h,2,Cloudy
21200528,15,12,69%,North,16-24km/h,4,Cloudy
21200528,16,12,69%,North,<12km/h,2,Cloudy
21200528,17,14,,,,3-4,Overcast
21200528,18,12,67%,Northeast,<12km/h,3,Cloudy
21200528,19,13,,,,3-4,Overcast
21200528,20,13,66%,Northeast,<12km/h,2,Cloudy
21200528,21,13,65%,Northeast,<12km/h,1,Cloudy
21200528,22,13,63%,East,24-34km/h,5,Cloudy
21200528,23,13,,,,3-4,Overcast
21200529,00,13,67%,East,<12km/h,2,Sunny
21200529,01,12,73%,Northeast,<12km/h,1,Sunny
21200529,02,12,80%,Northeast,<12km/h,1,Sunny
21200529,03,12,79%,North,<12km/h,1,Sunny
21200529,04,12,79%,Quiet,,0,Sunny
21200529,05,12,82%,North,<12km/h,2,Sunny
21200529,06,13,73%,East,<12km/h,3,Overcast
21200529,07,14,72%,Northeast,<12km/h,3,Overcast
21200529,08,13,85%,Quiet,,0,Cloudy
21200529,09,14,80%,South,<12km/h,1,Cloudy
21200529,10,14,80%,Southwest,<12km/h,1,Cloudy
21200529,11,16,74%,Northeast,<12km/h,2,Overcast
21200529,12,18,,,,<3,Lightrain
21200529,13,16,76%,Northeast,<12km/h,2,Overcast
21200529,14,15,78%,East,16-24km/h,4,Overcast
21200529,15,15,88%,North,<12km/h,1,Overcast
21200529,16,15,90%,Northeast,<12km/h,1,Overcast
21200529,17,14,94%,West,<12km/h,2,Overcast
21200529,18,15,93%,East,16-24km/h,4,Rain
21200529,19,12,100%,Southwest,<12km/h,1,Rain
21200529,20,12,100%,South,<12km/h,1,Rain
21200529,21,12,100%,Southwest,<12km/h,1,Rain
21200529,22,12,96%,West,<12km/h,1,Overcast
21200529,23,12,100%,West,<12km/h,2,Rain
21200530,00,16,91%,East,<12km/h,2,Sunny
21200530,01,18,73%,Northeast,16-24km/h,4,Cloudy
21200530,02,16,88%,North,<12km/h,1,Cloudy
21200530,03,16,90%,Southeast,<12km/h,3,Cloudy
21200530,04,16,93%,East,<12km/h,2,Cloudy
21200530,05,18,74%,Northeast,16-24km/h,4,Overcast
21200530,06,21,,,,3-4,Overcast
21200530,07,22,,,,3-4,Overcast
21200530,08,19,74%,Northeast,16-24km/h,4,Overcast
21200530,09,19,84%,Quiet,,0,Overcast
21200530,10,20,83%,Quiet,,0,Overcast
21200530,11,19,91%,North,24-34km/h,5,Rain
21200530,12,18,95%,North,<12km/h,3,Overcast
21200530,13,20,61%,Northeast,16-24km/h,4,Overcast
21200530,14,19,83%,North,24-34km/h,5,Overcast
21200530,15,20,71%,North,24-34km/h,5,Overcast
21200530,16,19,69%,North,34-44km/h,6,Overcast
21200530,17,18,72%,Northeast,24-34km/h,5,Cloudy
21200530,18,18,74%,Northeast,24-34km/h,5,Cloudy
21200530,19,16,80%,North,16-24km/h,4,Sunny
21200530,20,17,,,,3-4,Cloudy
21200530,21,18,65%,Northeast,34-44km/h,6,Sunny
21200530,22,18,65%,North,<12km/h,1,Sunny
21200530,23,18,,,,3-4,Cloudy
21200531,00,15,100%,West,<12km/h,2,Rain
21200531,01,14,,,,4-5,Moderaterain
21200531,02,12,100%,North,<12km/h,1,Rain
21200531,03,12,100%,West,<12km/h,2,Rain
21200531,04,14,,,,4-5,Moderaterain
21200531,05,14,100%,Northwest,<12km/h,2,Rain
21200531,06,13,100%,Northwest,16-24km/h,4,Rain
21200531,07,12,98%,West,<12km/h,2,Rain
21200531,08,15,,,,5-6,Lightrain
21200531,09,15,,,,5-6,Lightrain
21200531,10,11,100%,Northwest,24-34km/h,5,Rain
21200531,11,15,,,,5-6,Lightrain
21200531,12,14,,,,5-6,Lightrain
21200531,13,10,83%,Northwest,<12km/h,2,Overcast
21200531,14,15,,,,5-6,Lightrain
21200531,15,15,,,,5-6,Lightrain
21200531,16,15,,,,5-6,Lightrain
21200531,17,9,84%,Northwest,44-56km/h,7,Cloudy
21200531,18,9,,,,5-6,Overcast
21200531,19,9,,,,5-6,Overcast
21200531,20,9,,,,5-6,Overcast
21200531,21,9,,,,5-6,Overcast
21200531,22,9,,,,5-6,Overcast
21200531,23,9,,,,5-6,Overcast
21200601,00,9,,,,5-6,Overcast
21200601,01,8,76%,Northwest,<12km/h,3,Cloudy
21200601,02,9,,,,5-6,Overcast
21200601,03,9,,,,5-6,Overcast
21200601,04,9,,,,5-6,Overcast
21200601,05,7,68%,Northwest,<12km/h,3,Sunny
21200601,06,11,,,,5-6,Sunny
21200601,07,11,,,,5-6,Sunny
21200601,08,11,,,,5-6,Sunny
21200601,09,11,,,,5-6,Sunny
21200601,10,10,51%,Northwest,<12km/h,3,Sunny
21200601,11,11,,,,5-6,Sunny
21200601,12,11,,,,5-6,Sunny
21200601,13,10,58%,Northwest,34-44km/h,6,Sunny
21200601,14,11,,,,5-6,Sunny
21200601,15,11,,,,5-6,Sunny
21200601,16,11,,,,5-6,Sunny
21200601,17,9,,,,3-4,Sunny
21200601,18,9,,,,4-5,Sunny
21200601,19,9,,,,4-5,Sunny
21200601,20,6,61%,North,<12km/h,1,Sunny
21200601,21,9,,,,4-5,Sunny
21200601,22,9,,,,4-5,Sunny
21200601,23,4,74%,Northwest,<12km/h,1,Sunny
21200602,00,9,,,,4-5,Sunny
21200602,01,9,,,,4-5,Sunny
21200602,02,6,49%,Northwest,16-24km/h,4,Sunny
21200602,03,9,,,,4-5,Sunny
21200602,04,9,,,,4-5,Sunny
21200602,05,9,,,,4-5,Sunny
21200602,06,11,,,,3-4,Cloudy
21200602,07,6,52%,North,<12km/h,2,Sunny
21200602,08,11,,,,3-4,Cloudy
21200602,09,11,,,,3-4,Cloudy
21200602,10,11,,,,3-4,Cloudy
21200602,11,10,38%,North,<12km/h,2,Sunny
21200602,12,10,38%,Northwest,<12km/h,3,Sunny
21200602,13,10,,,,3-4,Cloudy
21200602,14,10,,,,3-4,Cloudy
21200602,15,10,,,,3-4,Sunny
21200602,16,11,,,,3-4,Cloudy
21200602,17,8,,,,<3,Sunny
21200602,18,8,,,,<3,Sunny
21200602,19,8,,,,3-4,Sunny
21200602,20,6,58%,Northwest,<12km/h,2,Sunny
21200602,21,8,,,,<3,Sunny
21200602,22,8,,,,3-4,Sunny
21200602,23,3,85%,North,<12km/h,1,Sunny
21200603,00,6,56%,Northwest,<12km/h,2,Sunny
21200603,01,8,,,,3-4,Sunny
21200603,02,8,,,,3-4,Sunny
21200603,03,8,,,,<3,Sunny
21200603,04,8,,,,<3,Sunny
21200603,05,8,,,,3-4,Sunny
21200603,06,12,,,,3-4,Cloudy
21200603,07,12,,,,3-4,Cloudy
21200603,08,11,,,,3-4,Cloudy
21200603,09,12,,,,3-4,Cloudy
21200603,10,12,,,,3-4,Cloudy
21200603,11,11,,,,3-4,Cloudy
21200603,12,12,67%,North,<12km/h,2,Cloudy
21200603,13,12,66%,North,<12km/h,2,Cloudy
21200603,14,12,64%,North,<12km/h,2,Cloudy
21200603,15,12,,,,3-4,Cloudy
21200603,16,12,,,,3-4,Cloudy
21200603,17,12,,,,3-4,Cloudy
21200603,18,10,,,,3-4,Overcast
21200603,19,10,,,,3-4,Overcast
21200603,20,11,72%,North,<12km/h,2,Overcast
21200603,21,10,,,,3-4,Overcast
21200603,22,10,,,,3-4,Overcast
21200603,23,10,,,,3-4,Overcast
21200604,00,10,,,,3-4,Overcast
21200604,01,9,66%,North,<12km/h,3,Sunny
21200604,02,10,,,,3-4,Overcast
21200604,03,10,,,,3-4,Overcast
21200604,04,10,,,,3-4,Overcast
21200604,05,10,78%,Northwest,16-24km/h,4,Overcast
21200604,06,15,,,,4-5,Overcast
21200604,07,11,59%,North,16-24km/h,4,Cloudy
21200604,08,15,,,,4-5,Overcast
21200604,09,14,,,,4-5,Overcast
21200604,10,15,,,,4-5,Overcast
21200604,11,14,,,,4-5,Overcast
21200604,12,15,,,,4-5,Overcast
21200604,13,15,,,,4-5,Overcast
21200604,14,15,,,,4-5,Overcast
21200604,15,15,,,,4-5,Overcast
21200604,16,11,58%,North,24-34km/h,5,Overcast
21200604,17,11,63%,North,<12km/h,3,Overcast
21200604,18,11,62%,North,<12km/h,2,Overcast
21200604,19,7,55%,North,<12km/h,3,Cloudy
21200604,20,10,,,,5-6,Lightrain
21200604,21,11,,,,5-6,Lightrain
21200604,22,6,69%,North,<12km/h,2,Cloudy
21200604,23,11,,,,5-6,Lightrain
21200605,00,11,,,,5-6,Lightrain
21200605,01,11,,,,5-6,Lightrain
21200605,02,11,,,,5-6,Lightrain
21200605,03,11,,,,5-6,Lightrain
21200605,04,9,65%,Northeast,44-56km/h,7,Overcast
21200605,05,11,,,,5-6,Lightrain
21200605,06,11,,,,5-6,Lightrain
21200605,07,11,,,,5-6,Lightrain
21200605,08,11,,,,5-6,Lightrain
21200605,09,11,,,,5-6,Lightrain
21200605,10,9,60%,North,24-34km/h,5,Cloudy
21200605,11,11,,,,5-6,Overcast
21200605,12,9,58%,North,34-44km/h,6,Overcast
21200605,13,11,,,,5-6,Lightrain
21200605,14,11,,,,5-6,Lightrain
21200605,15,11,,,,5-6,Lightrain
21200605,16,8,58%,North,34-44km/h,6,Cloudy
21200605,17,9,,,,4-5,Overcast
21200605,18,9,,,,4-5,Overcast
21200605,19,9,,,,4-5,Overcast
21200605,20,9,,,,4-5,Overcast
21200605,21,9,,,,4-5,Overcast
21200605,22,9,,,,4-5,Overcast
21200605,23,9,,,,4-5,Overcast
21200606,00,9,,,,4-5,Overcast
21200606,01,9,,,,4-5,Overcast
21200606,02,5,73%,North,<12km/h,2,Cloudy
21200606,03,6,72%,Northwest,<12km/h,1,Cloudy
21200606,04,9,,,,4-5,Overcast
21200606,05,9,,,,4-5,Overcast
21200606,06,11,,,,4-5,Overcast
21200606,07,11,,,,4-5,Overcast
21200606,08,11,,,,4-5,Overcast
21200606,09,11,,,,4-5,Overcast
21200606,10,11,,,,4-5,Overcast
21200606,11,11,,,,4-5,Overcast
21200606,12,11,,,,4-5,Overcast
21200606,13,10,55%,Northwest,<12km/h,3,Cloudy
21200606,14,11,,,,4-5,Overcast
21200606,15,11,,,,4-5,Overcast
21200606,16,11,,,,4-5,Overcast
21200606,17,7,73%,Northwest,16-24km/h,4,Cloudy
21200606,18,8,,,,3-4,Overcast
21200606,19,8,,,,3-4,Overcast
21200606,20,8,,,,3-4,Overcast
21200606,21,8,,,,3-4,Overcast
21200606,22,8,,,,3-4,Overcast
21200606,23,8,,,,3-4,Overcast
21200607,00,6,80%,Northwest,16-24km/h,4,Cloudy
21200607,01,5,59%,North,<12km/h,2,Sunny
21200607,02,8,,,,3-4,Cloudy
21200607,03,8,,,,3-4,Overcast
21200607,04,8,,,,3-4,Overcast
21200607,05,8,,,,3-4,Overcast
21200607,06,11,,,,<3,Sunny
21200607,07,11,,,,<3,Sunny
21200607,08,11,,,,3-4,Sunny
21200607,09,10,64%,Northwest,<12km/h,3,Cloudy
21200607,10,11,,,,3-4,Sunny
21200607,11,11,,,,3-4,Sunny
21200607,12,11,,,,3-4,Sunny
21200607,13,11,,,,3-4,Sunny
21200607,14,11,,,,3-4,Sunny
21200607,15,11,,,,3-4,Sunny
21200607,16,11,,,,3-4,Sunny
21200607,17,8,,,,<3,Sunny
21200607,18,8,,,,<3,Sunny
21200607,19,9,81%,North,<12km/h,1,Sunny
21200607,20,8,58%,South,<12km/h,2,Sunny
21200607,21,8,,,,<3,Sunny
21200607,22,8,,,,<3,Sunny
21200607,23,8,,,,<3,Sunny
21200608,00,8,,,,<3,Sunny
21200608,01,8,,,,<3,Sunny
21200608,02,8,,,,<3,Sunny
21200608,03,8,69%,Southwest,<12km/h,3,Sunny
21200608,04,4,97%,North,<12km/h,1,Sunny
21200608,05,8,,,,<3,Sunny
21200608,06,13,,,,<3,Sunny
21200608,07,13,,,,<3,Sunny
21200608,08,13,,,,<3,Sunny
21200608,09,13,,,,<3,Sunny
21200608,10,14,54%,Southeast,<12km/h,2,Sunny
21200608,11,15,38%,West,<12km/h,1,Sunny
21200608,12,13,,,,<3,Sunny
21200608,13,14,,,,<3,Sunny
21200608,14,14,,,,<3,Sunny
21200608,15,14,,,,<3,Sunny
21200608,16,14,,,,<3,Sunny
21200608,17,12,,Southeast,,<3,Cloudy
21200608,18,10,56%,South,<12km/h,2,Sunny
21200608,19,12,,Southeast,,<3,Cloudy
21200608,20,13,88%,South,<12km/h,3,Sunny
21200608,21,12,,Southeast,,<3,Cloudy
21200608,22,8,90%,Northwest,<12km/h,1,Cloudy
21200608,23,12,,Southeast,,<3,Cloudy
21200609,00,12,,Southeast,,<3,Cloudy
21200609,01,12,,Southeast,,<3,Cloudy
21200609,02,12,,Southeast,,<3,Cloudy
21200609,03,12,,Southeast,,<3,Cloudy
21200609,04,12,,Southeast,,<3,Cloudy
21200609,05,7,94%,North,<12km/h,1,Sunny
21200609,06,15,,,,<3,Sunny
21200609,07,7,94%,North,<12km/h,2,Sunny
21200609,08,16,,,,<3,Sunny
21200609,09,16,,,,<3,Sunny
21200609,10,16,,,,<3,Sunny
21200609,11,16,,,,<3,Sunny
21200609,12,15,,,,<3,Sunny
21200609,13,16,,,,<3,Sunny
21200609,14,16,,,,<3,Sunny
21200609,15,15,,,,<3,Sunny
21200609,16,16,,,,<3,Sunny
21200609,17,12,,,,<3,Sunny
21200609,18,12,,,,<3,Sunny
21200609,19,12,,,,<3,Sunny
21200609,20,12,,,,<3,Sunny
21200609,21,12,,,,<3,Sunny
21200609,22,12,,,,<3,Sunny
21200609,23,12,,,,<3,Sunny
21200610,00,12,,,,<3,Sunny
21200610,01,12,,,,<3,Sunny
21200610,02,12,,,,<3,Sunny
21200610,03,12,,,,<3,Sunny
21200610,04,12,,,,<3,Sunny
21200610,05,7,95%,North,<12km/h,1,Sunny
21200610,06,11,99%,West,<12km/h,3,Sunny
21200610,07,15,,,,4-5,Sunny
21200610,08,14,,,,4-5,Sunny
21200610,09,14,55%,Northwest,<12km/h,1,Sunny
21200610,10,15,,,,4-5,Sunny
21200610,11,15,,,,4-5,Sunny
21200610,12,14,,,,4-5,Sunny
21200610,13,12,78%,Northwest,24-34km/h,5,Sunny
21200610,14,14,,,,4-5,Sunny
21200610,15,11,82%,Northwest,24-34km/h,5,Sunny
21200610,16,15,,,,4-5,Sunny
21200610,17,11,,,,3-4,Cloudy
21200610,18,11,,,,3-4,Cloudy
21200610,19,11,,,,3-4,Cloudy
21200610,20,10,75%,North,<12km/h,3,Sunny
21200610,21,10,,,,3-4,Cloudy
21200610,22,11,,,,3-4,Cloudy
21200610,23,11,,,,3-4,Cloudy
21200611,00,10,,,,3-4,Cloudy
21200611,01,10,56%,North,16-24km/h,4,Sunny
21200611,02,7,88%,Northwest,<12km/h,2,Sunny
21200611,03,11,,,,3-4,Cloudy
21200611,04,10,,,,3-4,Cloudy
21200611,05,11,,,,3-4,Cloudy
21200611,06,14,,Southeast,,3-4,Overcast
21200611,07,14,,Southeast,,3-4,Overcast
21200611,08,14,,Southeast,,3-4,Overcast
21200611,09,13,,Southeast,,3-4,Cloudy
21200611,10,14,,Southeast,,3-4,Overcast
21200611,11,14,46%,East,<12km/h,1,Sunny
21200611,12,14,,Southeast,,3-4,Overcast
21200611,13,15,45%,Northeast,<12km/h,1,Sunny
21200611,14,14,,Southeast,,3-4,Overcast
21200611,15,14,,Southeast,,3-4,Overcast
21200611,16,13,,Southeast,,<3,Overcast
21200611,17,11,,Southeast,,<3,Overcast
21200611,18,11,,Southeast,,<3,Overcast
21200611,19,10,68%,Northeast,<12km/h,2,Sunny
21200611,20,11,,Southeast,,<3,Overcast
21200611,21,11,,Southeast,,<3,Overcast
21200611,22,11,,Southeast,,<3,Overcast
21200611,23,11,,Southeast,,<3,Overcast
21200612,00,11,,Southeast,,<3,Overcast
21200612,01,8,74%,Quiet,,0,Sunny
21200612,02,9,75%,North,<12km/h,1,Sunny
21200612,03,11,,Southeast,,<3,Overcast
21200612,04,7,84%,North,<12km/h,1,Cloudy
21200612,05,11,,Southeast,,<3,Overcast
21200612,06,11,60%,South,<12km/h,2,Sunny
21200612,07,7,89%,Quiet,,0,Sunny
21200612,08,15,,,,<3,Sunny
21200612,09,15,,,,<3,Sunny
21200612,10,15,,,,<3,Sunny
21200612,11,15,,,,<3,Sunny
21200612,12,16,54%,South,<12km/h,2,Sunny
21200612,13,15,,,,<3,Sunny
21200612,14,14,59%,South,16-24km/h,4,Sunny
21200612,15,15,,,,<3,Sunny
21200612,16,15,,,,<3,Sunny
21200612,17,15,,,,<3,Sunny
21200612,18,12,,,,<3,Cloudy
21200612,19,12,,Southeast,,<3,Cloudy
21200612,20,11,,,,<3,Cloudy
21200612,21,12,,,,<3,Cloudy
21200612,22,12,,,,<3,Cloudy
21200612,23,12,,,,<3,Cloudy
21200613,00,12,,,,<3,Cloudy
21200613,01,12,,,,<3,Cloudy
21200613,02,12,91%,West,<12km/h,3,Sunny
21200613,03,12,,,,<3,Cloudy
21200613,04,12,,,,<3,Cloudy
21200613,05,12,,,,<3,Cloudy
21200613,06,16,,,,<3,Cloudy
21200613,07,16,,,,<3,Cloudy
21200613,08,16,,,,<3,Cloudy
21200613,09,16,,,,<3,Cloudy
21200613,10,16,53%,North,<12km/h,1,Cloudy
21200613,11,16,,,,<3,Cloudy
21200613,12,16,,,,<3,Cloudy
21200613,13,16,,,,<3,Cloudy
21200613,14,16,,,,<3,Cloudy
21200613,15,16,,,,<3,Cloudy
21200613,16,15,,,,<3,Cloudy
21200613,17,13,,Southeast,,<3,Cloudy
21200613,18,13,,Southeast,,<3,Cloudy
21200613,19,10,92%,North,<12km/h,1,Sunny
21200613,20,12,,Southeast,,<3,Cloudy
21200613,21,10,96%,North,<12km/h,1,Sunny
21200613,22,13,,Southeast,,<3,Cloudy
21200613,23,13,,Southeast,,<3,Cloudy
21200614,00,14,94%,Quiet,,0,Cloudy
21200614,01,13,,Southeast,,<3,Cloudy
21200614,02,10,98%,Northwest,<12km/h,1,Sunny
21200614,03,13,,Southeast,,<3,Cloudy
21200614,04,13,,Southeast,,<3,Cloudy
21200614,05,13,,Southeast,,<3,Cloudy
21200614,06,12,81%,East,<12km/h,3,Sunny
21200614,07,17,,,,<3,Overcast
21200614,08,16,,,,<3,Overcast
21200614,09,16,,,,<3,Overcast
21200614,10,17,,,,<3,Overcast
21200614,11,19,59%,Southeast,<12km/h,2,Cloudy
21200614,12,17,,,,<3,Overcast
21200614,13,16,,,,<3,Cloudy
21200614,14,17,,,,<3,Overcast
21200614,15,17,,,,<3,Overcast
21200614,16,17,,,,<3,Overcast
21200614,17,14,,,,3-4,Cloudy
21200614,18,14,,,,3-4,Cloudy
21200614,19,14,,,,3-4,Cloudy
21200614,20,14,,,,3-4,Cloudy
21200614,21,14,85%,Southeast,16-24km/h,4,Cloudy
21200614,22,14,,,,3-4,Cloudy
21200614,23,14,,,,3-4,Cloudy
21200615,00,14,,,,3-4,Cloudy
21200615,01,14,,,,3-4,Cloudy
21200615,02,14,,,,3-4,Cloudy
21200615,03,14,,,,3-4,Cloudy
21200615,04,14,,,,3-4,Cloudy
21200615,05,15,91%,South,24-34km/h,5,Sunny
21200615,06,15,98%,South,<12km/h,1,Sunny
21200615,07,18,,,,3-4,Sunny
21200615,08,18,,,,3-4,Sunny
21200615,09,17,,,,3-4,Sunny
21200615,10,17,94%,Southeast,<12km/h,2,Sunny
21200615,11,18,,,,3-4,Sunny
21200615,12,18,,,,3-4,Sunny
21200615,13,18,,,,3-4,Sunny
21200615,14,18,,,,3-4,Sunny
21200615,15,18,,,,3-4,Sunny
21200615,16,19,77%,South,<12km/h,2,Sunny
21200615,17,15,,,,3-4,Sunny
21200615,18,17,91%,South,16-24km/h,4,Sunny
21200615,19,17,92%,South,16-24km/h,4,Sunny
21200615,20,15,,,,3-4,Sunny
21200615,21,14,,,,<3,Cloudy
21200615,22,15,,,,3-4,Sunny
21200615,23,15,,,,3-4,Sunny
21200616,00,15,96%,Northwest,<12km/h,1,Sunny
21200616,01,15,98%,Quiet,,0,Sunny
21200616,02,15,,,,3-4,Sunny
21200616,03,14,,,,3-4,Sunny
21200616,04,14,,,,<3,Cloudy
21200616,05,15,,,,3-4,Sunny
21200616,06,17,,,,4-5,Overcast
21200616,07,17,,,,4-5,Overcast
21200616,08,17,,,,4-5,Overcast
21200616,09,17,,,,4-5,Overcast
21200616,10,17,,,,4-5,Overcast
21200616,11,17,,,,4-5,Overcast
21200616,12,17,,,,4-5,Overcast
21200616,13,17,,,,4-5,Overcast
21200616,14,17,,,,4-5,Overcast
21200616,15,16,,,,4-5,Overcast
21200616,16,17,,,,4-5,Overcast
21200616,17,13,93%,North,<12km/h,1,Cloudy
21200616,18,11,,,,4-5,Lightrain
21200616,19,11,,,,4-5,Lightrain
21200616,20,11,,,,4-5,Lightrain
21200616,21,11,,,,4-5,Lightrain
21200616,22,11,86%,North,<12km/h,2,Overcast
21200616,23,11,82%,North,<12km/h,2,Overcast
21200617,00,10,,,,4-5,Lightrain
21200617,01,11,,,,4-5,Lightrain
21200617,02,11,,,,4-5,Lightrain
21200617,03,11,,,,4-5,Lightrain
21200617,04,10,93%,Northwest,<12km/h,2,Overcast
21200617,05,11,,,,4-5,Lightrain
21200617,06,10,92%,North,<12km/h,2,Rain
21200617,07,13,,,,4-5,Overcast
21200617,08,13,,,,4-5,Overcast
21200617,09,13,,,,4-5,Overcast
21200617,10,13,,,,4-5,Overcast
21200617,11,13,,,,4-5,Overcast
21200617,12,12,,,,4-5,Overcast
21200617,13,13,,,,4-5,Overcast
21200617,14,13,,,,4-5,Overcast
21200617,15,10,74%,North,<12km/h,3,Overcast
21200617,16,13,,,,4-5,Overcast
21200617,17,9,,,,3-4,Lightrain
21200617,18,9,,,,3-4,Lightrain
21200617,19,9,,,,3-4,Lightrain
21200617,20,9,,,,3-4,Lightrain
21200617,21,9,,,,3-4,Lightrain
21200617,22,8,80%,North,24-34km/h,5,Overcast
21200617,23,9,,,,3-4,Lightrain
21200618,00,9,,,,3-4,Lightrain
21200618,01,9,,,,3-4,Lightrain
21200618,02,9,,,,3-4,Lightrain
21200618,03,8,,,,3-4,Lightrain
21200618,04,9,,,,3-4,Lightrain
21200618,05,7,94%,Northwest,24-34km/h,5,Rain
21200618,06,10,,,,4-5,Lightrain
21200618,07,11,,,,4-5,Lightrain
21200618,08,6,93%,North,<12km/h,1,Rain
21200618,09,11,,,,4-5,Lightrain
21200618,10,10,,,,4-5,Lightrain
21200618,11,11,,,,4-5,Lightrain
21200618,12,11,,,,4-5,Lightrain
21200618,13,10,,,,4-5,Lightrain
21200618,14,7,91%,Northwest,24-34km/h,5,Rain
21200618,15,10,,,,4-5,Lightrain
21200618,16,11,,,,4-5,Lightrain
21200618,17,6,93%,Northwest,<12km/h,2,Rain
21200618,18,9,,,,3-4,Overcast
21200618,19,9,,,,3-4,Overcast
21200618,20,9,,,,3-4,Overcast
21200618,21,9,,,,3-4,Overcast
21200618,22,8,,,,3-4,Overcast
21200618,23,9,,,,3-4,Overcast
21200619,00,9,,,,3-4,Overcast
21200619,01,9,,,,3-4,Overcast
21200619,02,9,,,,3-4,Overcast
21200619,03,8,82%,South,<12km/h,2,Overcast
21200619,04,7,84%,North,<12km/h,2,Overcast
21200619,05,9,,,,3-4,Overcast
21200619,06,10,63%,Northeast,16-24km/h,4,Overcast
21200619,07,13,,,,3-4,Lightrain
21200619,08,12,,,,3-4,Lightrain
21200619,09,13,,,,3-4,Lightrain
21200619,10,13,,,,3-4,Lightrain
21200619,11,13,,,,3-4,Lightrain
21200619,12,12,,,,3-4,Lightrain
21200619,13,13,,,,3-4,Lightrain
21200619,14,13,,,,3-4,Lightrain
21200619,15,8,92%,North,<12km/h,2,Rain
21200619,16,13,,,,3-4,Lightrain
21200619,17,10,,,,3-4,Lightrain
21200619,18,10,,,,3-4,Lightrain
21200619,19,10,,,,3-4,Lightrain
21200619,20,9,,,,3-4,Lightrain
21200619,21,10,,,,3-4,Lightrain
21200619,22,10,,,,3-4,Lightrain
21200619,23,10,78%,Northeast,<12km/h,1,Overcast
21200620,00,10,,,,3-4,Lightrain
21200620,01,10,,,,3-4,Lightrain
21200620,02,9,98%,Northeast,<12km/h,1,Rain
21200620,03,10,,,,3-4,Lightrain
21200620,04,10,,,,3-4,Lightrain
21200620,05,10,,,,3-4,Lightrain
21200620,06,14,,,,4-5,Lightrain
21200620,07,14,,,,4-5,Lightrain
21200620,08,14,,,,4-5,Lightrain
21200620,09,13,,,,4-5,Moderaterain
21200620,10,14,,,,4-5,Lightrain
21200620,11,14,,,,4-5,Lightrain
21200620,12,10,93%,Northeast,34-44km/h,6,Rain
21200620,13,10,85%,Northeast,24-34km/h,5,Overcast
21200620,14,14,,,,4-5,Lightrain
21200620,15,14,,,,4-5,Lightrain
21200620,16,13,,,,4-5,Moderaterain
21200620,17,12,,,,3-4,Moderaterain
21200620,18,12,,,,3-4,Moderaterain
21200620,19,10,93%,Northwest,<12km/h,2,Cloudy
21200620,20,11,,,,3-4,Moderaterain
21200620,21,11,,,,3-4,Moderaterain
21200620,22,12,,,,3-4,Moderaterain
21200620,23,12,,,,3-4,Moderaterain
21200621,00,11,,,,4-5,Lightrain
21200621,01,11,,,,4-5,Lightrain
21200621,02,8,100%,West,<12km/h,1,Rain
21200621,03,11,,,,4-5,Lightrain
21200621,04,11,,,,4-5,Moderaterain
21200621,05,11,,,,4-5,Lightrain
21200621,06,11,,,,4-5,Moderaterain
21200621,07,12,,,,4-5,Moderaterain
21200621,08,10,98%,Northeast,24-34km/h,5,Rain
21200621,09,11,,,,4-5,Moderaterain
21200621,10,11,98%,North,<12km/h,3,Rain
21200621,11,12,,,,4-5,Moderaterain
21200621,12,12,,,,4-5,Moderaterain
21200621,13,12,,,,4-5,Moderaterain
21200621,14,12,,,,4-5,Moderaterain
21200621,15,12,,,,4-5,Moderaterain
21200621,16,12,,,,4-5,Moderaterain
21200621,17,11,97%,North,<12km/h,2,Rain
21200621,18,9,,,,5-6,Moderaterain
21200621,19,8,,,,5-6,Lightrain
21200621,20,9,,,,5-6,Moderaterain
21200621,21,8,,,,5-6,Lightrain
21200621,22,9,,,,5-6,Moderaterain
21200621,23,10,98%,Northeast,44-56km/h,7,Rain
21200622,00,9,,,,5-6,Moderaterain
21200622,01,8,,,,5-6,Moderaterain
21200622,02,9,,,,5-6,Moderaterain
21200622,03,8,,,,5-6,Moderaterain
21200622,04,8,,,,5-6,Moderaterain
21200622,05,8,,,,5-6,Lightrain
21200622,06,9,,,,5-6,Overcast
21200622,07,9,,,,5-6,Overcast
21200622,08,9,,,,5-6,Overcast
21200622,09,9,,,,5-6,Overcast
21200622,10,9,,,,5-6,Overcast
21200622,11,9,,,,5-6,Overcast
21200622,12,9,,,,5-6,Overcast
21200622,13,9,,,,5-6,Overcast
21200622,14,8,,,,5-6,Overcast
21200622,15,9,,,,5-6,Overcast
21200622,16,9,,,,5-6,Overcast
21200622,17,6,,,,4-5,Cloudy
21200622,18,6,,,,4-5,Cloudy
21200622,19,6,92%,Northwest,24-34km/h,5,Overcast
21200622,20,6,,,,4-5,Cloudy
21200622,21,6,85%,Northwest,<12km/h,2,Cloudy
21200622,22,6,,,,4-5,Cloudy
21200622,23,6,,,,4-5,Cloudy
21200623,00,6,,,,4-5,Cloudy
21200623,01,6,,,,4-5,Cloudy
21200623,02,5,,,,4-5,Cloudy
21200623,03,6,,,,4-5,Cloudy
21200623,04,6,,,,4-5,Cloudy
21200623,05,6,,,,4-5,Cloudy
21200623,06,8,,,,4-5,Overcast
21200623,07,8,,,,4-5,Cloudy
21200623,08,8,,,,4-5,Sunny
21200623,09,8,,,,4-5,Sunny
21200623,10,8,,,,4-5,Sunny
21200623,11,8,,,,4-5,Sunny
21200623,12,8,,,,4-5,Sunny
21200623,13,8,,,,4-5,Sunny
21200623,14,8,,,,4-5,Cloudy
21200623,15,7,,,,4-5,Sunny
21200623,16,8,,,,4-5,Sunny
21200623,17,8,,,,4-5,Sunny
21200623,18,5,,,,4-5,Cloudy
21200623,19,5,,,,4-5,Sunny
21200623,20,5,65%,North,24-34km/h,5,Sunny
21200623,21,7,62%,Northwest,<12km/h,3,Overcast
21200623,22,5,,,,4-5,Sunny
21200623,23,5,,,,4-5,Sunny
21200624,00,11,,Southeast,,<3,Moderaterain
21200624,01,11,,Southeast,,<3,Moderaterain
21200624,02,11,,Southeast,,<3,Moderaterain
21200624,03,11,,Southeast,,<3,Moderaterain
21200624,04,11,,Southeast,,<3,Moderaterain
21200624,05,11,,Southeast,,<3,Moderaterain
21200624,06,12,,Southeast,,<3,Cloudy
21200624,07,11,,Southeast,,<3,Cloudy
21200624,08,12,,Southeast,,<3,Cloudy
21200624,09,12,,Southeast,,<3,Cloudy
21200624,10,12,,Southeast,,<3,Cloudy
21200624,11,11,99%,Northwest,<12km/h,2,Overcast
21200624,12,12,,Southeast,,<3,Cloudy
21200624,13,12,,Southeast,,<3,Cloudy
21200624,14,12,,Southeast,,<3,Cloudy
21200624,15,12,,Southeast,,<3,Cloudy
21200624,16,12,,Southeast,,<3,Cloudy
21200624,17,10,,Southeast,,<3,Overcast
21200624,18,10,97%,Northeast,<12km/h,2,Cloudy
21200624,19,10,,Southeast,,<3,Overcast
21200624,20,10,,Southeast,,<3,Overcast
21200624,21,10,,Southeast,,<3,Overcast
21200624,22,11,96%,Southeast,<12km/h,1,Cloudy
21200624,23,10,,Southeast,,<3,Overcast
21200625,00,5,,,,4-5,Sunny
21200625,01,5,,,,4-5,Sunny
21200625,02,5,,,,4-5,Sunny
21200625,03,4,73%,North,24-34km/h,5,Sunny
21200625,04,3,65%,Northwest,<12km/h,1,Sunny
21200625,05,3,65%,North,24-34km/h,5,Sunny
21200625,06,6,,,,5-6,Cloudy
21200625,07,3,73%,Northwest,<12km/h,3,Cloudy
21200625,08,7,,,,4-5,Sunny
21200625,09,7,,,,4-5,Sunny
21200625,10,4,63%,Northwest,16-24km/h,4,Sunny
21200625,11,7,,,,4-5,Sunny
21200625,12,6,57%,West,16-24km/h,4,Cloudy
21200625,13,7,,,,4-5,Sunny
21200625,14,7,,,,4-5,Sunny
21200625,15,7,,,,4-5,Sunny
21200625,16,7,,,,4-5,Sunny
21200625,17,5,,,,4-5,Sunny
21200625,18,5,,,,4-5,Sunny
21200625,19,5,,,,4-5,Sunny
21200625,20,5,,,,4-5,Sunny
21200625,21,4,75%,Northwest,24-34km/h,5,Sunny
21200625,22,4,,,,4-5,Sunny
21200625,23,5,,,,4-5,Sunny
21200626,00,10,,,,3-4,Lightrain
21200626,01,10,,,,3-4,Lightrain
21200626,02,10,,,,3-4,Lightrain
21200626,03,10,,,,3-4,Lightrain
21200626,04,10,,,,3-4,Lightrain
21200626,05,10,,,,3-4,Lightrain
21200626,06,12,,,,3-4,Lightrain
21200626,07,12,,,,3-4,Lightrain
21200626,08,12,,,,3-4,Lightrain
21200626,09,9,99%,North,16-24km/h,4,Rain
21200626,10,12,,,,3-4,Lightrain
21200626,11,9,99%,North,24-34km/h,5,Rain
21200626,12,9,98%,Northwest,<12km/h,3,Rain
21200626,13,12,,,,3-4,Lightrain
21200626,14,10,97%,North,<12km/h,2,Rain
21200626,15,10,99%,North,24-34km/h,5,Rain
21200626,16,12,,,,3-4,Lightrain
21200626,17,12,,,,3-4,Lightrain
21200626,18,11,,,,4-5,Lightrain
21200626,19,11,,,,4-5,Lightrain
21200626,20,10,,,,4-5,Lightrain
21200626,21,11,,,,4-5,Lightrain
21200626,22,9,100%,North,<12km/h,1,Rain
21200626,23,11,,,,4-5,Lightrain
21200627,00,12,,Southeast,,<3,Lightrain
21200627,01,13,,Southeast,,<3,Lightrain
21200627,02,12,,Southeast,,<3,Lightrain
21200627,03,13,,Southeast,,<3,Lightrain
21200627,04,14,99%,Northwest,<12km/h,1,Fog
21200627,05,13,,Southeast,,<3,Lightrain
21200627,06,15,,,,5-6,Lightrain
21200627,07,15,,,,5-6,Lightrain
21200627,08,15,,,,5-6,Lightrain
21200627,09,15,,,,5-6,Lightrain
21200627,10,14,,,,5-6,Lightrain
21200627,11,15,,,,5-6,Lightrain
21200627,12,14,92%,Northwest,<12km/h,2,Overcast
21200627,13,15,,,,5-6,Lightrain
21200627,14,14,,,,5-6,Lightrain
21200627,15,15,,,,5-6,Lightrain
21200627,16,15,,,,5-6,Lightrain
21200627,17,8,94%,Northwest,<12km/h,3,Rain
21200627,18,2,,,,6-7,Moderaterain
21200627,19,6,93%,Northwest,<12km/h,2,Rain
21200627,20,3,,,,6-7,Moderaterain
21200627,21,3,,,,6-7,Moderaterain
21200627,22,4,98%,Northwest,44-56km/h,7,Rain
21200627,23,3,,,,6-7,Moderaterain
21200628,00,11,,,,4-5,Lightrain
21200628,01,11,,,,4-5,Lightrain
21200628,02,8,100%,West,<12km/h,1,Rain
21200628,03,11,,,,4-5,Lightrain
21200628,04,11,,,,4-5,Moderaterain
21200628,05,11,,,,4-5,Lightrain
21200628,06,11,,,,4-5,Moderaterain
21200628,07,12,,,,4-5,Moderaterain
21200628,08,10,98%,Northeast,24-34km/h,5,Rain
21200628,09,11,,,,4-5,Moderaterain
21200628,10,11,98%,North,<12km/h,3,Rain
21200628,11,12,,,,4-5,Moderaterain
21200628,12,12,,,,4-5,Moderaterain
21200628,13,12,,,,4-5,Moderaterain
21200628,14,12,,,,4-5,Moderaterain
21200628,15,12,,,,4-5,Moderaterain
21200628,16,12,,,,4-5,Moderaterain
21200628,17,11,97%,North,<12km/h,2,Rain
21200628,18,9,,,,5-6,Moderaterain
21200628,19,8,,,,5-6,Lightrain
21200628,20,9,,,,5-6,Moderaterain
21200628,21,8,,,,5-6,Lightrain
21200628,22,9,,,,5-6,Moderaterain
21200628,23,10,98%,Northeast,44-56km/h,7,Rain
21200629,00,9,,,,5-6,Moderaterain
21200629,01,8,,,,5-6,Moderaterain
21200629,02,9,,,,5-6,Moderaterain
21200629,03,8,,,,5-6,Moderaterain
21200629,04,8,,,,5-6,Moderaterain
21200629,05,8,,,,5-6,Lightrain
21200629,06,9,,,,5-6,Overcast
21200629,07,9,,,,5-6,Overcast
21200629,08,9,,,,5-6,Overcast
21200629,09,9,,,,5-6,Overcast
21200629,10,9,,,,5-6,Overcast
21200629,11,9,,,,5-6,Overcast
21200629,12,9,,,,5-6,Overcast
21200629,13,9,,,,5-6,Overcast
21200629,14,8,,,,5-6,Overcast
21200629,15,9,,,,5-6,Overcast
21200629,16,9,,,,5-6,Overcast
21200629,17,6,,,,4-5,Cloudy
21200629,18,6,,,,4-5,Cloudy
21200629,19,6,92%,Northwest,24-34km/h,5,Overcast
21200629,20,6,,,,4-5,Cloudy
21200629,21,6,85%,Northwest,<12km/h,2,Cloudy
21200629,22,6,,,,4-5,Cloudy
21200629,23,6,,,,4-5,Cloudy
