21200501,00,15,96%,South,<12km/h,3,Sunny
21200501,01,14,97%,North,<12km/h,2,Sunny
21200501,02,13,100%,South,<12km/h,1,Sunny
21200501,03,13,98%,North,<12km/h,1,Sunny
21200501,04,13,100%,Southwest,<12km/h,1,Sunny
21200501,05,14,100%,Southwest,<12km/h,2,Sunny
21200501,06,14,100%,Southwest,<12km/h,2,Cloudy
21200501,07,12,99%,South,<12km/h,1,Cloudy
21200501,08,15,100%,Southwest,<12km/h,1,Cloudy
21200501,09,17,85%,Northwest,<12km/h,2,Cloudy
21200501,10,18,84%,North,<12km/h,1,Cloudy
21200501,11,20,70%,Northeast,<12km/h,2,Cloudy
21200501,12,21,59%,North,<12km/h,2,Cloudy
21200501,13,21,56%,North,<12km/h,2,Sunny
21200501,14,21,54%,Northeast,<12km/h,2,Cloudy
21200501,15,22,54%,Northeast,<12km/h,2,Sunny
21200501,16,20,59%,North,<12km/h,3,Cloudy
21200501,17,19,60%,North,<12km/h,3,Cloudy
21200501,18,19,62%,North,<12km/h,3,Cloudy
21200501,19,18,66%,North,<12km/h,3,Cloudy
21200501,20,17,70%,North,<12km/h,3,Cloudy
21200501,21,18,75%,North,<12km/h,1,Cloudy
21200501,22,15,82%,North,<12km/h,1,Cloudy
21200501,23,17,94%,East,<12km/h,1,Sunny
21200502,00,16,79%,North,<12km/h,3,Overcast
21200502,01,16,94%,Southwest,<12km/h,1,Overcast
21200502,02,15,96%,Quiet,,0,Overcast
21200502,03,17,81%,Southeast,<12km/h,2,Overcast
21200502,04,16,86%,Northeast,16-24km/h,4,Overcast
21200502,05,16,99%,Southwest,<12km/h,1,Overcast
21200502,06,15,87%,Northeast,<12km/h,3,Overcast
21200502,07,15,95%,North,<12km/h,3,Overcast
21200502,08,17,95%,Northwest,<12km/h,2,Overcast
21200502,09,17,89%,Northwest,<12km/h,2,Overcast
21200502,10,18,74%,North,<12km/h,3,Overcast
21200502,11,17,82%,Northwest,<12km/h,2,Overcast
21200502,12,17,81%,Northwest,<12km/h,1,Overcast
21200502,13,17,88%,Northwest,<12km/h,2,Overcast
21200502,14,17,79%,North,<12km/h,2,Cloudy
21200502,15,16,90%,North,<12km/h,1,Overcast
21200502,16,18,66%,West,<12km/h,1,Overcast
21200502,17,17,79%,Northeast,<12km/h,2,Cloudy
21200502,18,15,87%,West,<12km/h,1,Overcast
21200502,19,17,79%,East,<12km/h,1,Cloudy
21200502,20,16,83%,West,<12km/h,1,Cloudy
21200502,21,16,73%,Northwest,<12km/h,1,Cloudy
21200502,22,16,95%,Southwest,<12km/h,1,Cloudy
21200502,23,15,91%,Northeast,<12km/h,1,Sunny
21200503,00,15,86%,Quiet,,0,Cloudy
21200503,01,14,94%,South,<12km/h,1,Overcast
21200503,02,15,85%,North,<12km/h,2,Cloudy
21200503,03,15,91%,North,<12km/h,2,Cloudy
21200503,04,15,79%,North,<12km/h,3,Cloudy
21200503,05,14,86%,Northwest,<12km/h,3,Cloudy
21200503,06,14,85%,North,<12km/h,2,Cloudy
21200503,07,14,83%,North,<12km/h,2,Cloudy
21200503,08,14,73%,North,<12km/h,2,Cloudy
21200503,09,16,70%,North,<12km/h,2,Cloudy
21200503,10,17,58%,Northwest,<12km/h,2,Cloudy
21200503,11,17,58%,North,<12km/h,2,Cloudy
21200503,12,19,50%,North,<12km/h,3,Cloudy
21200503,13,18,50%,North,<12km/h,2,Cloudy
21200503,14,19,48%,Northwest,<12km/h,2,Sunny
21200503,15,19,46%,Northeast,<12km/h,2,Cloudy
21200503,16,18,50%,North,<12km/h,2,Sunny
21200503,17,18,50%,North,<12km/h,2,Sunny
21200503,18,16,58%,Northwest,<12km/h,2,Sunny
21200503,19,15,60%,East,<12km/h,1,Sunny
21200503,20,14,77%,South,<12km/h,1,Sunny
21200503,21,12,90%,Northwest,<12km/h,1,Sunny
21200503,22,13,81%,Southwest,<12km/h,2,Sunny
21200503,23,12,87%,Southwest,<12km/h,1,Sunny
21200504,00,12,75%,South,<12km/h,1,Sunny
21200504,01,11,81%,South,<12km/h,1,Sunny
21200504,02,11,85%,South,<12km/h,1,Sunny
21200504,03,11,86%,South,<12km/h,1,Sunny
21200504,04,10,89%,Southwest,<12km/h,1,Sunny
21200504,05,10,90%,Quiet,,0,Sunny
21200504,06,11,86%,South,<12km/h,1,Sunny
21200504,07,10,96%,East,<12km/h,1,Sunny
21200504,08,14,71%,Southwest,<12km/h,1,Sunny
21200504,09,16,61%,Southwest,<12km/h,2,Sunny
21200504,10,18,57%,Northwest,<12km/h,1,Sunny
21200504,11,20,48%,Southwest,<12km/h,1,Sunny
21200504,12,20,36%,Northeast,<12km/h,2,Sunny
21200504,13,21,35%,West,<12km/h,1,Sunny
21200504,14,23,33%,East,<12km/h,1,Sunny
21200504,15,21,35%,Northeast,<12km/h,1,Sunny
21200504,16,22,33%,Northeast,<12km/h,1,Sunny
21200504,17,18,39%,Northeast,<12km/h,2,Sunny
21200504,18,18,46%,Northeast,<12km/h,1,Sunny
21200504,19,16,46%,Southeast,<12km/h,1,Sunny
21200504,20,14,52%,Quiet,,0,Sunny
21200504,21,14,64%,Quiet,,0,Sunny
21200504,22,14,63%,Quiet,,0,Cloudy
21200504,23,14,63%,Quiet,,0,Cloudy
21200505,00,13,76%,South,<12km/h,1,Cloudy
21200505,01,14,58%,Northeast,<12km/h,1,Sunny
21200505,02,13,68%,Southeast,<12km/h,1,Sunny
21200505,03,13,71%,East,<12km/h,1,Sunny
21200505,04,13,69%,Southeast,<12km/h,1,Cloudy
21200505,05,13,75%,Southeast,<12km/h,1,Cloudy
21200505,06,14,71%,Quiet,,0,Overcast
21200505,07,13,71%,East,<12km/h,2,Overcast
21200505,08,14,73%,Southwest,<12km/h,1,Overcast
21200505,09,16,60%,South,<12km/h,1,Overcast
21200505,10,16,65%,Southwest,<12km/h,1,Overcast
21200505,11,18,63%,Northwest,<12km/h,1,Overcast
21200505,12,17,62%,West,<12km/h,1,Overcast
21200505,13,15,74%,Southwest,<12km/h,1,Rain
21200505,14,15,86%,Southwest,<12km/h,1,Rain
21200505,15,16,76%,Quiet,,0,Rain
21200505,16,17,86%,South,<12km/h,1,Rain
21200505,17,17,80%,East,<12km/h,1,Cloudy
21200505,18,16,94%,Northeast,<12km/h,1,Cloudy
21200505,19,14,93%,South,<12km/h,1,Cloudy
21200505,20,14,100%,Quiet,,0,Cloudy
21200505,21,14,89%,West,<12km/h,1,Sunny
21200505,22,13,98%,Southwest,<12km/h,1,Cloudy
21200505,23,15,100%,Quiet,,0,Cloudy
21200506,00,7,76%,North,<12km/h,3,Cloudy
21200506,01,8,77%,Northeast,<12km/h,1,Cloudy
21200506,02,7,72%,Northwest,<12km/h,2,Overcast
21200506,03,7,76%,Northeast,<12km/h,1,Cloudy
21200506,04,6,71%,North,<12km/h,2,Cloudy
21200506,05,5,71%,Northeast,<12km/h,2,Cloudy
21200506,06,5,69%,Northwest,<12km/h,2,Cloudy
21200506,07,5,69%,Northwest,<12km/h,2,Cloudy
21200506,08,5,67%,North,<12km/h,2,Overcast
21200506,09,6,63%,Northwest,<12km/h,2,Overcast
21200506,10,7,61%,North,<12km/h,2,Overcast
21200506,11,7,61%,Northwest,<12km/h,2,Cloudy
21200506,12,8,58%,North,<12km/h,2,Cloudy
21200506,13,10,49%,East,<12km/h,2,Cloudy
21200506,14,8,57%,North,<12km/h,2,Cloudy
21200506,15,10,49%,East,<12km/h,2,Cloudy
21200506,16,8,56%,North,<12km/h,3,Cloudy
21200506,17,7,64%,East,<12km/h,2,Cloudy
21200506,18,6,65%,East,<12km/h,2,Cloudy
21200506,19,5,76%,Northeast,<12km/h,1,Cloudy
21200506,20,4,78%,North,<12km/h,2,Cloudy
21200506,21,4,82%,North,<12km/h,1,Cloudy
21200506,22,4,83%,Northeast,<12km/h,1,Cloudy
21200506,23,3,84%,North,<12km/h,2,Cloudy
21200507,00,17,42%,Northeast,<12km/h,2,Cloudy
21200507,01,15,50%,North,<12km/h,2,Cloudy
21200507,02,14,50%,North,<12km/h,2,Sunny
21200507,03,14,48%,North,<12km/h,2,Sunny
21200507,04,11,57%,Northwest,<12km/h,1,Sunny
21200507,05,11,51%,North,<12km/h,1,Sunny
21200507,06,10,66%,Quiet,,0,Sunny
21200507,07,9,77%,West,<12km/h,1,Sunny
21200507,08,12,50%,North,<12km/h,2,Sunny
21200507,09,14,48%,East,<12km/h,2,Sunny
21200507,10,15,48%,Northeast,<12km/h,2,Sunny
21200507,11,16,49%,Southeast,<12km/h,2,Sunny
21200507,12,17,38%,East,<12km/h,2,Sunny
21200507,13,17,38%,Northeast,<12km/h,1,Sunny
21200507,14,18,34%,South,<12km/h,2,Sunny
21200507,15,18,28%,West,<12km/h,1,Sunny
21200507,16,16,47%,Northeast,<12km/h,2,Sunny
21200507,17,15,53%,Northeast,<12km/h,1,Sunny
21200507,18,15,54%,Northeast,<12km/h,2,Sunny
21200507,19,12,72%,South,<12km/h,1,Sunny
21200507,20,12,61%,South,<12km/h,1,Sunny
21200507,21,10,69%,Southwest,<12km/h,2,Sunny
21200507,22,9,76%,Southwest,<12km/h,1,Sunny
21200507,23,9,77%,Southeast,<12km/h,2,Sunny
21200508,00,9,86%,Southwest,<12km/h,1,Sunny
21200508,01,9,89%,Southwest,<12km/h,1,Sunny
21200508,02,8,81%,South,<12km/h,1,Sunny
21200508,03,8,88%,Southwest,<12km/h,1,Sunny
21200508,04,9,81%,Quiet,,0,Sunny
21200508,05,7,100%,Southwest,<12km/h,1,Sunny
21200508,06,7,90%,Southeast,<12km/h,1,Sunny
21200508,07,8,94%,South,<12km/h,1,Sunny
21200508,08,9,75%,South,<12km/h,1,Cloudy
21200508,09,13,61%,Southwest,<12km/h,1,Cloudy
21200508,10,17,49%,Southeast,<12km/h,2,Sunny
21200508,11,17,49%,North,<12km/h,1,Sunny
21200508,12,20,45%,Northeast,<12km/h,2,Sunny
21200508,13,22,36%,Southeast,<12km/h,2,Sunny
21200508,14,23,26%,South,<12km/h,1,Sunny
21200508,15,23,30%,Northeast,<12km/h,1,Sunny
21200508,16,22,31%,South,<12km/h,2,Sunny
21200508,17,20,42%,Southeast,<12km/h,2,Sunny
21200508,18,18,44%,Southeast,<12km/h,2,Sunny
21200508,19,16,63%,Southeast,<12km/h,2,Sunny
21200508,20,14,62%,Southeast,<12km/h,2,Cloudy
21200508,21,17,53%,East,<12km/h,2,Cloudy
21200508,22,14,65%,Southeast,<12km/h,1,Cloudy
21200508,23,12,66%,South,<12km/h,1,Sunny
21200509,00,15,93%,Southeast,<12km/h,2,Sunny
21200509,01,13,100%,Quiet,,0,Cloudy
21200509,02,14,96%,Quiet,,0,Sunny
21200509,03,13,100%,South,<12km/h,1,Sunny
21200509,04,13,100%,South,<12km/h,3,Sunny
21200509,05,12,97%,North,<12km/h,1,Sunny
21200509,06,11,100%,Southeast,<12km/h,2,Sunny
21200509,07,12,100%,South,<12km/h,1,Sunny
21200509,08,13,87%,North,<12km/h,1,Sunny
21200509,09,16,79%,East,<12km/h,1,Sunny
21200509,10,20,70%,East,<12km/h,2,Cloudy
21200509,11,20,70%,East,<12km/h,2,Cloudy
21200509,12,21,61%,East,<12km/h,2,Cloudy
21200509,13,22,58%,Northeast,<12km/h,2,Cloudy
21200509,14,22,54%,Northeast,<12km/h,2,Sunny
21200509,15,24,50%,Northeast,<12km/h,3,Cloudy
21200509,16,21,67%,Northeast,<12km/h,2,Sunny
21200509,17,19,79%,Northeast,<12km/h,2,Sunny
21200509,18,20,66%,North,<12km/h,1,Sunny
21200509,19,19,76%,North,<12km/h,1,Sunny
21200509,20,18,75%,North,<12km/h,1,Cloudy
21200509,21,18,80%,East,<12km/h,3,Cloudy
21200509,22,17,92%,East,<12km/h,3,Cloudy
21200509,23,16,100%,Southwest,<12km/h,1,Cloudy
21200510,00,18,70%,Southeast,<12km/h,2,Sunny
21200510,01,12,80%,East,<12km/h,2,Sunny
21200510,02,14,71%,Southwest,<12km/h,1,Cloudy
21200510,03,12,76%,Quiet,,0,Cloudy
21200510,04,14,72%,Southeast,<12km/h,2,Sunny
21200510,05,11,96%,Quiet,,0,Sunny
21200510,06,9,88%,West,<12km/h,2,Sunny
21200510,07,13,80%,South,<12km/h,2,Sunny
21200510,08,14,65%,Quiet,,0,Sunny
21200510,09,16,59%,South,<12km/h,1,Sunny
21200510,10,22,41%,Southeast,<12km/h,1,Sunny
21200510,11,21,46%,East,<12km/h,1,Sunny
21200510,12,23,46%,Northeast,<12km/h,2,Sunny
21200510,13,24,34%,Southeast,<12km/h,1,Sunny
21200510,14,27,30%,South,<12km/h,1,Sunny
21200510,15,27,28%,West,<12km/h,1,Sunny
21200510,16,26,31%,Northeast,<12km/h,1,Sunny
21200510,17,23,38%,Southeast,<12km/h,1,Sunny
21200510,18,19,65%,East,<12km/h,1,Sunny
21200510,19,17,71%,East,<12km/h,1,Sunny
21200510,20,16,90%,Southeast,<12km/h,2,Cloudy
21200510,21,15,94%,Southwest,<12km/h,1,Cloudy
21200510,22,16,73%,East,<12km/h,2,Overcast
21200510,23,15,90%,Southwest,<12km/h,1,Sunny
21200511,00,18,70%,Southeast,<12km/h,2,Sunny
21200511,01,13,86%,South,<12km/h,1,Sunny
21200511,02,15,80%,Quiet,,0,Sunny
21200511,03,15,82%,South,<12km/h,3,Sunny
21200511,04,17,75%,South,<12km/h,2,Sunny
21200511,05,13,82%,West,<12km/h,1,Sunny
21200511,06,13,88%,Quiet,,0,Sunny
21200511,07,14,81%,South,<12km/h,1,Sunny
21200511,08,17,79%,Quiet,,0,Sunny
21200511,09,19,69%,South,<12km/h,1,Sunny
21200511,10,20,64%,Southeast,<12km/h,1,Sunny
21200511,11,21,58%,Northeast,<12km/h,1,Sunny
21200511,12,24,54%,Northeast,<12km/h,2,Sunny
21200511,13,27,46%,South,<12km/h,1,Sunny
21200511,14,29,31%,West,<12km/h,2,Sunny
21200511,15,27,39%,Northeast,<12km/h,1,Sunny
21200511,16,27,46%,South,<12km/h,1,Sunny
21200511,17,23,59%,Northeast,<12km/h,1,Sunny
21200511,18,21,66%,Quiet,,0,Sunny
21200511,19,19,77%,Northeast,<12km/h,1,Sunny
21200511,20,20,72%,North,<12km/h,1,Cloudy
21200511,21,20,62%,North,<12km/h,2,Cloudy
21200511,22,20,67%,Northwest,<12km/h,2,Cloudy
21200511,23,20,60%,Northeast,<12km/h,2,Cloudy
21200512,00,17,77%,Northwest,16-24km/h,4,Cloudy
21200512,01,17,67%,North,<12km/h,3,Cloudy
21200512,02,16,69%,North,16-24km/h,4,Overcast
21200512,03,13,99%,Northwest,16-24km/h,4,Overcast
21200512,04,12,83%,Northwest,<12km/h,2,Overcast
21200512,05,13,78%,North,<12km/h,2,Overcast
21200512,06,11,100%,Northwest,<12km/h,2,Rain
21200512,07,12,83%,North,16-24km/h,4,Cloudy
21200512,08,12,82%,North,<12km/h,3,Cloudy
21200512,09,11,85%,North,16-24km/h,4,Cloudy
21200512,10,11,77%,North,<12km/h,2,Cloudy
21200512,11,12,69%,North,<12km/h,2,Cloudy
21200512,12,10,73%,North,<12km/h,3,Overcast
21200512,13,10,76%,North,16-24km/h,4,Cloudy
21200512,14,10,66%,North,<12km/h,3,Overcast
21200512,15,10,67%,Northeast,<12km/h,2,Overcast
21200512,16,10,72%,Northwest,<12km/h,3,Overcast
21200512,17,10,60%,North,<12km/h,2,Overcast
21200512,18,10,76%,Northwest,<12km/h,2,Overcast
21200512,19,9,65%,North,<12km/h,3,Overcast
21200512,20,9,70%,Northwest,<12km/h,2,Cloudy
21200512,21,8,71%,Northeast,<12km/h,1,Sunny
21200512,22,9,75%,Northwest,<12km/h,2,Sunny
21200512,23,9,83%,Northwest,<12km/h,2,Sunny
21200513,00,12,92%,Southwest,<12km/h,1,Sunny
21200513,01,11,82%,North,<12km/h,1,Sunny
21200513,02,10,100%,North,<12km/h,2,Sunny
21200513,03,11,98%,Southwest,<12km/h,1,Sunny
21200513,04,11,100%,Southwest,<12km/h,2,Sunny
21200513,05,10,100%,North,<12km/h,1,Sunny
21200513,06,10,100%,South,<12km/h,1,Overcast
21200513,07,9,94%,East,<12km/h,3,Cloudy
21200513,08,11,87%,West,<12km/h,1,Sunny
21200513,09,15,69%,Northeast,<12km/h,2,Sunny
21200513,10,17,65%,Northeast,<12km/h,3,Sunny
21200513,11,18,63%,Northeast,<12km/h,2,Sunny
21200513,12,19,56%,Northeast,<12km/h,3,Sunny
21200513,13,21,54%,North,<12km/h,2,Cloudy
21200513,14,21,50%,Northeast,<12km/h,1,Cloudy
21200513,15,19,72%,North,<12km/h,3,Cloudy
21200513,16,20,57%,North,<12km/h,1,Cloudy
21200513,17,18,71%,Northeast,<12km/h,2,Cloudy
21200513,18,17,72%,Northeast,<12km/h,1,Cloudy
21200513,19,17,74%,East,<12km/h,2,Cloudy
21200513,20,17,80%,East,<12km/h,2,Overcast
21200513,21,17,83%,East,<12km/h,1,Overcast
21200513,22,16,82%,East,<12km/h,2,Overcast
21200513,23,17,73%,Northeast,<12km/h,2,Rain
21200514,00,7,80%,Quiet,,0,Sunny
21200514,01,7,82%,East,<12km/h,1,Sunny
21200514,02,7,80%,Northeast,<12km/h,2,Sunny
21200514,03,7,70%,North,<12km/h,2,Sunny
21200514,04,7,79%,Northeast,<12km/h,2,Sunny
21200514,05,7,70%,East,<12km/h,2,Sunny
21200514,06,6,84%,North,<12km/h,2,Sunny
21200514,07,6,84%,North,<12km/h,2,Sunny
21200514,08,7,51%,Northeast,<12km/h,3,Sunny
21200514,09,8,67%,East,<12km/h,1,Sunny
21200514,10,10,39%,Northwest,<12km/h,2,Sunny
21200514,11,11,40%,Northeast,<12km/h,2,Sunny
21200514,12,12,39%,North,<12km/h,2,Sunny
21200514,13,13,39%,East,<12km/h,2,Sunny
21200514,14,13,47%,Northeast,<12km/h,2,Sunny
21200514,15,12,49%,Northeast,<12km/h,2,Sunny
21200514,16,12,41%,North,<12km/h,2,Sunny
21200514,17,10,53%,Northeast,<12km/h,1,Sunny
21200514,18,10,55%,East,<12km/h,2,Sunny
21200514,19,13,59%,Quiet,,0,Cloudy
21200514,20,13,64%,East,<12km/h,1,Sunny
21200514,21,10,65%,Quiet,,0,Cloudy
21200514,22,9,67%,South,<12km/h,1,Cloudy
21200514,23,10,55%,East,<12km/h,1,Sunny
21200515,00,8,86%,Southwest,<12km/h,1,Cloudy
21200515,01,9,67%,Southwest,<12km/h,1,Cloudy
21200515,02,8,70%,Quiet,,0,Sunny
21200515,03,7,75%,Southwest,<12km/h,1,Cloudy
21200515,04,7,75%,Southeast,<12km/h,1,Sunny
21200515,05,6,77%,Southeast,<12km/h,1,Sunny
21200515,06,8,81%,Southwest,<12km/h,1,Cloudy
21200515,07,8,82%,Southwest,<12km/h,1,Cloudy
21200515,08,7,81%,Southwest,<12km/h,1,Cloudy
21200515,09,12,63%,Southeast,<12km/h,1,Cloudy
21200515,10,12,61%,West,<12km/h,2,Cloudy
21200515,11,13,58%,Northwest,<12km/h,2,Overcast
21200515,12,14,56%,Northeast,<12km/h,2,Cloudy
21200515,13,15,48%,Northeast,<12km/h,2,Cloudy
21200515,14,15,47%,East,<12km/h,2,Cloudy
21200515,15,15,49%,East,<12km/h,2,Cloudy
21200515,16,15,52%,East,<12km/h,1,Cloudy
21200515,17,14,58%,East,<12km/h,3,Cloudy
21200515,18,14,57%,East,<12km/h,1,Cloudy
21200515,19,12,94%,North,<12km/h,1,Cloudy
21200515,20,12,90%,North,<12km/h,1,Cloudy
21200515,21,12,80%,North,<12km/h,1,Overcast
21200515,22,13,65%,Northeast,<12km/h,1,Sunny
21200515,23,12,66%,Quiet,,0,Sunny
21200516,00,11,86%,Southwest,<12km/h,1,Sunny
21200516,01,9,92%,Southwest,<12km/h,1,Sunny
21200516,02,9,91%,Southeast,<12km/h,2,Sunny
21200516,03,9,90%,South,<12km/h,1,Sunny
21200516,04,10,100%,Southwest,<12km/h,2,Sunny
21200516,05,8,92%,East,<12km/h,1,Sunny
21200516,06,10,100%,Southwest,<12km/h,2,Sunny
21200516,07,11,83%,Northwest,<12km/h,1,Sunny
21200516,08,11,83%,Northwest,<12km/h,1,Sunny
21200516,09,14,72%,Quiet,,0,Sunny
21200516,10,15,51%,North,<12km/h,2,Sunny
21200516,11,16,52%,East,<12km/h,1,Sunny
21200516,12,17,44%,East,<12km/h,2,Sunny
21200516,13,18,42%,North,<12km/h,1,Sunny
21200516,14,19,36%,Northeast,<12km/h,1,Sunny
21200516,15,17,41%,Northeast,<12km/h,2,Sunny
21200516,16,17,37%,East,<12km/h,2,Sunny
21200516,17,15,38%,North,<12km/h,2,Sunny
21200516,18,12,67%,South,<12km/h,1,Sunny
21200516,19,14,47%,East,<12km/h,1,Sunny
21200516,20,13,66%,Quiet,,0,Sunny
21200516,21,11,74%,South,<12km/h,1,Sunny
21200516,22,11,67%,Quiet,,0,Sunny
21200516,23,10,71%,Southwest,<12km/h,2,Sunny
21200517,00,11,76%,Quiet,,0,Cloudy
21200517,01,12,83%,Southwest,<12km/h,1,Cloudy
21200517,02,12,71%,North,<12km/h,1,Sunny
21200517,03,11,75%,East,<12km/h,1,Sunny
21200517,04,10,97%,Southwest,<12km/h,1,Cloudy
21200517,05,10,96%,South,<12km/h,1,Cloudy
21200517,06,10,84%,Quiet,,0,Cloudy
21200517,07,10,83%,Southwest,<12km/h,1,Cloudy
21200517,08,11,87%,Southwest,<12km/h,1,Cloudy
21200517,09,13,76%,Southwest,<12km/h,1,Cloudy
21200517,10,13,68%,North,<12km/h,2,Cloudy
21200517,11,15,63%,North,<12km/h,2,Cloudy
21200517,12,16,58%,North,<12km/h,2,Cloudy
21200517,13,17,56%,West,<12km/h,2,Cloudy
21200517,14,17,59%,East,<12km/h,1,Cloudy
21200517,15,17,66%,Northeast,<12km/h,3,Cloudy
21200517,16,16,71%,Northeast,<12km/h,2,Overcast
21200517,17,15,78%,Northeast,<12km/h,2,Cloudy
21200517,18,14,81%,North,<12km/h,1,Cloudy
21200517,19,14,81%,North,<12km/h,1,Cloudy
21200517,20,13,82%,Quiet,,0,Cloudy
21200517,21,15,72%,Southeast,<12km/h,2,Cloudy
21200517,22,11,100%,Southwest,<12km/h,1,Sunny
21200517,23,11,100%,South,<12km/h,2,Sunny
21200518,00,11,100%,Southwest,<12km/h,1,Sunny
21200518,01,11,96%,Southwest,<12km/h,1,Sunny
21200518,02,11,90%,Southwest,<12km/h,1,Sunny
21200518,03,10,100%,Southwest,<12km/h,1,Sunny
21200518,04,10,100%,South,<12km/h,1,Cloudy
21200518,05,9,95%,Quiet,,0,Sunny
21200518,06,11,100%,Southwest,<12km/h,1,Overcast
21200518,07,12,89%,Quiet,,0,Overcast
21200518,08,12,100%,Southwest,<12km/h,1,Overcast
21200518,09,12,100%,Southwest,<12km/h,1,Overcast
21200518,10,13,79%,Quiet,,0,Cloudy
21200518,11,15,84%,Southwest,<12km/h,1,Overcast
21200518,12,16,72%,Northwest,<12km/h,1,Cloudy
21200518,13,17,71%,Southwest,<12km/h,1,Overcast
21200518,14,18,74%,Northwest,<12km/h,1,Overcast
21200518,15,18,70%,Southwest,<12km/h,1,Overcast
21200518,16,18,70%,Quiet,,0,Cloudy
21200518,17,17,75%,South,<12km/h,1,Overcast
21200518,18,17,89%,Quiet,,0,Overcast
21200518,19,16,80%,South,<12km/h,1,Overcast
21200518,20,15,100%,Quiet,,0,Cloudy
21200518,21,15,100%,Quiet,,0,Cloudy
21200518,22,15,100%,Southwest,<12km/h,2,Sunny
21200518,23,14,94%,West,<12km/h,1,Overcast
21200519,00,13,100%,South,<12km/h,1,Cloudy
21200519,01,13,100%,South,<12km/h,1,Cloudy
21200519,02,13,97%,Quiet,,0,Cloudy
21200519,03,15,91%,Southeast,<12km/h,1,Overcast
21200519,04,12,98%,Southeast,<12km/h,1,Cloudy
21200519,05,12,100%,Southwest,<12km/h,1,Fog
21200519,06,13,100%,Quiet,,0,Overcast
21200519,07,12,100%,Quiet,,0,Overcast
21200519,08,12,100%,Quiet,,0,Overcast
21200519,09,16,100%,West,<12km/h,1,Overcast
21200519,10,19,83%,Southeast,<12km/h,1,Overcast
21200519,11,19,80%,Northeast,<12km/h,1,Cloudy
21200519,12,22,63%,Quiet,,0,Cloudy
21200519,13,21,71%,East,<12km/h,1,Cloudy
21200519,14,22,70%,East,<12km/h,1,Overcast
21200519,15,21,72%,East,<12km/h,1,Overcast
21200519,16,22,70%,Southeast,<12km/h,2,Cloudy
21200519,17,20,86%,East,<12km/h,2,Cloudy
21200519,18,20,78%,East,<12km/h,2,Cloudy
21200519,19,20,80%,Quiet,,0,Cloudy
21200519,20,15,100%,North,16-24km/h,4,Overcast
21200519,21,18,100%,Southeast,<12km/h,2,Cloudy
21200519,22,17,100%,Quiet,,0,Cloudy
21200519,23,17,95%,South,<12km/h,1,Fog
21200520,00,17,84%,East,<12km/h,2,Sunny
21200520,01,16,91%,Northeast,<12km/h,1,Sunny
21200520,02,15,86%,North,<12km/h,2,Sunny
21200520,03,15,90%,Northeast,<12km/h,2,Sunny
21200520,04,15,90%,Northeast,<12km/h,2,Sunny
21200520,05,14,81%,North,<12km/h,2,Sunny
21200520,06,14,92%,Southeast,<12km/h,1,Sunny
21200520,07,14,85%,Quiet,,0,Sunny
21200520,08,14,85%,Southeast,<12km/h,2,Sunny
21200520,09,16,71%,North,<12km/h,1,Sunny
21200520,10,18,52%,Northwest,<12km/h,2,Sunny
21200520,11,19,39%,North,<12km/h,1,Sunny
21200520,12,19,43%,East,<12km/h,1,Sunny
21200520,13,19,42%,North,<12km/h,2,Sunny
21200520,14,20,42%,North,<12km/h,2,Sunny
21200520,15,19,49%,North,<12km/h,3,Sunny
21200520,16,19,47%,East,<12km/h,1,Sunny
21200520,17,19,38%,Northeast,<12km/h,3,Sunny
21200520,18,18,51%,North,<12km/h,1,Sunny
21200520,19,15,72%,Quiet,,0,Sunny
21200520,20,15,72%,Quiet,,0,Sunny
21200520,21,13,87%,South,<12km/h,1,Sunny
21200520,22,12,76%,East,<12km/h,2,Sunny
21200520,23,12,76%,East,<12km/h,2,Sunny
21200521,00,16,100%,Southwest,<12km/h,1,Fog
21200521,01,14,100%,Quiet,,0,Fog
21200521,02,17,98%,Quiet,,0,Fog
21200521,03,17,100%,Quiet,,0,Fog
21200521,04,16,100%,Southwest,<12km/h,1,Fog
21200521,05,16,100%,Southwest,<12km/h,1,Rain
21200521,06,14,99%,Quiet,,0,Cloudy
21200521,07,14,99%,South,<12km/h,1,Cloudy
21200521,08,15,99%,Quiet,,0,Cloudy
21200521,09,17,100%,Southwest,<12km/h,2,Overcast
21200521,10,17,100%,Southwest,<12km/h,1,Fog
21200521,11,18,91%,Southeast,<12km/h,1,Cloudy
21200521,12,19,96%,Southwest,<12km/h,2,Rain
21200521,13,19,96%,Southwest,<12km/h,2,Rain
21200521,14,21,76%,North,<12km/h,1,Cloudy
21200521,15,22,77%,Quiet,,0,Cloudy
21200521,16,22,72%,East,<12km/h,2,Cloudy
21200521,17,20,83%,North,<12km/h,2,Cloudy
21200521,18,19,78%,Northwest,<12km/h,2,Cloudy
21200521,19,19,76%,North,<12km/h,3,Cloudy
21200521,20,19,80%,North,<12km/h,3,Overcast
21200521,21,16,94%,Northeast,<12km/h,2,Overcast
21200521,22,14,100%,North,<12km/h,2,Overcast
21200521,23,14,90%,Northwest,16-24km/h,4,Overcast
21200522,00,13,88%,North,<12km/h,3,Overcast
21200522,01,12,100%,North,<12km/h,3,Rain
21200522,02,11,100%,North,<12km/h,3,Overcast
21200522,03,11,97%,North,<12km/h,2,Rain
21200522,04,10,100%,North,<12km/h,2,Overcast
21200522,05,10,82%,North,16-24km/h,4,Rain
21200522,06,9,91%,Northeast,<12km/h,2,Overcast
21200522,07,9,91%,Northeast,<12km/h,2,Overcast
21200522,08,9,100%,North,<12km/h,3,Rain
21200522,09,9,91%,North,<12km/h,2,Overcast
21200522,10,10,76%,North,<12km/h,2,Overcast
21200522,11,9,82%,North,<12km/h,3,Overcast
21200522,12,10,70%,North,<12km/h,3,Overcast
21200522,13,10,75%,North,<12km/h,3,Overcast
21200522,14,9,74%,North,<12km/h,2,Overcast
21200522,15,9,73%,North,<12km/h,2,Overcast
21200522,16,9,71%,Northeast,<12km/h,2,Overcast
21200522,17,9,73%,Northeast,<12km/h,1,Overcast
21200522,18,9,74%,North,<12km/h,2,Overcast
21200522,19,9,69%,Northeast,<12km/h,2,Overcast
21200522,20,8,87%,Northeast,<12km/h,2,Overcast
21200522,21,8,82%,Northeast,<12km/h,2,Overcast
21200522,22,7,80%,Northwest,<12km/h,1,Cloudy
21200522,23,8,81%,Northwest,<12km/h,2,Overcast
21200523,00,9,78%,South,<12km/h,1,Cloudy
21200523,01,9,77%,Southwest,<12km/h,2,Sunny
21200523,02,10,79%,Quiet,,0,Sunny
21200523,03,8,92%,Southeast,<12km/h,1,Sunny
21200523,04,8,92%,Southeast,<12km/h,1,Sunny
21200523,05,8,92%,Southeast,<12km/h,1,Sunny
21200523,06,8,92%,Southeast,<12km/h,1,Sunny
21200523,07,8,92%,Southeast,<12km/h,1,Sunny
21200523,08,8,92%,Southeast,<12km/h,1,Sunny
21200523,09,8,92%,Southeast,<12km/h,1,Sunny
21200523,10,18,45%,North,<12km/h,1,Overcast
21200523,11,19,44%,Southwest,<12km/h,2,Overcast
21200523,12,20,41%,West,<12km/h,2,Cloudy
21200523,13,22,39%,Southwest,<12km/h,2,Cloudy
21200523,14,22,35%,West,<12km/h,2,Cloudy
21200523,15,22,34%,Southwest,<12km/h,2,Cloudy
21200523,16,22,35%,Southwest,<12km/h,2,Cloudy
21200523,17,20,44%,Southwest,<12km/h,1,Cloudy
21200523,18,19,43%,South,<12km/h,2,Cloudy
21200523,19,16,54%,Southwest,<12km/h,1,Cloudy
21200523,20,16,62%,Southwest,<12km/h,2,Overcast
21200523,21,15,59%,Quiet,,0,Sunny
21200523,22,14,74%,South,<12km/h,1,Overcast
21200523,23,13,74%,South,<12km/h,1,Sunny
21200524,00,8,85%,North,<12km/h,1,Overcast
21200524,01,8,80%,North,<12km/h,2,Overcast
21200524,02,8,79%,Northeast,<12km/h,2,Overcast
21200524,03,8,77%,Northeast,<12km/h,1,Overcast
21200524,04,7,83%,West,<12km/h,1,Overcast
21200524,05,8,82%,Northwest,<12km/h,1,Overcast
21200524,06,7,83%,Northwest,<12km/h,2,Overcast
21200524,07,8,74%,Northwest,<12km/h,2,Overcast
21200524,08,8,79%,Northwest,<12km/h,2,Overcast
21200524,09,8,76%,North,<12km/h,2,Overcast
21200524,10,9,74%,North,<12km/h,2,Overcast
21200524,11,9,72%,East,<12km/h,1,Overcast
21200524,12,10,71%,North,<12km/h,2,Overcast
21200524,13,10,70%,North,<12km/h,2,Overcast
21200524,14,10,75%,Northeast,<12km/h,2,Overcast
21200524,15,10,68%,East,<12km/h,1,Overcast
21200524,16,10,74%,East,<12km/h,1,Overcast
21200524,17,10,72%,East,<12km/h,1,Overcast
21200524,18,10,80%,Northeast,<12km/h,1,Overcast
21200524,19,9,85%,Northwest,<12km/h,1,Overcast
21200524,20,9,88%,Northwest,<12km/h,1,Cloudy
21200524,21,10,85%,Quiet,,0,Overcast
21200524,22,8,93%,Quiet,,0,Cloudy
21200524,23,8,92%,Northwest,<12km/h,1,Cloudy
21200525,00,10,77%,Northeast,<12km/h,1,Overcast
21200525,01,10,88%,Quiet,,0,Overcast
21200525,02,9,85%,North,<12km/h,1,Overcast
21200525,03,10,93%,Northwest,<12km/h,2,Overcast
21200525,04,9,90%,Northwest,<12km/h,1,Cloudy
21200525,05,9,85%,North,<12km/h,2,Overcast
21200525,06,9,86%,North,<12km/h,2,Cloudy
21200525,07,9,89%,North,<12km/h,3,Overcast
21200525,08,9,89%,West,<12km/h,1,Overcast
21200525,09,9,99%,North,<12km/h,2,Overcast
21200525,10,9,100%,North,<12km/h,2,Rain
21200525,11,9,98%,North,<12km/h,2,Rain
21200525,12,9,100%,North,<12km/h,2,Rain
21200525,13,9,93%,North,<12km/h,3,Overcast
21200525,14,9,96%,Quiet,,0,Rain
21200525,15,9,88%,North,<12km/h,3,Overcast
21200525,16,8,100%,North,<12km/h,2,Rain
21200525,17,8,100%,Northwest,<12km/h,2,Rain
21200525,18,8,100%,North,<12km/h,2,Rain
21200525,19,8,100%,North,<12km/h,3,Rain
21200525,20,8,97%,Northeast,<12km/h,3,Rain
21200525,21,8,99%,Northwest,<12km/h,2,Rain
21200525,22,8,100%,Northwest,<12km/h,3,Rain
21200525,23,7,97%,North,<12km/h,2,Rain
21200526,00,8,100%,Northwest,<12km/h,3,Rain
21200526,01,8,100%,Northwest,<12km/h,3,Rain
21200526,02,8,91%,Northwest,<12km/h,2,Overcast
21200526,03,7,92%,North,<12km/h,3,Overcast
21200526,04,8,90%,North,<12km/h,2,Overcast
21200526,05,7,96%,North,<12km/h,3,Overcast
21200526,06,7,94%,Northwest,<12km/h,3,Overcast
21200526,07,7,80%,North,<12km/h,2,Overcast
21200526,08,7,82%,North,<12km/h,2,Cloudy
21200526,09,8,73%,Northwest,<12km/h,3,Cloudy
21200526,10,8,73%,Northwest,<12km/h,2,Sunny
21200526,11,8,68%,North,<12km/h,3,Sunny
21200526,12,10,58%,South,<12km/h,1,Sunny
21200526,13,11,53%,North,<12km/h,2,Sunny
21200526,14,11,49%,North,<12km/h,2,Sunny
21200526,15,11,47%,North,<12km/h,2,Sunny
21200526,16,10,60%,Northwest,<12km/h,3,Overcast
21200526,17,10,60%,North,<12km/h,3,Overcast
21200526,18,10,60%,North,<12km/h,3,Overcast
21200526,19,10,60%,North,<12km/h,3,Overcast
21200526,20,10,60%,North,<12km/h,3,Overcast
21200526,21,10,60%,North,<12km/h,3,Overcast
21200526,22,10,60%,North,<12km/h,3,Overcast
21200526,23,10,60%,North,<12km/h,3,Overcast
21200527,00,16,82%,Southeast,<12km/h,1,Cloudy
21200527,01,14,91%,Southeast,<12km/h,1,Sunny
21200527,02,13,98%,Southwest,<12km/h,1,Cloudy
21200527,03,15,95%,North,<12km/h,1,Cloudy
21200527,04,15,98%,West,<12km/h,2,Rain
21200527,05,13,97%,South,<12km/h,1,Rain
21200527,06,15,100%,Southwest,<12km/h,1,Rain
21200527,07,15,100%,Southwest,<12km/h,1,Rain
21200527,08,15,100%,Southwest,<12km/h,2,Cloudy
21200527,09,16,97%,Southwest,<12km/h,1,Cloudy
21200527,10,17,88%,Southwest,<12km/h,1,Cloudy
21200527,11,17,83%,West,<12km/h,2,Cloudy
21200527,12,17,83%,West,<12km/h,2,Cloudy
21200527,13,17,85%,Southwest,<12km/h,1,Cloudy
21200527,14,20,58%,West,<12km/h,2,Sunny
21200527,15,20,55%,West,<12km/h,3,Sunny
21200527,16,18,73%,Quiet,,0,Sunny
21200527,17,18,61%,Northwest,<12km/h,3,Sunny
21200527,18,17,64%,Northwest,<12km/h,3,Cloudy
21200527,19,17,61%,Northwest,<12km/h,1,Cloudy
21200527,20,17,65%,West,<12km/h,1,Cloudy
21200527,21,16,76%,Northwest,<12km/h,1,Sunny
21200527,22,17,59%,West,<12km/h,2,Cloudy
21200527,23,15,81%,East,<12km/h,1,Cloudy
21200528,08,7,75%,Quiet,,0,Cloudy
21200528,09,7,71%,West,<12km/h,1,Cloudy
21200528,10,7,71%,Northeast,<12km/h,1,Cloudy
21200528,11,8,71%,West,<12km/h,2,Cloudy
21200528,12,9,69%,West,<12km/h,1,Overcast
21200528,13,10,66%,Northwest,<12km/h,1,Overcast
21200528,14,10,63%,Quiet,,0,Cloudy
21200528,15,10,72%,Northwest,<12km/h,2,Overcast
21200528,16,10,70%,Northeast,<12km/h,1,Cloudy
21200528,17,10,76%,East,<12km/h,1,Cloudy
21200528,18,10,67%,Quiet,,0,Cloudy
21200528,19,9,80%,Southwest,<12km/h,1,Cloudy
21200528,20,9,79%,Quiet,,0,Cloudy
21200528,21,9,71%,North,<12km/h,1,Sunny
21200528,22,9,78%,West,<12km/h,1,Sunny
21200528,23,9,84%,Southwest,<12km/h,2,Sunny
21200529,00,9,79%,Northeast,<12km/h,1,Sunny
21200529,01,9,82%,North,<12km/h,1,Sunny
21200529,02,9,85%,Southwest,<12km/h,1,Cloudy
21200529,03,9,83%,South,<12km/h,1,Cloudy
21200529,04,8,84%,Quiet,,0,Cloudy
21200529,05,9,86%,West,<12km/h,1,Cloudy
21200529,06,9,91%,Southwest,<12km/h,1,Overcast
21200529,07,9,90%,West,<12km/h,1,Overcast
21200529,08,9,82%,Quiet,,0,Cloudy
21200529,09,10,75%,Quiet,,0,Cloudy
21200529,10,10,73%,West,<12km/h,1,Cloudy
21200529,11,11,74%,Northwest,<12km/h,1,Cloudy
21200529,12,11,74%,Quiet,,0,Cloudy
21200529,13,11,75%,East,<12km/h,1,Cloudy
21200529,14,11,77%,Northwest,<12km/h,1,Cloudy
21200529,15,10,100%,North,<12km/h,1,Cloudy
21200529,16,10,100%,Quiet,,0,Rain
21200529,17,10,97%,Quiet,,0,Rain
21200529,18,10,98%,Quiet,,0,Overcast
21200529,19,10,100%,Quiet,,0,Overcast
21200529,20,10,98%,Quiet,,0,Rain
21200529,21,10,100%,Northwest,<12km/h,1,Rain
21200529,22,10,100%,Quiet,,0,Rain
21200529,23,10,99%,West,<12km/h,1,Rain
21200530,00,16,89%,East,<12km/h,2,Cloudy
21200530,01,16,92%,Southeast,16-24km/h,4,Cloudy
21200530,02,14,93%,Southwest,<12km/h,1,Cloudy
21200530,03,14,90%,Southeast,<12km/h,1,Cloudy
21200530,04,16,97%,Southeast,<12km/h,3,Cloudy
21200530,05,15,100%,North,<12km/h,1,Overcast
21200530,06,16,100%,South,<12km/h,1,Overcast
21200530,07,16,100%,Quiet,,0,Overcast
21200530,08,16,96%,North,<12km/h,1,Overcast
21200530,09,17,100%,Quiet,,0,Overcast
21200530,10,17,94%,North,<12km/h,1,Overcast
21200530,11,17,100%,Quiet,,0,Cloudy
21200530,12,18,86%,Northeast,<12km/h,2,Cloudy
21200530,13,20,77%,North,24-34km/h,5,Cloudy
21200530,14,21,72%,North,<12km/h,3,Sunny
21200530,15,21,67%,East,<12km/h,2,Sunny
21200530,16,21,67%,North,<12km/h,1,Sunny
21200530,17,20,73%,Northeast,<12km/h,3,Sunny
21200530,18,19,80%,Northeast,<12km/h,2,Sunny
21200530,19,18,87%,South,<12km/h,1,Sunny
21200530,20,16,100%,South,<12km/h,1,Sunny
21200530,21,14,94%,North,<12km/h,2,Sunny
21200530,22,14,95%,North,<12km/h,1,Sunny
21200530,23,14,100%,Quiet,,0,Sunny
21200531,00,9,98%,West,<12km/h,1,Rain
21200531,01,10,100%,West,<12km/h,1,Rain
21200531,02,10,98%,West,<12km/h,2,Rain
21200531,03,10,100%,East,<12km/h,1,Rain
21200531,04,10,100%,Southeast,<12km/h,1,Rain
21200531,05,10,97%,West,<12km/h,2,Rain
21200531,06,10,95%,Northwest,<12km/h,2,Rain
21200531,07,9,100%,Northwest,<12km/h,2,Rain
21200531,08,10,100%,Quiet,,0,Rain
21200531,09,9,86%,Northwest,<12km/h,2,Overcast
21200531,10,9,96%,North,<12km/h,2,Overcast
21200531,11,9,83%,West,<12km/h,2,Cloudy
21200531,12,8,91%,Northwest,<12km/h,3,Overcast
21200531,13,8,90%,North,<12km/h,2,Overcast
21200531,14,9,80%,Northwest,16-24km/h,4,Cloudy
21200531,15,9,74%,Northwest,<12km/h,3,Cloudy
21200531,16,9,79%,Northwest,<12km/h,2,Cloudy
21200531,17,8,81%,North,<12km/h,2,Overcast
21200531,18,8,80%,North,<12km/h,2,Cloudy
21200531,19,8,78%,Northeast,<12km/h,3,Overcast
21200531,20,8,74%,Northwest,<12km/h,3,Cloudy
21200531,21,8,79%,Northwest,<12km/h,2,Cloudy
21200531,22,8,77%,Northwest,<12km/h,2,Cloudy
21200531,23,8,77%,Northwest,<12km/h,2,Cloudy
21200601,00,7,77%,North,<12km/h,1,Overcast
21200601,01,7,79%,North,<12km/h,2,Overcast
21200601,02,7,70%,Northwest,<12km/h,3,Overcast
21200601,03,7,66%,West,<12km/h,3,Cloudy
21200601,04,6,66%,West,<12km/h,2,Cloudy
21200601,05,5,80%,West,<12km/h,2,Sunny
21200601,06,5,74%,West,<12km/h,2,Sunny
21200601,07,5,84%,West,<12km/h,1,Sunny
21200601,08,6,73%,West,<12km/h,1,Sunny
21200601,09,7,66%,West,<12km/h,1,Sunny
21200601,10,8,47%,North,<12km/h,2,Sunny
21200601,11,9,49%,Northwest,<12km/h,2,Sunny
21200601,12,10,39%,Northeast,<12km/h,1,Sunny
21200601,13,10,40%,West,<12km/h,2,Sunny
21200601,14,10,42%,North,<12km/h,2,Overcast
21200601,15,10,39%,Northwest,<12km/h,2,Sunny
21200601,16,10,43%,Northwest,<12km/h,2,Sunny
21200601,17,8,55%,North,<12km/h,1,Sunny
21200601,18,9,52%,Northeast,<12km/h,1,Sunny
21200601,19,8,48%,North,<12km/h,2,Sunny
21200601,20,6,52%,North,<12km/h,2,Sunny
21200601,21,6,73%,Southwest,<12km/h,1,Sunny
21200601,22,5,80%,Southwest,<12km/h,1,Sunny
21200601,23,5,76%,Northwest,<12km/h,1,Sunny
21200602,00,3,80%,North,<12km/h,1,Overcast
21200602,01,2,89%,South,<12km/h,1,Sunny
21200602,02,2,95%,South,<12km/h,1,Sunny
21200602,03,1,84%,West,<12km/h,1,Sunny
21200602,04,3,85%,Northwest,<12km/h,1,Sunny
21200602,05,1,100%,South,<12km/h,1,Sunny
21200602,06,2,100%,South,<12km/h,1,Sunny
21200602,07,0,91%,West,<12km/h,1,Sunny
21200602,08,2,96%,South,<12km/h,1,Sunny
21200602,09,6,70%,West,<12km/h,1,Overcast
21200602,10,8,59%,North,<12km/h,2,Overcast
21200602,11,8,43%,North,<12km/h,1,Sunny
21200602,12,9,48%,Southeast,<12km/h,2,Sunny
21200602,13,10,40%,West,<12km/h,2,Sunny
21200602,14,10,45%,North,<12km/h,2,Sunny
21200602,15,11,35%,North,<12km/h,2,Sunny
21200602,16,10,40%,Northeast,<12km/h,2,Sunny
21200602,17,8,57%,Quiet,,0,Sunny
21200602,18,6,67%,Southeast,<12km/h,1,Sunny
21200602,19,5,81%,South,<12km/h,1,Sunny
21200602,20,6,79%,Quiet,,0,Sunny
21200602,21,4,93%,Southwest,<12km/h,1,Sunny
21200602,22,4,88%,Southwest,<12km/h,1,Sunny
21200602,23,3,81%,Southeast,<12km/h,1,Sunny
21200603,00,2,84%,Quiet,,0,Sunny
21200603,01,3,93%,Southwest,<12km/h,2,Sunny
21200603,02,1,88%,South,<12km/h,1,Sunny
21200603,03,1,90%,South,<12km/h,1,Sunny
21200603,04,1,92%,South,<12km/h,1,Sunny
21200603,05,2,100%,Southwest,<12km/h,2,Overcast
21200603,06,2,99%,Southwest,<12km/h,2,Overcast
21200603,07,0,95%,West,<12km/h,1,Sunny
21200603,08,3,95%,Quiet,,0,Sunny
21200603,09,5,78%,South,<12km/h,1,Sunny
21200603,10,10,50%,South,<12km/h,1,Sunny
21200603,11,10,48%,North,<12km/h,1,Sunny
21200603,12,10,56%,Northeast,<12km/h,1,Sunny
21200603,13,10,50%,North,<12km/h,1,Sunny
21200603,14,13,28%,Northwest,<12km/h,2,Sunny
21200603,15,13,26%,North,<12km/h,3,Sunny
21200603,16,11,34%,North,<12km/h,2,Sunny
21200603,17,10,49%,Northeast,<12km/h,1,Cloudy
21200603,18,8,63%,Southeast,<12km/h,1,Cloudy
21200603,19,9,42%,Northeast,<12km/h,1,Cloudy
21200603,20,7,73%,Quiet,,0,Cloudy
21200603,21,5,80%,South,<12km/h,2,Cloudy
21200603,22,5,78%,South,<12km/h,2,Cloudy
21200603,23,5,72%,Quiet,,0,Cloudy
21200604,00,4,84%,South,<12km/h,2,Cloudy
21200604,01,5,78%,Southwest,<12km/h,1,Cloudy
21200604,02,3,86%,South,<12km/h,1,Overcast
21200604,03,3,87%,South,<12km/h,1,Cloudy
21200604,04,2,89%,South,<12km/h,1,Cloudy
21200604,05,5,87%,Quiet,,0,Sunny
21200604,06,2,95%,South,<12km/h,1,Sunny
21200604,07,5,82%,Northwest,<12km/h,1,Sunny
21200604,08,4,75%,Southwest,<12km/h,2,Sunny
21200604,09,6,70%,Southwest,<12km/h,1,Sunny
21200604,10,7,69%,Southeast,<12km/h,1,Sunny
21200604,11,9,58%,Southwest,<12km/h,1,Sunny
21200604,12,9,58%,Southwest,<12km/h,1,Sunny
21200604,13,10,48%,Northeast,<12km/h,2,Sunny
21200604,14,9,54%,North,<12km/h,2,Cloudy
21200604,15,11,52%,Southwest,<12km/h,1,Sunny
21200604,16,10,52%,Southeast,<12km/h,1,Sunny
21200604,17,10,61%,Southwest,<12km/h,1,Cloudy
21200604,18,9,69%,North,<12km/h,2,Overcast
21200604,19,5,73%,East,<12km/h,1,Cloudy
21200604,20,6,92%,Quiet,,0,Overcast
21200604,21,6,93%,South,<12km/h,1,Overcast
21200604,22,6,91%,Southwest,<12km/h,1,Overcast
21200604,23,9,65%,Quiet,,0,Overcast
21200605,00,6,94%,Northwest,<12km/h,1,Overcast
21200605,01,7,74%,East,<12km/h,1,Overcast
21200605,02,8,85%,North,<12km/h,2,Overcast
21200605,03,8,84%,Northeast,<12km/h,2,Overcast
21200605,04,8,78%,Northeast,<12km/h,2,Overcast
21200605,05,8,79%,Quiet,,0,Overcast
21200605,06,8,85%,Northeast,<12km/h,3,Cloudy
21200605,07,8,76%,North,<12km/h,1,Cloudy
21200605,08,8,73%,North,<12km/h,1,Overcast
21200605,09,8,64%,Northeast,<12km/h,1,Overcast
21200605,10,8,69%,North,<12km/h,2,Overcast
21200605,11,8,65%,North,<12km/h,3,Overcast
21200605,12,8,67%,North,<12km/h,3,Overcast
21200605,13,9,54%,Northeast,<12km/h,3,Overcast
21200605,14,9,53%,North,<12km/h,3,Overcast
21200605,15,9,53%,Northeast,<12km/h,2,Cloudy
21200605,16,9,48%,Northeast,<12km/h,2,Cloudy
21200605,17,8,59%,East,<12km/h,1,Cloudy
21200605,18,7,66%,Northwest,<12km/h,1,Cloudy
21200605,19,7,64%,Northwest,<12km/h,2,Cloudy
21200605,20,7,65%,West,<12km/h,2,Sunny
21200605,21,3,73%,South,<12km/h,1,Sunny
21200605,22,4,90%,South,<12km/h,1,Sunny
21200605,23,4,96%,Southwest,<12km/h,2,Sunny
21200606,00,2,92%,Southwest,<12km/h,1,Sunny
21200606,01,3,100%,Southwest,<12km/h,2,Sunny
21200606,02,1,90%,Southwest,<12km/h,1,Sunny
21200606,03,1,100%,Southwest,<12km/h,2,Sunny
21200606,04,2,100%,South,<12km/h,2,Sunny
21200606,05,2,100%,Southwest,<12km/h,2,Sunny
21200606,06,1,100%,Southwest,<12km/h,2,Sunny
21200606,07,2,100%,Southwest,<12km/h,2,Sunny
21200606,08,3,83%,Southwest,<12km/h,1,Sunny
21200606,09,5,79%,Southwest,<12km/h,1,Sunny
21200606,10,7,62%,Northwest,<12km/h,2,Sunny
21200606,11,8,60%,Northeast,<12km/h,2,Sunny
21200606,12,9,55%,West,<12km/h,2,Sunny
21200606,13,10,34%,Northeast,<12km/h,2,Sunny
21200606,14,10,44%,Northeast,<12km/h,2,Sunny
21200606,15,10,46%,Northeast,<12km/h,2,Sunny
21200606,16,9,49%,Northeast,<12km/h,1,Sunny
21200606,17,7,42%,Northeast,<12km/h,2,Sunny
21200606,18,6,71%,South,<12km/h,1,Sunny
21200606,19,5,79%,South,<12km/h,1,Sunny
21200606,20,4,82%,Southwest,<12km/h,1,Sunny
21200606,21,3,79%,Southwest,<12km/h,2,Sunny
21200606,22,3,78%,Southwest,<12km/h,1,Sunny
21200606,23,2,77%,South,<12km/h,1,Sunny
21200607,00,3,89%,Quiet,,0,Sunny
21200607,01,1,82%,Southeast,<12km/h,2,Sunny
21200607,02,0,99%,South,<12km/h,2,Sunny
21200607,03,1,92%,Southwest,<12km/h,1,Sunny
21200607,04,1,91%,Southwest,<12km/h,2,Sunny
21200607,05,0,100%,Southwest,<12km/h,1,Sunny
21200607,06,0,97%,Southwest,<12km/h,2,Sunny
21200607,07,0,99%,Southeast,<12km/h,1,Sunny
21200607,08,0,83%,Southeast,<12km/h,1,Sunny
21200607,09,7,61%,Quiet,,0,Sunny
21200607,10,5,66%,Southwest,<12km/h,2,Sunny
21200607,11,9,45%,South,<12km/h,1,Sunny
21200607,12,10,35%,Northwest,<12km/h,1,Sunny
21200607,13,11,34%,North,<12km/h,1,Sunny
21200607,14,12,38%,Northeast,<12km/h,2,Sunny
21200607,15,12,33%,Northeast,<12km/h,1,Sunny
21200607,16,11,42%,East,<12km/h,1,Sunny
21200607,17,9,50%,Quiet,,0,Sunny
21200607,18,9,53%,East,<12km/h,1,Sunny
21200607,19,10,51%,Quiet,,0,Cloudy
21200607,20,3,85%,Southeast,<12km/h,1,Sunny
21200607,21,3,84%,Quiet,,0,Sunny
21200607,22,3,71%,Quiet,,0,Sunny
21200607,23,3,75%,Quiet,,0,Sunny
21200608,00,3,94%,Southwest,<12km/h,1,Sunny
21200608,01,1,81%,Quiet,,0,Sunny
21200608,02,1,83%,East,<12km/h,2,Sunny
21200608,03,0,87%,South,<12km/h,1,Sunny
21200608,04,0,85%,South,<12km/h,1,Sunny
21200608,05,1,89%,Southeast,<12km/h,1,Sunny
21200608,06,2,87%,Quiet,,0,Overcast
21200608,07,0,91%,East,<12km/h,2,Cloudy
21200608,08,4,77%,South,<12km/h,2,Sunny
21200608,09,8,67%,South,<12km/h,1,Sunny
21200608,10,7,63%,Northwest,<12km/h,1,Sunny
21200608,11,11,52%,North,<12km/h,1,Sunny
21200608,12,15,31%,Southwest,<12km/h,2,Sunny
21200608,13,15,31%,Southwest,<12km/h,2,Sunny
21200608,14,16,25%,West,<12km/h,2,Cloudy
21200608,15,17,27%,East,<12km/h,1,Cloudy
21200608,16,16,31%,Southwest,<12km/h,2,Sunny
21200608,17,14,35%,South,<12km/h,1,Cloudy
21200608,18,10,64%,South,<12km/h,1,Cloudy
21200608,19,9,65%,South,<12km/h,1,Cloudy
21200608,20,10,68%,Northwest,<12km/h,1,Cloudy
21200608,21,7,77%,Southwest,<12km/h,1,Cloudy
21200608,22,5,89%,Southeast,<12km/h,2,Sunny
21200608,23,7,78%,Southwest,<12km/h,1,Sunny
21200609,00,6,74%,Quiet,,0,Sunny
21200609,01,5,86%,Quiet,,0,Sunny
21200609,02,6,83%,Quiet,,0,Sunny
21200609,03,6,79%,South,<12km/h,2,Sunny
21200609,04,5,88%,South,<12km/h,1,Sunny
21200609,05,4,95%,South,<12km/h,2,Sunny
21200609,06,3,89%,South,<12km/h,2,Sunny
21200609,07,3,92%,Northeast,<12km/h,1,Sunny
21200609,08,4,86%,Quiet,,0,Sunny
21200609,09,11,54%,Southwest,<12km/h,1,Overcast
21200609,10,13,49%,Southwest,<12km/h,1,Sunny
21200609,11,15,43%,West,<12km/h,1,Sunny
21200609,12,17,41%,North,<12km/h,1,Sunny
21200609,13,19,31%,Northwest,<12km/h,2,Sunny
21200609,14,19,23%,Southwest,<12km/h,2,Sunny
21200609,15,20,27%,Quiet,,0,Sunny
21200609,16,17,39%,Southeast,<12km/h,1,Sunny
21200609,17,17,27%,Southeast,<12km/h,1,Sunny
21200609,18,14,40%,South,<12km/h,1,Sunny
21200609,19,10,73%,South,<12km/h,1,Sunny
21200609,20,10,73%,South,<12km/h,1,Sunny
21200609,21,9,70%,Quiet,,0,Cloudy
21200609,22,8,74%,South,<12km/h,2,Cloudy
21200609,23,7,65%,South,<12km/h,1,Sunny
21200610,00,8,62%,Southwest,<12km/h,1,Sunny
21200610,01,7,70%,Quiet,,0,Sunny
21200610,02,8,63%,South,<12km/h,1,Sunny
21200610,03,6,71%,South,<12km/h,1,Sunny
21200610,04,6,69%,Southwest,<12km/h,2,Sunny
21200610,05,5,74%,Southwest,<12km/h,1,Sunny
21200610,06,3,88%,Quiet,,0,Sunny
21200610,07,5,74%,Southwest,<12km/h,1,Sunny
21200610,08,7,83%,South,<12km/h,2,Sunny
21200610,09,7,67%,Northwest,<12km/h,1,Sunny
21200610,10,10,52%,Northwest,<12km/h,1,Sunny
21200610,11,16,38%,North,<12km/h,2,Sunny
21200610,12,16,45%,Northwest,<12km/h,2,Sunny
21200610,13,17,36%,Northeast,<12km/h,2,Sunny
21200610,14,17,33%,North,<12km/h,3,Sunny
21200610,15,16,31%,North,<12km/h,2,Sunny
21200610,16,15,34%,Northeast,<12km/h,2,Sunny
21200610,17,13,39%,Quiet,,0,Sunny
21200610,18,13,36%,East,<12km/h,2,Sunny
21200610,19,9,64%,Southeast,<12km/h,1,Sunny
21200610,20,9,59%,Quiet,,0,Sunny
21200610,21,7,72%,South,<12km/h,1,Sunny
21200610,22,6,77%,Quiet,,0,Sunny
21200610,23,7,59%,Quiet,,0,Sunny
21200611,00,6,65%,Quiet,,0,Sunny
21200611,01,5,74%,Northeast,<12km/h,1,Sunny
21200611,02,4,100%,Quiet,,0,Cloudy
21200611,03,4,100%,Quiet,,0,Cloudy
21200611,04,2,100%,Southwest,<12km/h,1,Fog
21200611,05,3,100%,South,<12km/h,1,Sunny
21200611,06,3,100%,South,<12km/h,2,Sunny
21200611,07,3,100%,South,<12km/h,1,Sunny
21200611,08,5,100%,Southwest,<12km/h,2,Sunny
21200611,09,9,78%,Quiet,,0,Sunny
21200611,10,11,69%,Northeast,<12km/h,2,Sunny
21200611,11,11,55%,Southeast,<12km/h,1,Sunny
21200611,12,12,59%,Northeast,<12km/h,2,Sunny
21200611,13,14,44%,Northeast,<12km/h,2,Sunny
21200611,14,13,54%,East,<12km/h,2,Sunny
21200611,15,13,60%,Northeast,<12km/h,3,Sunny
21200611,16,14,47%,Northwest,<12km/h,2,Sunny
21200611,17,12,58%,Northeast,<12km/h,2,Sunny
21200611,18,10,72%,East,<12km/h,2,Sunny
21200611,19,10,69%,North,<12km/h,2,Sunny
21200611,20,8,85%,Northeast,<12km/h,2,Sunny
21200611,21,8,76%,Quiet,,0,Sunny
21200611,22,7,93%,Southwest,<12km/h,1,Sunny
21200611,23,5,97%,Southeast,<12km/h,1,Sunny
21200612,00,6,89%,Quiet,,0,Sunny
21200612,01,5,94%,Southwest,<12km/h,1,Sunny
21200612,02,5,87%,Southeast,<12km/h,2,Sunny
21200612,03,4,100%,Quiet,,0,Sunny
21200612,04,5,96%,Quiet,,0,Sunny
21200612,05,4,100%,Quiet,,0,Sunny
21200612,06,3,100%,Quiet,,0,Sunny
21200612,07,3,92%,Southeast,<12km/h,1,Sunny
21200612,08,6,92%,Quiet,,0,Sunny
21200612,09,9,80%,Quiet,,0,Sunny
21200612,10,12,65%,South,<12km/h,1,Sunny
21200612,11,15,46%,Southwest,<12km/h,1,Sunny
21200612,12,18,38%,West,<12km/h,2,Sunny
21200612,13,16,48%,North,<12km/h,2,Sunny
21200612,14,19,35%,Southwest,<12km/h,2,Sunny
21200612,15,17,45%,Northeast,<12km/h,1,Sunny
21200612,16,17,47%,Quiet,,0,Sunny
21200612,17,14,62%,Quiet,,0,Sunny
21200612,18,14,51%,East,<12km/h,2,Sunny
21200612,19,12,63%,Southeast,<12km/h,2,Sunny
21200612,20,9,96%,Quiet,,0,Cloudy
21200612,21,9,96%,Southwest,<12km/h,1,Cloudy
21200612,22,9,75%,West,<12km/h,1,Sunny
21200612,23,9,90%,Southwest,<12km/h,1,Sunny
21200613,00,8,93%,Southwest,<12km/h,2,Sunny
21200613,01,7,91%,Northeast,<12km/h,1,Cloudy
21200613,02,7,95%,Quiet,,0,Cloudy
21200613,03,7,100%,Quiet,,0,Cloudy
21200613,04,7,95%,West,<12km/h,1,Cloudy
21200613,05,5,91%,Quiet,,0,Sunny
21200613,06,6,100%,Quiet,,0,Sunny
21200613,07,5,90%,Southwest,<12km/h,1,Sunny
21200613,08,9,90%,Quiet,,0,Overcast
21200613,09,9,79%,Quiet,,0,Sunny
21200613,10,14,59%,East,<12km/h,2,Sunny
21200613,11,14,67%,East,<12km/h,2,Sunny
21200613,12,15,58%,Northeast,<12km/h,2,Sunny
21200613,13,15,57%,Northeast,<12km/h,2,Sunny
21200613,14,18,43%,North,<12km/h,1,Sunny
21200613,15,15,67%,North,<12km/h,2,Sunny
21200613,16,14,71%,North,<12km/h,2,Sunny
21200613,17,14,58%,North,<12km/h,3,Sunny
21200613,18,12,72%,East,<12km/h,2,Sunny
21200613,19,12,70%,East,<12km/h,2,Sunny
21200613,20,10,95%,East,<12km/h,2,Sunny
21200613,21,10,82%,Quiet,,0,Sunny
21200613,22,8,100%,Quiet,,0,Sunny
21200613,23,8,100%,Quiet,,0,Sunny
21200614,00,11,88%,East,<12km/h,1,Sunny
21200614,01,7,100%,Quiet,,0,Sunny
21200614,02,7,89%,Southeast,<12km/h,1,Sunny
21200614,03,7,89%,Southeast,<12km/h,1,Sunny
21200614,04,8,98%,Quiet,,0,Sunny
21200614,05,6,100%,Southwest,<12km/h,1,Fog
21200614,06,8,99%,Southwest,<12km/h,1,Fog
21200614,07,6,98%,Quiet,,0,Fog
21200614,08,7,100%,Quiet,,0,Fog
21200614,09,9,81%,Northwest,<12km/h,1,Cloudy
21200614,10,9,94%,Southwest,<12km/h,1,Cloudy
21200614,11,13,72%,Northeast,<12km/h,1,Sunny
21200614,12,14,81%,North,<12km/h,1,Sunny
21200614,13,17,67%,Northwest,<12km/h,2,Sunny
21200614,14,18,61%,Northwest,<12km/h,2,Sunny
21200614,15,18,51%,East,<12km/h,1,Sunny
21200614,16,17,81%,Northwest,<12km/h,2,Sunny
21200614,17,16,77%,Quiet,,0,Sunny
21200614,18,13,100%,Quiet,,0,Sunny
21200614,19,12,100%,Quiet,,0,Sunny
21200614,20,12,92%,East,<12km/h,1,Sunny
21200614,21,14,74%,Southeast,<12km/h,2,Sunny
21200614,22,10,100%,Quiet,,0,Sunny
21200614,23,10,100%,Quiet,,0,Sunny
21200615,00,9,100%,Southwest,<12km/h,1,Sunny
21200615,01,9,100%,Quiet,,0,Sunny
21200615,02,8,100%,Quiet,,0,Fog
21200615,03,9,99%,Quiet,,0,Fog
21200615,04,10,93%,East,<12km/h,1,Sunny
21200615,05,9,96%,Southwest,<12km/h,2,Sunny
21200615,06,9,97%,Quiet,,0,Sunny
21200615,07,9,100%,South,<12km/h,1,Sunny
21200615,08,10,94%,South,<12km/h,1,Sunny
21200615,09,15,75%,East,<12km/h,1,Cloudy
21200615,10,16,73%,Southwest,<12km/h,1,Cloudy
21200615,11,21,58%,West,<12km/h,2,Sunny
21200615,12,19,62%,South,<12km/h,1,Sunny
21200615,13,21,58%,East,<12km/h,1,Sunny
21200615,14,22,56%,Northeast,<12km/h,1,Sunny
21200615,15,22,57%,Southeast,<12km/h,1,Sunny
21200615,16,20,66%,Quiet,,0,Sunny
21200615,17,21,58%,Southwest,<12km/h,1,Sunny
21200615,18,17,87%,Quiet,,0,Sunny
21200615,19,19,68%,Quiet,,0,Sunny
21200615,20,15,100%,Quiet,,0,Sunny
21200615,21,14,100%,Quiet,,0,Sunny
21200615,22,13,100%,South,<12km/h,2,Sunny
21200615,23,13,100%,Quiet,,0,Cloudy
21200616,00,13,100%,Quiet,,0,Cloudy
21200616,01,16,83%,Quiet,,0,Sunny
21200616,02,15,100%,Quiet,,0,Cloudy
21200616,03,15,87%,Southeast,<12km/h,2,Sunny
21200616,04,15,88%,Southeast,<12km/h,1,Sunny
21200616,05,13,100%,Northwest,<12km/h,2,Cloudy
21200616,06,13,98%,North,<12km/h,1,Overcast
21200616,07,13,100%,North,<12km/h,1,Overcast
21200616,08,13,100%,Quiet,,0,Overcast
21200616,09,14,83%,Northeast,<12km/h,2,Overcast
21200616,10,14,88%,North,<12km/h,2,Overcast
21200616,11,15,85%,Northeast,<12km/h,1,Overcast
21200616,12,15,76%,North,<12km/h,1,Overcast
21200616,13,17,66%,North,<12km/h,3,Cloudy
21200616,14,14,76%,Northeast,<12km/h,1,Overcast
21200616,15,14,83%,North,<12km/h,3,Overcast
21200616,16,15,74%,North,<12km/h,3,Overcast
21200616,17,14,79%,North,16-24km/h,4,Cloudy
21200616,18,11,98%,North,<12km/h,3,Overcast
21200616,19,12,87%,North,<12km/h,3,Cloudy
21200616,20,10,100%,North,<12km/h,2,Overcast
21200616,21,11,80%,North,<12km/h,3,Overcast
21200616,22,10,93%,North,<12km/h,2,Rain
21200616,23,9,92%,North,<12km/h,3,Overcast
21200617,00,9,94%,North,<12km/h,2,Rain
21200617,01,9,100%,Northeast,<12km/h,2,Overcast
21200617,02,9,100%,North,<12km/h,2,Rain
21200617,03,9,93%,East,<12km/h,2,Rain
21200617,04,9,96%,East,<12km/h,2,Overcast
21200617,05,8,100%,North,<12km/h,2,Overcast
21200617,06,8,88%,East,<12km/h,1,Overcast
21200617,07,8,100%,North,<12km/h,2,Rain
21200617,08,8,94%,North,<12km/h,1,Rain
21200617,09,8,100%,North,<12km/h,1,Rain
21200617,10,8,92%,Northeast,<12km/h,1,Overcast
21200617,11,9,96%,Northeast,<12km/h,2,Overcast
21200617,12,9,87%,North,<12km/h,2,Overcast
21200617,13,9,78%,Northeast,<12km/h,2,Overcast
21200617,14,8,92%,North,<12km/h,2,Rain
21200617,15,9,88%,North,<12km/h,2,Overcast
21200617,16,8,94%,Northeast,<12km/h,1,Rain
21200617,17,8,82%,North,<12km/h,2,Overcast
21200617,18,7,99%,Northeast,<12km/h,2,Overcast
21200617,19,7,94%,North,<12km/h,3,Overcast
21200617,20,7,86%,Northeast,<12km/h,1,Rain
21200617,21,7,92%,North,<12km/h,3,Overcast
21200617,22,6,91%,Northeast,<12km/h,2,Rain
21200617,23,6,81%,Northeast,<12km/h,2,Overcast
21200618,00,6,97%,North,<12km/h,2,Overcast
21200618,01,6,84%,Northeast,<12km/h,2,Overcast
21200618,02,6,93%,Northeast,<12km/h,3,Rain
21200618,03,5,95%,Northwest,<12km/h,2,Rain
21200618,04,5,96%,North,<12km/h,2,Rain
21200618,05,5,94%,North,<12km/h,2,Rain
21200618,06,5,97%,North,<12km/h,2,Rain
21200618,07,5,97%,North,<12km/h,2,Rain
21200618,08,4,92%,Northwest,<12km/h,3,Rain
21200618,09,4,92%,Northwest,<12km/h,3,Rain
21200618,10,5,96%,Northwest,<12km/h,2,Cloudy
21200618,11,5,91%,North,<12km/h,2,Cloudy
21200618,12,5,89%,Northeast,<12km/h,1,Cloudy
21200618,13,4,94%,Northwest,<12km/h,2,Rain
21200618,14,4,94%,Northwest,<12km/h,2,Rain
21200618,15,4,93%,Northwest,<12km/h,2,Rain
21200618,16,5,100%,Northwest,<12km/h,2,Rain
21200618,17,4,90%,Northwest,<12km/h,3,Overcast
21200618,18,4,93%,Northwest,<12km/h,2,Overcast
21200618,19,6,85%,West,<12km/h,2,Overcast
21200618,20,6,96%,Quiet,,0,Cloudy
21200618,21,5,100%,Southwest,<12km/h,2,Cloudy
21200618,22,4,92%,East,<12km/h,1,Cloudy
21200618,23,5,100%,Southwest,<12km/h,1,Cloudy
21200619,00,4,97%,Quiet,,0,Cloudy
21200619,01,4,96%,West,<12km/h,1,Cloudy
21200619,02,5,100%,Quiet,,0,Cloudy
21200619,03,5,89%,Southwest,<12km/h,1,Overcast
21200619,04,5,97%,Quiet,,0,Cloudy
21200619,05,5,97%,Quiet,,0,Cloudy
21200619,06,5,88%,North,<12km/h,2,Overcast
21200619,07,5,93%,North,<12km/h,2,Overcast
21200619,08,5,91%,Quiet,,0,Overcast
21200619,09,6,84%,North,<12km/h,1,Overcast
21200619,10,6,85%,Quiet,,0,Cloudy
21200619,11,5,93%,North,<12km/h,2,Rain
21200619,12,5,96%,Northwest,<12km/h,2,Rain
21200619,13,5,96%,West,<12km/h,2,Rain
21200619,14,6,100%,West,<12km/h,2,Rain
21200619,15,6,93%,West,<12km/h,1,Rain
21200619,16,6,100%,South,<12km/h,1,Overcast
21200619,17,6,100%,Quiet,,0,Rain
21200619,18,6,96%,West,<12km/h,1,Rain
21200619,19,5,97%,North,<12km/h,1,Rain
21200619,20,6,100%,Quiet,,0,Overcast
21200619,21,6,100%,Quiet,,0,Overcast
21200619,22,6,96%,Northwest,<12km/h,1,Overcast
21200619,23,6,100%,Quiet,,0,Overcast
21200620,00,6,98%,Quiet,,0,Overcast
21200620,01,6,98%,Quiet,,0,Rain
21200620,02,6,98%,West,<12km/h,1,Rain
21200620,03,7,100%,North,<12km/h,1,Rain
21200620,04,6,99%,Quiet,,0,Rain
21200620,05,6,100%,West,<12km/h,1,Rain
21200620,06,6,99%,Quiet,,0,Rain
21200620,07,7,100%,Quiet,,0,Overcast
21200620,08,7,100%,Northwest,<12km/h,1,Rain
21200620,09,7,100%,Northwest,<12km/h,1,Rain
21200620,10,7,99%,East,<12km/h,1,Rain
21200620,11,8,97%,West,<12km/h,1,Rain
21200620,12,8,97%,Southwest,<12km/h,1,Rain
21200620,13,8,98%,Northeast,<12km/h,1,Rain
21200620,14,8,100%,Southwest,<12km/h,1,Rain
21200620,15,8,98%,Quiet,,0,Rain
21200620,16,8,100%,Quiet,,0,Rain
21200620,17,8,99%,North,<12km/h,1,Rain
21200620,18,8,100%,Quiet,,0,Rain
21200620,19,9,96%,Quiet,,0,Sunny
21200620,20,9,100%,Quiet,,0,Rain
21200620,21,8,98%,Southwest,<12km/h,1,Rain
21200620,22,9,100%,Southwest,<12km/h,1,Rain
21200620,23,8,100%,North,<12km/h,1,Rain
21200621,00,8,100%,Southwest,<12km/h,1,Rain
21200621,01,9,100%,Quiet,,0,Rain
21200621,02,8,100%,Southwest,<12km/h,1,Rain
21200621,03,9,100%,West,<12km/h,1,Rain
21200621,04,9,100%,West,<12km/h,2,Rain
21200621,05,9,100%,West,<12km/h,2,Rain
21200621,06,9,100%,West,<12km/h,1,Overcast
21200621,07,8,100%,Quiet,,0,Overcast
21200621,08,8,100%,Quiet,,0,Overcast
21200621,09,9,100%,West,<12km/h,2,Rain
21200621,10,9,100%,South,<12km/h,1,Overcast
21200621,11,9,97%,West,<12km/h,2,Overcast
21200621,12,9,100%,Northwest,<12km/h,2,Rain
21200621,13,9,100%,Quiet,,0,Overcast
21200621,14,10,93%,North,<12km/h,1,Rain
21200621,15,9,100%,Northwest,<12km/h,1,Overcast
21200621,16,9,100%,North,<12km/h,1,Overcast
21200621,17,10,93%,Quiet,,0,Overcast
21200621,18,9,96%,North,<12km/h,2,Rain
21200621,19,9,96%,North,<12km/h,2,Rain
21200621,20,9,95%,East,<12km/h,1,Cloudy
21200621,21,9,94%,North,<12km/h,2,Cloudy
21200621,22,9,100%,Quiet,,0,Sunny
21200621,23,9,97%,North,<12km/h,1,Cloudy
21200622,00,9,100%,Quiet,,0,Sunny
21200622,01,8,95%,West,<12km/h,1,Overcast
21200622,02,9,93%,Northwest,<12km/h,1,Cloudy
21200622,03,9,100%,Quiet,,0,Cloudy
21200622,04,9,100%,Quiet,,0,Cloudy
21200622,05,8,100%,Quiet,,0,Overcast
21200622,06,9,100%,East,<12km/h,1,Overcast
21200622,07,9,97%,North,<12km/h,1,Overcast
21200622,08,9,100%,Quiet,,0,Overcast
21200622,09,10,100%,East,<12km/h,2,Sunny
21200622,10,10,85%,North,<12km/h,1,Sunny
21200622,11,10,82%,East,<12km/h,2,Cloudy
21200622,12,11,93%,Northeast,<12km/h,1,Cloudy
21200622,13,10,96%,Northwest,<12km/h,1,Cloudy
21200622,14,10,100%,Northeast,<12km/h,2,Rain
21200622,15,10,100%,Northeast,<12km/h,1,Rain
21200622,16,9,99%,North,<12km/h,2,Rain
21200622,17,10,100%,East,<12km/h,1,Rain
21200622,18,10,100%,East,<12km/h,2,Rain
21200622,19,9,97%,Southwest,<12km/h,1,Rain
21200622,20,10,100%,Northeast,<12km/h,1,Rain
21200622,21,10,97%,Northeast,<12km/h,1,Rain
21200622,22,10,100%,Northeast,<12km/h,2,Rain
21200622,23,9,98%,Quiet,,0,Rain
21200623,00,10,100%,Northeast,<12km/h,1,Rain
21200623,01,10,100%,North,<12km/h,1,Rain
21200623,02,10,100%,Northeast,<12km/h,2,Rain
21200623,03,9,100%,North,<12km/h,2,Rain
21200623,04,10,100%,Northeast,<12km/h,1,Rain
21200623,05,10,100%,Northeast,<12km/h,2,Rain
21200623,06,10,100%,Northeast,<12km/h,2,Rain
21200623,07,10,100%,Northeast,<12km/h,1,Rain
21200623,08,10,100%,North,<12km/h,2,Rain
21200623,09,11,98%,North,<12km/h,1,Rain
21200623,10,10,100%,Northeast,<12km/h,3,Rain
21200623,11,11,100%,East,<12km/h,2,Rain
21200623,12,10,94%,East,<12km/h,2,Overcast
21200623,13,11,100%,Northeast,<12km/h,2,Overcast
21200623,14,11,97%,Northeast,<12km/h,1,Overcast
21200623,15,10,100%,Northeast,<12km/h,2,Rain
21200623,16,10,95%,Northwest,<12km/h,1,Overcast
21200623,17,10,95%,West,<12km/h,1,Overcast
21200623,18,10,95%,East,<12km/h,1,Overcast
21200623,19,10,100%,Northeast,<12km/h,1,Overcast
21200623,20,10,98%,Northeast,<12km/h,1,Overcast
21200623,21,11,96%,North,<12km/h,1,Overcast
21200623,22,10,98%,Northeast,<12km/h,1,Overcast
21200623,23,10,100%,Quiet,,0,Cloudy
21200624,00,10,98%,East,<12km/h,1,Overcast
21200624,01,10,100%,Quiet,,0,Cloudy
21200624,02,10,98%,Northeast,<12km/h,1,Overcast
21200624,03,10,97%,Southeast,<12km/h,1,Overcast
21200624,04,10,100%,Quiet,,0,Overcast
21200624,05,10,100%,Quiet,,0,Cloudy
21200624,06,10,100%,Quiet,,0,Overcast
21200624,07,10,100%,Quiet,,0,Overcast
21200624,08,11,97%,Quiet,,0,Overcast
21200624,09,11,100%,East,<12km/h,2,Overcast
21200624,10,11,97%,West,<12km/h,2,Rain
21200624,11,13,90%,Southwest,<12km/h,1,Overcast
21200624,12,16,80%,Quiet,,0,Overcast
21200624,13,15,80%,South,<12km/h,1,Overcast
21200624,14,13,100%,Quiet,,0,Rain
21200624,15,14,90%,Quiet,,0,Rain
21200624,16,12,100%,East,<12km/h,1,Rain
21200624,17,12,100%,Quiet,,0,Rain
21200624,18,13,97%,Southwest,<12km/h,1,Overcast
21200624,19,12,100%,Northwest,<12km/h,1,Overcast
21200624,20,12,100%,Quiet,,0,Overcast
21200624,21,13,100%,Quiet,,0,Fog
21200624,22,12,100%,Quiet,,0,Rain
21200624,23,12,100%,Quiet,,0,Rain
21200625,00,13,97%,North,<12km/h,1,Overcast
21200625,01,12,100%,Quiet,,0,Rain
21200625,02,12,100%,Quiet,,0,Rain
21200625,03,12,100%,Northeast,<12km/h,1,Rain
21200625,04,11,100%,Northwest,<12km/h,1,Rain
21200625,05,11,84%,Northwest,<12km/h,2,Overcast
21200625,06,11,89%,Northwest,<12km/h,2,Overcast
21200625,07,11,79%,Northwest,<12km/h,3,Overcast
21200625,08,11,87%,Northwest,<12km/h,3,Overcast
21200625,09,11,82%,East,<12km/h,1,Overcast
21200625,10,10,84%,Northwest,16-24km/h,4,Overcast
21200625,11,11,81%,North,<12km/h,2,Overcast
21200625,12,11,80%,North,<12km/h,2,Overcast
21200625,13,10,76%,Northeast,<12km/h,2,Overcast
21200625,14,10,74%,Northwest,<12km/h,3,Overcast
21200625,15,9,77%,Northwest,<12km/h,2,Overcast
21200625,16,8,83%,Northwest,<12km/h,2,Overcast
21200625,17,9,70%,North,16-24km/h,4,Overcast
21200625,18,8,75%,North,<12km/h,3,Overcast
21200625,19,7,76%,Northwest,<12km/h,3,Cloudy
21200625,20,7,75%,Northeast,<12km/h,2,Cloudy
21200625,21,6,75%,Northwest,<12km/h,3,Cloudy
21200625,22,6,67%,Northwest,<12km/h,3,Cloudy
21200625,23,6,67%,North,<12km/h,2,Cloudy
21200626,00,6,63%,North,<12km/h,3,Overcast
21200626,01,5,72%,Northwest,<12km/h,3,Cloudy
21200626,02,4,74%,North,<12km/h,2,Sunny
21200626,03,5,73%,Northwest,<12km/h,1,Sunny
21200626,04,4,73%,North,<12km/h,2,Sunny
21200626,05,4,85%,North,<12km/h,2,Sunny
21200626,06,2,78%,Northeast,<12km/h,2,Sunny
21200626,07,3,84%,Northwest,<12km/h,2,Sunny
21200626,08,4,79%,Southwest,<12km/h,1,Sunny
21200626,09,4,82%,Southwest,<12km/h,1,Sunny
21200626,10,6,72%,Northwest,<12km/h,1,Sunny
21200626,11,8,55%,Northeast,<12km/h,1,Sunny
21200626,12,8,50%,West,<12km/h,1,Sunny
21200626,13,7,49%,Northeast,<12km/h,1,Sunny
21200626,14,8,48%,Northwest,<12km/h,2,Sunny
21200626,15,8,47%,Northeast,<12km/h,2,Sunny
21200626,16,8,46%,East,<12km/h,1,Sunny
21200626,17,7,59%,Northeast,<12km/h,2,Sunny
21200626,18,6,64%,East,<12km/h,2,Sunny
21200626,19,5,73%,Southeast,<12km/h,1,Sunny
21200626,20,5,72%,Quiet,,0,Sunny
21200626,21,4,74%,Southwest,<12km/h,1,Sunny
21200626,22,3,91%,Southeast,<12km/h,1,Sunny
21200626,23,2,100%,Quiet,,0,Sunny
21200627,00,2,100%,South,<12km/h,1,Sunny
21200627,01,1,100%,Southwest,<12km/h,1,Sunny
21200627,02,1,100%,South,<12km/h,1,Sunny
21200627,03,0,96%,Northwest,<12km/h,1,Sunny
21200627,04,2,90%,Quiet,,0,Sunny
21200627,05,1,98%,Quiet,,0,Overcast
21200627,06,1,100%,West,<12km/h,1,Overcast
21200627,07,1,98%,Southwest,<12km/h,1,Sunny
21200627,08,2,100%,Southwest,<12km/h,1,Sunny
21200627,09,4,95%,Quiet,,0,Sunny
21200627,10,8,61%,Southeast,<12km/h,1,Cloudy
21200627,11,9,64%,North,<12km/h,2,Overcast
21200627,12,11,53%,Southeast,<12km/h,2,Cloudy
21200627,13,12,58%,Northwest,<12km/h,1,Cloudy
21200627,14,12,60%,Northeast,<12km/h,2,Cloudy
21200627,15,12,51%,Southeast,<12km/h,1,Cloudy
21200627,16,11,61%,East,<12km/h,1,Cloudy
21200627,17,11,58%,North,<12km/h,2,Cloudy
21200627,18,9,84%,Southwest,<12km/h,1,Cloudy
21200627,19,10,69%,Quiet,,0,Cloudy
21200627,20,10,91%,Quiet,,0,Cloudy
21200627,21,9,91%,East,<12km/h,1,Overcast
21200627,22,9,87%,East,<12km/h,1,Cloudy
21200627,23,9,100%,West,<12km/h,1,Cloudy
21200628,00,9,100%,Quiet,,0,Cloudy
21200628,01,10,77%,West,<12km/h,1,Overcast
21200628,02,9,91%,Quiet,,0,Cloudy
21200628,03,7,96%,North,<12km/h,3,Overcast
21200628,04,8,100%,Southwest,<12km/h,1,Cloudy
21200628,05,10,86%,East,<12km/h,1,Overcast
21200628,06,8,100%,Northwest,<12km/h,1,Cloudy
21200628,07,9,83%,Southeast,<12km/h,1,Cloudy
21200628,08,9,83%,Southeast,<12km/h,1,Cloudy
21200628,09,12,88%,Northwest,<12km/h,2,Cloudy
21200628,10,15,64%,South,<12km/h,2,Cloudy
21200628,11,15,67%,Northwest,<12km/h,1,Cloudy
21200628,12,18,58%,Northwest,<12km/h,2,Cloudy
21200628,13,19,55%,Southwest,<12km/h,2,Cloudy
21200628,14,19,59%,North,<12km/h,2,Cloudy
21200628,15,16,59%,North,<12km/h,1,Cloudy
21200628,16,18,59%,North,<12km/h,3,Cloudy
21200628,17,14,67%,Northeast,<12km/h,2,Cloudy
21200628,18,14,70%,Quiet,,0,Cloudy
21200628,19,14,69%,Northwest,<12km/h,2,Cloudy
21200628,20,12,82%,North,<12km/h,2,Overcast
21200628,21,13,65%,Northeast,<12km/h,2,Cloudy
21200628,22,11,84%,Quiet,,0,Overcast
21200628,23,11,91%,Quiet,,0,Cloudy
21200629,00,12,72%,North,<12km/h,2,Cloudy
21200629,01,11,77%,Northwest,<12km/h,1,Overcast
21200629,02,11,78%,North,<12km/h,2,Cloudy
21200629,03,10,96%,Southwest,<12km/h,1,Cloudy
21200629,04,11,67%,North,<12km/h,3,Cloudy
21200629,05,10,85%,Northwest,<12km/h,2,Overcast
21200629,06,10,88%,Northwest,<12km/h,1,Overcast
21200629,07,11,73%,Northeast,<12km/h,1,Cloudy
21200629,08,11,73%,West,<12km/h,1,Cloudy
21200629,09,11,77%,North,<12km/h,2,Cloudy
21200629,10,12,68%,North,<12km/h,2,Cloudy
21200629,11,12,68%,North,<12km/h,2,Cloudy
21200629,12,13,58%,North,<12km/h,2,Overcast
21200629,13,13,68%,North,<12km/h,2,Overcast
21200629,14,13,58%,North,<12km/h,2,Overcast
21200629,15,12,51%,North,<12km/h,3,Overcast
21200629,16,12,66%,North,<12km/h,2,Overcast
21200629,17,11,72%,Northwest,<12km/h,2,Overcast
21200629,18,11,66%,North,<12km/h,2,Overcast
21200629,19,11,76%,Northwest,<12km/h,3,Overcast
21200629,20,11,73%,Northwest,<12km/h,2,Overcast
21200629,21,11,65%,North,<12km/h,2,Overcast
21200629,22,9,87%,North,<12km/h,3,Overcast
21200629,23,9,89%,North,<12km/h,2,Overcast
