21200501,00,15,81%,Northeast,16-24km/h,4,Sunny
21200501,01,15,82%,Northwest,<12km/h,1,Sunny
21200501,02,14,,,,<3,Cloudy
21200501,03,13,93%,North,<12km/h,1,Sunny
21200501,04,14,95%,North,<12km/h,1,Sunny
21200501,05,12,92%,Northeast,<12km/h,2,Sunny
21200501,06,11,96%,Northeast,<12km/h,3,Cloudy
21200501,07,12,96%,West,<12km/h,1,Cloudy
21200501,08,22,,,,<3,Cloudy
21200501,09,15,80%,Northeast,16-24km/h,4,Overcast
21200501,10,22,,,,<3,Cloudy
21200501,11,20,64%,North,<12km/h,2,Sunny
21200501,12,21,56%,Quiet,,0,Cloudy
21200501,13,22,,,,<3,Cloudy
21200501,14,21,50%,Northeast,24-34km/h,5,Sunny
21200501,15,21,48%,South,24-34km/h,5,Sunny
21200501,16,22,,,,<3,Cloudy
21200501,17,19,57%,Northeast,<12km/h,3,Sunny
21200501,18,18,61%,North,<12km/h,3,Sunny
21200501,19,15,67%,North,<12km/h,3,Sunny
21200501,20,15,68%,North,<12km/h,3,Cloudy
21200501,21,17,66%,North,<12km/h,2,Cloudy
21200501,22,14,73%,Quiet,,0,Cloudy
21200501,23,16,71%,West,16-24km/h,4,Sunny
21200502,00,15,83%,North,<12km/h,3,Overcast
21200502,01,14,,,,<3,Overcast
21200502,02,14,86%,Northeast,<12km/h,2,Overcast
21200502,03,15,84%,Northeast,<12km/h,2,Overcast
21200502,04,15,78%,South,<12km/h,2,Cloudy
21200502,05,14,,,,<3,Overcast
21200502,06,20,,,,<3,Lightrain
21200502,07,15,80%,North,<12km/h,3,Overcast
21200502,08,20,,,,<3,Lightrain
21200502,09,15,78%,Northeast,<12km/h,2,Overcast
21200502,10,20,,,,<3,Lightrain
21200502,11,20,,,,<3,Lightrain
21200502,12,17,76%,North,<12km/h,2,Overcast
21200502,13,18,59%,Northeast,<12km/h,2,Overcast
21200502,14,18,64%,North,<12km/h,2,Overcast
21200502,15,17,68%,North,<12km/h,2,Cloudy
21200502,16,17,70%,North,<12km/h,2,Overcast
21200502,17,17,64%,North,<12km/h,1,Cloudy
21200502,18,16,74%,North,<12km/h,1,Cloudy
21200502,19,13,85%,Southeast,<12km/h,2,Sunny
21200502,20,14,76%,Northeast,<12km/h,1,Sunny
21200502,21,12,,,,<3,Sunny
21200502,22,12,,,,<3,Sunny
21200502,23,12,92%,Southwest,<12km/h,1,Cloudy
21200503,00,12,,,,<3,Sunny
21200503,01,15,77%,Northeast,<12km/h,2,Sunny
21200503,02,14,78%,Northeast,<12km/h,2,Cloudy
21200503,03,13,81%,North,<12km/h,2,Cloudy
21200503,04,10,95%,Southeast,<12km/h,2,Cloudy
21200503,05,10,95%,Quiet,,0,Cloudy
21200503,06,11,88%,South,<12km/h,1,Sunny
21200503,07,11,87%,Northwest,<12km/h,2,Sunny
21200503,08,18,,,,<3,Sunny
21200503,09,15,65%,Northeast,<12km/h,2,Sunny
21200503,10,15,66%,North,<12km/h,2,Sunny
21200503,11,17,63%,North,<12km/h,3,Overcast
21200503,12,17,55%,Northeast,<12km/h,2,Sunny
21200503,13,18,50%,East,<12km/h,2,Sunny
21200503,14,18,45%,North,<12km/h,2,Sunny
21200503,15,18,49%,North,<12km/h,2,Sunny
21200503,16,18,,,,<3,Sunny
21200503,17,18,,,,<3,Sunny
21200503,18,14,67%,East,<12km/h,1,Sunny
21200503,19,13,73%,Quiet,,0,Sunny
21200503,20,11,80%,South,<12km/h,1,Sunny
21200503,21,11,74%,Northwest,<12km/h,1,Sunny
21200503,22,10,84%,Southeast,<12km/h,1,Sunny
21200503,23,10,89%,Southwest,<12km/h,1,Sunny
21200504,00,13,65%,Southwest,<12km/h,1,Sunny
21200504,01,10,86%,South,<12km/h,1,Sunny
21200504,02,9,90%,Southwest,<12km/h,1,Sunny
21200504,03,9,91%,West,<12km/h,1,Sunny
21200504,04,10,,Southeast,,<3,Sunny
21200504,05,8,87%,Quiet,,0,Sunny
21200504,06,8,94%,Quiet,,0,Sunny
21200504,07,9,88%,South,<12km/h,1,Sunny
21200504,08,22,,Southeast,,<3,Sunny
21200504,09,22,,Southeast,,<3,Sunny
21200504,10,18,47%,South,<12km/h,1,Sunny
21200504,11,21,25%,Southeast,<12km/h,1,Sunny
21200504,12,22,20%,North,<12km/h,1,Sunny
21200504,13,23,20%,East,<12km/h,1,Sunny
21200504,14,22,23%,Northeast,<12km/h,2,Sunny
21200504,15,24,19%,North,<12km/h,1,Sunny
21200504,16,21,24%,Northeast,<12km/h,2,Sunny
21200504,17,19,30%,Northeast,<12km/h,1,Sunny
21200504,18,16,43%,Quiet,,0,Sunny
21200504,19,14,46%,South,<12km/h,1,Sunny
21200504,20,15,45%,South,<12km/h,1,Sunny
21200504,21,15,39%,East,<12km/h,2,Sunny
21200504,22,12,,Southeast,,<3,Overcast
21200504,23,12,,Southeast,,<3,Overcast
21200505,00,13,61%,South,<12km/h,2,Sunny
21200505,01,12,,Southeast,,<3,Overcast
21200505,02,12,,Southeast,,<3,Overcast
21200505,03,13,52%,Northwest,<12km/h,1,Cloudy
21200505,04,12,60%,Northeast,<12km/h,1,Cloudy
21200505,05,14,64%,East,<12km/h,1,Cloudy
21200505,06,14,68%,East,<12km/h,2,Overcast
21200505,07,14,69%,North,<12km/h,1,Overcast
21200505,08,15,67%,East,<12km/h,2,Cloudy
21200505,09,16,61%,South,<12km/h,1,Cloudy
21200505,10,17,51%,Southwest,<12km/h,1,Cloudy
21200505,11,17,55%,North,<12km/h,1,Overcast
21200505,12,18,47%,South,<12km/h,2,Overcast
21200505,13,18,48%,North,<12km/h,1,Overcast
21200505,14,18,48%,Quiet,,0,Overcast
21200505,15,18,53%,Southeast,<12km/h,2,Cloudy
21200505,16,20,,Southeast,,<3,Overcast
21200505,17,17,56%,Quiet,,0,Cloudy
21200505,18,17,61%,Southeast,<12km/h,1,Cloudy
21200505,19,17,57%,Southeast,<12km/h,1,Cloudy
21200505,20,14,,,,<3,Overcast
21200505,21,17,64%,North,<12km/h,1,Cloudy
21200505,22,14,,,,<3,Overcast
21200505,23,14,,,,<3,Overcast
21200506,00,5,69%,West,16-24km/h,4,Overcast
21200506,01,5,74%,West,<12km/h,3,Overcast
21200506,02,4,,,,3-4,Overcast
21200506,03,4,,,,3-4,Overcast
21200506,04,5,77%,West,<12km/h,2,Overcast
21200506,05,4,,,,3-4,Overcast
21200506,06,4,72%,West,<12km/h,3,Cloudy
21200506,07,7,,,,<3,Overcast
21200506,08,7,,,,<3,Overcast
21200506,09,4,71%,West,<12km/h,2,Overcast
21200506,10,5,71%,Northwest,<12km/h,2,Overcast
21200506,11,5,66%,West,<12km/h,3,Cloudy
21200506,12,5,66%,North,<12km/h,2,Cloudy
21200506,13,7,,,,<3,Overcast
21200506,14,7,,,,<3,Overcast
21200506,15,6,68%,North,<12km/h,3,Cloudy
21200506,16,7,,,,<3,Overcast
21200506,17,3,,,,<3,Lightrain
21200506,18,4,73%,Northeast,<12km/h,2,Cloudy
21200506,19,3,,,,<3,Lightrain
21200506,20,2,80%,Northwest,<12km/h,2,Cloudy
21200506,21,2,87%,South,<12km/h,2,Cloudy
21200506,22,1,93%,East,<12km/h,1,Cloudy
21200506,23,3,,,,<3,Lightrain
21200507,00,13,48%,Northwest,<12km/h,2,Sunny
21200507,01,13,47%,North,<12km/h,2,Sunny
21200507,02,11,49%,North,<12km/h,2,Sunny
21200507,03,11,50%,Northwest,<12km/h,1,Sunny
21200507,04,10,54%,West,<12km/h,1,Sunny
21200507,05,8,71%,Southwest,<12km/h,1,Sunny
21200507,06,7,76%,West,<12km/h,1,Sunny
21200507,07,7,80%,Southwest,<12km/h,1,Sunny
21200507,08,9,66%,Southwest,<12km/h,1,Sunny
21200507,09,13,49%,Northeast,<12km/h,1,Sunny
21200507,10,14,48%,South,<12km/h,2,Sunny
21200507,11,17,34%,Southeast,<12km/h,2,Sunny
21200507,12,17,35%,East,<12km/h,2,Sunny
21200507,13,18,36%,East,<12km/h,2,Sunny
21200507,14,19,27%,East,<12km/h,2,Sunny
21200507,15,19,,Southeast,,<3,Sunny
21200507,16,19,,Southeast,,<3,Sunny
21200507,17,14,37%,East,<12km/h,3,Sunny
21200507,18,14,40%,Southeast,<12km/h,1,Sunny
21200507,19,14,34%,Southeast,<12km/h,2,Sunny
21200507,20,13,44%,South,<12km/h,2,Sunny
21200507,21,11,62%,South,<12km/h,2,Sunny
21200507,22,8,,Southeast,,<3,Sunny
21200507,23,8,,Southeast,,<3,Sunny
21200508,00,10,73%,Southwest,<12km/h,1,Sunny
21200508,01,8,,Southeast,,<3,Sunny
21200508,02,8,81%,South,<12km/h,1,Sunny
21200508,03,6,88%,South,<12km/h,2,Sunny
21200508,04,6,91%,Southeast,<12km/h,1,Sunny
21200508,05,7,89%,South,<12km/h,2,Sunny
21200508,06,7,89%,South,<12km/h,1,Sunny
21200508,07,7,91%,South,<12km/h,2,Sunny
21200508,08,10,70%,South,<12km/h,1,Sunny
21200508,09,15,48%,Southeast,<12km/h,2,Sunny
21200508,10,17,42%,South,<12km/h,2,Sunny
21200508,11,18,37%,Southeast,<12km/h,3,Sunny
21200508,12,20,35%,Southeast,<12km/h,2,Sunny
21200508,13,22,,Southeast,,<3,Overcast
21200508,14,22,,Southeast,,<3,Overcast
21200508,15,22,27%,East,<12km/h,2,Sunny
21200508,16,19,38%,Northeast,<12km/h,1,Sunny
21200508,17,19,37%,Southeast,<12km/h,2,Sunny
21200508,18,17,47%,South,<12km/h,2,Sunny
21200508,19,15,55%,Southeast,<12km/h,1,Sunny
21200508,20,15,57%,Southeast,<12km/h,1,Cloudy
21200508,21,17,46%,South,<12km/h,1,Cloudy
21200508,22,13,69%,Southeast,<12km/h,1,Cloudy
21200508,23,13,73%,Quiet,,0,Sunny
21200509,00,14,74%,Southeast,<12km/h,3,Sunny
21200509,01,14,82%,North,<12km/h,1,Sunny
21200509,02,14,82%,Quiet,,0,Sunny
21200509,03,12,89%,North,<12km/h,1,Cloudy
21200509,04,13,93%,Southeast,<12km/h,2,Sunny
21200509,05,12,,Southeast,,<3,Cloudy
21200509,06,12,93%,Southeast,<12km/h,2,Sunny
21200509,07,13,100%,Southeast,<12km/h,2,Sunny
21200509,08,16,94%,North,<12km/h,1,Sunny
21200509,09,19,73%,South,24-34km/h,5,Sunny
21200509,10,23,,,,<3,Overcast
21200509,11,23,,,,<3,Overcast
21200509,12,23,54%,South,16-24km/h,4,Cloudy
21200509,13,23,51%,East,<12km/h,2,Cloudy
21200509,14,24,45%,East,<12km/h,2,Cloudy
21200509,15,22,50%,Quiet,,0,Cloudy
21200509,16,23,,,,<3,Overcast
21200509,17,21,52%,West,<12km/h,3,Cloudy
21200509,18,19,67%,East,24-34km/h,5,Cloudy
21200509,19,19,70%,North,<12km/h,1,Cloudy
21200509,20,18,65%,North,<12km/h,1,Overcast
21200509,21,19,63%,Southeast,16-24km/h,4,Overcast
21200509,22,19,64%,Southeast,<12km/h,2,Overcast
21200509,23,18,71%,Southeast,<12km/h,3,Overcast
21200510,00,11,,Southeast,,<3,Sunny
21200510,01,12,84%,Southwest,<12km/h,1,Sunny
21200510,02,10,89%,South,<12km/h,1,Sunny
21200510,03,10,89%,South,<12km/h,2,Sunny
21200510,04,8,81%,Northwest,<12km/h,2,Sunny
21200510,05,11,,Southeast,,<3,Sunny
21200510,06,8,77%,Southeast,<12km/h,1,Sunny
21200510,07,9,90%,Southwest,<12km/h,1,Sunny
21200510,08,13,69%,South,<12km/h,1,Sunny
21200510,09,16,63%,West,<12km/h,1,Sunny
21200510,10,18,48%,South,<12km/h,2,Sunny
21200510,11,23,36%,East,<12km/h,1,Cloudy
21200510,12,25,,Southeast,,<3,Cloudy
21200510,13,25,34%,East,<12km/h,2,Cloudy
21200510,14,24,33%,East,<12km/h,3,Sunny
21200510,15,24,37%,Northeast,<12km/h,2,Sunny
21200510,16,23,39%,East,<12km/h,1,Sunny
21200510,17,13,,,,<3,Sunny
21200510,18,13,,,,<3,Sunny
21200510,19,17,58%,North,<12km/h,2,Sunny
21200510,20,18,57%,Southeast,<12km/h,2,Cloudy
21200510,21,16,64%,North,<12km/h,1,Cloudy
21200510,22,16,65%,East,<12km/h,2,Cloudy
21200510,23,15,66%,Northwest,<12km/h,1,Sunny
21200511,00,13,,,,<3,Sunny
21200511,01,13,82%,East,<12km/h,1,Sunny
21200511,02,14,85%,Southeast,<12km/h,1,Sunny
21200511,03,13,90%,South,<12km/h,1,Sunny
21200511,04,13,90%,Southwest,<12km/h,1,Sunny
21200511,05,13,,,,<3,Sunny
21200511,06,24,,,,<3,Overcast
21200511,07,14,86%,Quiet,,0,Cloudy
21200511,08,14,76%,North,<12km/h,2,Cloudy
21200511,09,18,54%,South,<12km/h,2,Cloudy
21200511,10,20,53%,South,<12km/h,2,Sunny
21200511,11,24,,,,<3,Overcast
21200511,12,23,42%,Northwest,<12km/h,2,Cloudy
21200511,13,22,49%,East,<12km/h,1,Cloudy
21200511,14,23,48%,East,<12km/h,2,Cloudy
21200511,15,22,50%,Northeast,<12km/h,2,Cloudy
21200511,16,22,50%,Northeast,<12km/h,2,Cloudy
21200511,17,20,68%,Quiet,,0,Cloudy
21200511,18,20,58%,Northeast,<12km/h,2,Cloudy
21200511,19,19,59%,Northwest,<12km/h,3,Cloudy
21200511,20,19,70%,West,16-24km/h,4,Overcast
21200511,21,18,77%,West,<12km/h,3,Overcast
21200511,22,16,85%,West,<12km/h,3,Overcast
21200511,23,15,94%,West,<12km/h,3,Overcast
21200512,00,14,81%,North,16-24km/h,4,Overcast
21200512,01,13,91%,Northwest,<12km/h,3,Overcast
21200512,02,12,94%,Northwest,<12km/h,3,Rain
21200512,03,11,,,,3-4,Lightrain
21200512,04,11,90%,Northwest,<12km/h,2,Overcast
21200512,05,11,84%,Northwest,<12km/h,2,Overcast
21200512,06,11,88%,West,<12km/h,2,Overcast
21200512,07,10,71%,Northwest,<12km/h,3,Overcast
21200512,08,10,77%,North,<12km/h,3,Overcast
21200512,09,9,83%,Northwest,<12km/h,2,Rain
21200512,10,12,,,,3-4,Lightrain
21200512,11,9,86%,West,<12km/h,2,Overcast
21200512,12,8,78%,West,<12km/h,2,Overcast
21200512,13,9,86%,West,<12km/h,2,Overcast
21200512,14,9,86%,West,<12km/h,2,Overcast
21200512,15,9,78%,Northwest,<12km/h,2,Overcast
21200512,16,8,79%,West,<12km/h,3,Overcast
21200512,17,9,83%,Northwest,<12km/h,2,Overcast
21200512,18,4,,,,<3,Sunny
21200512,19,8,88%,West,<12km/h,3,Overcast
21200512,20,8,89%,West,<12km/h,2,Sunny
21200512,21,8,90%,West,<12km/h,2,Sunny
21200512,22,5,91%,East,<12km/h,2,Sunny
21200512,23,5,90%,Northeast,<12km/h,2,Sunny
21200513,00,11,86%,North,<12km/h,1,Sunny
21200513,01,11,83%,North,<12km/h,1,Sunny
21200513,02,9,87%,North,<12km/h,1,Sunny
21200513,03,9,94%,North,<12km/h,1,Sunny
21200513,04,11,,,,<3,Cloudy
21200513,05,10,97%,North,<12km/h,1,Sunny
21200513,06,9,96%,East,<12km/h,3,Cloudy
21200513,07,8,93%,East,<12km/h,2,Cloudy
21200513,08,12,89%,East,<12km/h,2,Overcast
21200513,09,15,73%,Northeast,<12km/h,2,Cloudy
21200513,10,16,68%,East,16-24km/h,4,Cloudy
21200513,11,21,,,,<3,Overcast
21200513,12,19,53%,Southwest,<12km/h,1,Cloudy
21200513,13,19,53%,North,<12km/h,1,Cloudy
21200513,14,21,,,,<3,Overcast
21200513,15,19,58%,North,<12km/h,3,Sunny
21200513,16,19,57%,North,<12km/h,2,Cloudy
21200513,17,18,59%,North,<12km/h,3,Sunny
21200513,18,16,66%,East,<12km/h,3,Sunny
21200513,19,17,70%,North,<12km/h,3,Sunny
21200513,20,16,75%,Northeast,<12km/h,3,Cloudy
21200513,21,14,,,,<3,Overcast
21200513,22,15,81%,Northeast,<12km/h,2,Cloudy
21200513,23,15,82%,Northeast,<12km/h,2,Overcast
21200514,00,6,92%,West,<12km/h,2,Sunny
21200514,01,4,,,,<3,Sunny
21200514,02,4,95%,Southeast,<12km/h,1,Sunny
21200514,03,3,95%,Southeast,<12km/h,1,Sunny
21200514,04,4,,,,<3,Sunny
21200514,05,3,89%,North,<12km/h,2,Sunny
21200514,06,13,,,,<3,Sunny
21200514,07,13,,,,<3,Sunny
21200514,08,5,80%,Northwest,<12km/h,2,Sunny
21200514,09,7,64%,West,<12km/h,2,Sunny
21200514,10,8,60%,West,<12km/h,2,Sunny
21200514,11,10,50%,Southwest,<12km/h,1,Sunny
21200514,12,12,44%,South,<12km/h,2,Sunny
21200514,13,12,42%,Northeast,<12km/h,2,Sunny
21200514,14,12,37%,Northeast,<12km/h,2,Sunny
21200514,15,12,40%,North,<12km/h,2,Sunny
21200514,16,12,32%,East,<12km/h,2,Sunny
21200514,17,9,46%,East,<12km/h,2,Sunny
21200514,18,8,54%,Southeast,<12km/h,2,Sunny
21200514,19,6,,Southeast,,<3,Sunny
21200514,20,6,,Southeast,,<3,Sunny
21200514,21,6,,Southeast,,<3,Sunny
21200514,22,6,,Southeast,,<3,Sunny
21200514,23,4,92%,South,<12km/h,1,Sunny
21200515,00,4,81%,North,<12km/h,1,Sunny
21200515,01,5,74%,Northwest,<12km/h,1,Sunny
21200515,02,3,94%,South,<12km/h,1,Sunny
21200515,03,5,76%,Northwest,<12km/h,1,Sunny
21200515,04,6,,Southeast,,<3,Sunny
21200515,05,4,83%,Northwest,<12km/h,1,Sunny
21200515,06,3,96%,South,<12km/h,1,Sunny
21200515,07,3,96%,South,<12km/h,1,Sunny
21200515,08,6,93%,South,<12km/h,1,Sunny
21200515,09,12,65%,East,<12km/h,1,Sunny
21200515,10,13,53%,East,<12km/h,2,Sunny
21200515,11,17,,Southeast,,<3,Cloudy
21200515,12,14,47%,East,<12km/h,2,Sunny
21200515,13,14,46%,Northeast,<12km/h,3,Sunny
21200515,14,15,46%,East,<12km/h,2,Sunny
21200515,15,15,45%,Northeast,<12km/h,2,Sunny
21200515,16,14,50%,Northeast,<12km/h,3,Sunny
21200515,17,10,,Southeast,,<3,Overcast
21200515,18,12,56%,East,<12km/h,1,Sunny
21200515,19,12,61%,Southeast,<12km/h,1,Sunny
21200515,20,10,,Southeast,,<3,Overcast
21200515,21,11,65%,East,<12km/h,2,Cloudy
21200515,22,11,69%,East,<12km/h,2,Cloudy
21200515,23,11,69%,Southeast,<12km/h,2,Cloudy
21200516,00,10,90%,Northwest,<12km/h,1,Sunny
21200516,01,9,,,,<3,Sunny
21200516,02,8,91%,Southeast,<12km/h,1,Sunny
21200516,03,8,94%,North,<12km/h,1,Sunny
21200516,04,9,88%,Northwest,<12km/h,1,Sunny
21200516,05,9,,,,<3,Sunny
21200516,06,8,92%,West,<12km/h,1,Sunny
21200516,07,8,95%,West,<12km/h,1,Sunny
21200516,08,19,,,,<3,Sunny
21200516,09,13,75%,South,<12km/h,1,Sunny
21200516,10,17,50%,North,<12km/h,2,Cloudy
21200516,11,17,51%,Southeast,<12km/h,2,Sunny
21200516,12,18,49%,North,<12km/h,2,Sunny
21200516,13,18,41%,East,<12km/h,2,Sunny
21200516,14,18,46%,Northeast,<12km/h,2,Sunny
21200516,15,19,,,,<3,Sunny
21200516,16,18,44%,North,<12km/h,2,Sunny
21200516,17,16,51%,Northeast,<12km/h,1,Sunny
21200516,18,8,,,,<3,Sunny
21200516,19,12,65%,Southwest,<12km/h,1,Sunny
21200516,20,12,67%,Northwest,<12km/h,1,Sunny
21200516,21,12,64%,Northwest,<12km/h,1,Sunny
21200516,22,9,89%,South,<12km/h,1,Sunny
21200516,23,8,,,,<3,Sunny
21200517,00,11,69%,Southeast,<12km/h,1,Sunny
21200517,01,10,,Southeast,,<3,Overcast
21200517,02,11,70%,East,<12km/h,2,Sunny
21200517,03,11,70%,East,<12km/h,2,Sunny
21200517,04,10,77%,Southwest,<12km/h,1,Cloudy
21200517,05,10,,Southeast,,<3,Overcast
21200517,06,11,75%,East,<12km/h,2,Cloudy
21200517,07,11,71%,Southeast,<12km/h,1,Sunny
21200517,08,13,64%,Southeast,<12km/h,2,Sunny
21200517,09,19,,Southeast,,<3,Overcast
21200517,10,16,59%,East,<12km/h,3,Cloudy
21200517,11,16,58%,Southeast,<12km/h,2,Cloudy
21200517,12,17,55%,Southeast,<12km/h,2,Cloudy
21200517,13,18,51%,South,<12km/h,3,Cloudy
21200517,14,18,49%,Southeast,<12km/h,3,Cloudy
21200517,15,18,50%,Southeast,<12km/h,3,Cloudy
21200517,16,18,53%,Southeast,<12km/h,2,Cloudy
21200517,17,16,61%,East,<12km/h,2,Cloudy
21200517,18,15,65%,East,<12km/h,2,Cloudy
21200517,19,9,,Southeast,,<3,Sunny
21200517,20,13,75%,South,<12km/h,1,Cloudy
21200517,21,9,,Southeast,,<3,Sunny
21200517,22,11,85%,South,<12km/h,1,Cloudy
21200517,23,12,85%,Northwest,<12km/h,1,Sunny
21200518,00,10,89%,South,<12km/h,1,Sunny
21200518,01,11,87%,Quiet,,0,Sunny
21200518,02,9,93%,South,<12km/h,2,Sunny
21200518,03,10,92%,North,<12km/h,1,Sunny
21200518,04,8,93%,Quiet,,0,Sunny
21200518,05,8,96%,South,<12km/h,1,Sunny
21200518,06,22,,Southeast,,<3,Overcast
21200518,07,8,97%,West,<12km/h,1,Sunny
21200518,08,9,91%,Northwest,<12km/h,1,Sunny
21200518,09,22,,Southeast,,<3,Overcast
21200518,10,18,67%,Southeast,<12km/h,1,Sunny
21200518,11,22,,Southeast,,<3,Overcast
21200518,12,20,64%,East,<12km/h,2,Sunny
21200518,13,19,67%,South,<12km/h,2,Sunny
21200518,14,20,62%,East,<12km/h,3,Sunny
21200518,15,20,64%,Southeast,<12km/h,2,Sunny
21200518,16,19,68%,Southeast,<12km/h,1,Sunny
21200518,17,19,70%,South,<12km/h,2,Cloudy
21200518,18,18,75%,Southeast,<12km/h,1,Cloudy
21200518,19,18,75%,Southeast,<12km/h,1,Cloudy
21200518,20,17,78%,Southeast,<12km/h,1,Cloudy
21200518,21,16,85%,East,<12km/h,2,Sunny
21200518,22,16,84%,Northeast,<12km/h,2,Sunny
21200518,23,16,86%,Southeast,<12km/h,2,Sunny
21200519,00,15,88%,South,<12km/h,2,Cloudy
21200519,01,14,,Southeast,,<3,Overcast
21200519,02,15,93%,Southeast,<12km/h,1,Cloudy
21200519,03,14,93%,Quiet,,0,Cloudy
21200519,04,14,94%,Southwest,<12km/h,1,Cloudy
21200519,05,15,93%,East,<12km/h,1,Cloudy
21200519,06,16,93%,Southwest,<12km/h,1,Overcast
21200519,07,15,100%,Northwest,<12km/h,1,Overcast
21200519,08,15,92%,East,<12km/h,2,Overcast
21200519,09,20,81%,North,<12km/h,2,Overcast
21200519,10,21,79%,North,<12km/h,3,Overcast
21200519,11,22,72%,East,<12km/h,2,Cloudy
21200519,12,21,73%,Southeast,<12km/h,3,Cloudy
21200519,13,24,,Southeast,,<3,Overcast
21200519,14,23,61%,East,<12km/h,2,Sunny
21200519,15,23,61%,South,<12km/h,2,Sunny
21200519,16,22,68%,Southeast,<12km/h,3,Sunny
21200519,17,21,75%,Southeast,<12km/h,2,Sunny
21200519,18,19,81%,Southeast,<12km/h,1,Sunny
21200519,19,19,86%,East,<12km/h,2,Sunny
21200519,20,15,,,,<3,Overcast
21200519,21,17,100%,Northwest,<12km/h,2,Sunny
21200519,22,19,91%,East,<12km/h,2,Sunny
21200519,23,18,92%,Southeast,<12km/h,1,Cloudy
21200520,00,11,,,,<3,Sunny
21200520,01,11,,,,<3,Sunny
21200520,02,13,82%,North,<12km/h,1,Sunny
21200520,03,12,86%,North,<12km/h,1,Sunny
21200520,04,11,,,,<3,Sunny
21200520,05,12,94%,Northeast,<12km/h,1,Sunny
21200520,06,12,94%,Northeast,<12km/h,1,Sunny
21200520,07,12,93%,Northeast,<12km/h,2,Sunny
21200520,08,12,99%,Northeast,<12km/h,1,Sunny
21200520,09,16,66%,Southwest,<12km/h,2,Sunny
21200520,10,18,48%,South,<12km/h,2,Sunny
21200520,11,19,45%,North,<12km/h,2,Sunny
21200520,12,19,42%,North,<12km/h,2,Sunny
21200520,13,20,,Southeast,,<3,Sunny
21200520,14,20,41%,North,<12km/h,2,Sunny
21200520,15,20,29%,Northeast,16-24km/h,4,Sunny
21200520,16,19,49%,North,<12km/h,3,Sunny
21200520,17,18,50%,North,<12km/h,3,Sunny
21200520,18,16,59%,Quiet,,0,Sunny
21200520,19,15,64%,North,<12km/h,1,Cloudy
21200520,20,11,,,,<3,Cloudy
21200520,21,12,85%,East,16-24km/h,4,Sunny
21200520,22,11,88%,North,<12km/h,1,Sunny
21200520,23,11,,,,<3,Cloudy
21200521,00,17,100%,Quiet,,0,Cloudy
21200521,01,18,94%,Quiet,,0,Cloudy
21200521,02,18,93%,South,<12km/h,1,Cloudy
21200521,03,18,93%,Quiet,,0,Cloudy
21200521,04,18,93%,Southwest,<12km/h,1,Cloudy
21200521,05,18,92%,West,<12km/h,1,Cloudy
21200521,06,17,93%,West,<12km/h,1,Overcast
21200521,07,16,95%,Northwest,<12km/h,2,Overcast
21200521,08,17,94%,Northwest,<12km/h,1,Overcast
21200521,09,17,91%,West,<12km/h,1,Overcast
21200521,10,17,91%,West,<12km/h,2,Overcast
21200521,11,19,81%,West,<12km/h,2,Cloudy
21200521,12,21,74%,South,<12km/h,1,Sunny
21200521,13,22,,,,3-4,Lightrain
21200521,14,20,77%,North,<12km/h,3,Cloudy
21200521,15,18,85%,North,<12km/h,2,Cloudy
21200521,16,19,78%,Northwest,<12km/h,2,Cloudy
21200521,17,19,75%,Northwest,<12km/h,3,Overcast
21200521,18,17,80%,North,<12km/h,3,Overcast
21200521,19,15,78%,Northeast,24-34km/h,5,Overcast
21200521,20,14,80%,Northeast,16-24km/h,4,Overcast
21200521,21,12,94%,North,<12km/h,2,Rain
21200521,22,11,99%,Northeast,16-24km/h,4,Rain
21200521,23,10,99%,North,16-24km/h,4,Overcast
21200522,00,10,91%,North,16-24km/h,4,Rain
21200522,01,9,88%,North,16-24km/h,4,Overcast
21200522,02,9,81%,North,<12km/h,3,Overcast
21200522,03,9,79%,North,<12km/h,2,Overcast
21200522,04,9,88%,North,<12km/h,3,Overcast
21200522,05,8,98%,North,<12km/h,3,Overcast
21200522,06,8,87%,North,<12km/h,2,Overcast
21200522,07,11,,,,3-4,Overcast
21200522,08,8,87%,North,<12km/h,2,Overcast
21200522,09,8,87%,North,<12km/h,2,Rain
21200522,10,11,,,,3-4,Overcast
21200522,11,8,98%,Northwest,<12km/h,1,Overcast
21200522,12,8,80%,North,<12km/h,3,Overcast
21200522,13,7,90%,Northwest,<12km/h,2,Rain
21200522,14,7,91%,North,<12km/h,3,Overcast
21200522,15,7,84%,Northeast,<12km/h,3,Rain
21200522,16,7,89%,North,<12km/h,2,Rain
21200522,17,7,84%,Northeast,<12km/h,2,Rain
21200522,18,7,86%,Northeast,<12km/h,2,Overcast
21200522,19,7,79%,Northeast,<12km/h,2,Overcast
21200522,20,5,95%,North,<12km/h,1,Rain
21200522,21,7,74%,Northeast,<12km/h,2,Overcast
21200522,22,7,75%,North,<12km/h,1,Overcast
21200522,23,5,95%,Northeast,<12km/h,1,Overcast
21200523,00,9,76%,Quiet,,0,Sunny
21200523,01,8,92%,South,<12km/h,1,Sunny
21200523,02,7,93%,Southeast,<12km/h,1,Sunny
21200523,03,9,73%,South,<12km/h,2,Sunny
21200523,04,8,,,,<3,Sunny
21200523,05,23,,Southeast,,3-4,Sunny
21200523,06,23,,Southeast,,3-4,Sunny
21200523,07,23,,Southeast,,<3,Sunny
21200523,08,23,,Southeast,,<3,Sunny
21200523,09,23,,Southeast,,<3,Sunny
21200523,10,17,52%,North,<12km/h,1,Overcast
21200523,11,19,47%,North,<12km/h,2,Overcast
21200523,12,20,42%,West,<12km/h,2,Sunny
21200523,13,22,35%,Northwest,<12km/h,3,Sunny
21200523,14,23,,Southeast,,<3,Sunny
21200523,15,23,,Southeast,,<3,Sunny
21200523,16,21,39%,Northwest,<12km/h,3,Sunny
21200523,17,20,36%,North,<12km/h,2,Sunny
21200523,18,18,50%,Northwest,<12km/h,2,Sunny
21200523,19,17,53%,South,<12km/h,1,Sunny
21200523,20,10,,Southeast,,<3,Sunny
21200523,21,13,71%,Quiet,,0,Sunny
21200523,22,12,77%,Quiet,,0,Sunny
21200523,23,12,79%,Quiet,,0,Sunny
21200524,00,7,78%,North,<12km/h,2,Cloudy
21200524,01,5,95%,North,<12km/h,1,Overcast
21200524,02,5,93%,Northwest,<12km/h,1,Cloudy
21200524,03,7,72%,Northeast,<12km/h,2,Cloudy
21200524,04,6,94%,North,<12km/h,1,Cloudy
21200524,05,7,83%,West,<12km/h,1,Cloudy
21200524,06,6,90%,Quiet,,0,Overcast
21200524,07,6,91%,Northeast,<12km/h,1,Overcast
21200524,08,8,72%,East,<12km/h,2,Overcast
21200524,09,9,68%,North,<12km/h,2,Overcast
21200524,10,9,66%,Northeast,<12km/h,1,Overcast
21200524,11,9,67%,East,<12km/h,1,Overcast
21200524,12,8,72%,Southeast,<12km/h,2,Overcast
21200524,13,10,66%,East,<12km/h,1,Overcast
21200524,14,9,69%,Northeast,<12km/h,2,Overcast
21200524,15,8,83%,Northeast,<12km/h,2,Overcast
21200524,16,7,91%,East,<12km/h,1,Rain
21200524,17,7,91%,Northwest,<12km/h,1,Rain
21200524,18,8,86%,Northeast,<12km/h,1,Overcast
21200524,19,7,92%,Quiet,,0,Rain
21200524,20,7,95%,Quiet,,0,Overcast
21200524,21,7,94%,Northeast,<12km/h,1,Overcast
21200524,22,8,92%,Southwest,<12km/h,1,Overcast
21200524,23,7,91%,Northeast,<12km/h,1,Overcast
21200525,00,9,92%,North,<12km/h,1,Cloudy
21200525,01,8,91%,Southwest,<12km/h,1,Overcast
21200525,02,8,91%,West,<12km/h,1,Cloudy
21200525,03,9,86%,Northeast,<12km/h,1,Cloudy
21200525,04,9,83%,Northeast,<12km/h,2,Cloudy
21200525,05,8,94%,Quiet,,0,Rain
21200525,06,7,94%,Northeast,<12km/h,2,Overcast
21200525,07,7,100%,North,<12km/h,3,Rain
21200525,08,7,93%,North,<12km/h,3,Rain
21200525,09,6,100%,North,<12km/h,3,Rain
21200525,10,7,96%,North,<12km/h,2,Rain
21200525,11,8,95%,North,<12km/h,2,Rain
21200525,12,8,93%,North,<12km/h,2,Rain
21200525,13,8,93%,North,<12km/h,2,Rain
21200525,14,7,98%,North,<12km/h,2,Rain
21200525,15,8,92%,Northeast,<12km/h,3,Rain
21200525,16,8,92%,North,<12km/h,2,Rain
21200525,17,7,91%,Northeast,<12km/h,3,Rain
21200525,18,7,92%,North,<12km/h,2,Rain
21200525,19,6,100%,North,<12km/h,2,Rain
21200525,20,7,94%,Northwest,<12km/h,1,Rain
21200525,21,6,100%,Northwest,<12km/h,2,Rain
21200525,22,6,97%,North,<12km/h,1,Rain
21200525,23,7,93%,Northwest,<12km/h,2,Rain
21200526,00,7,93%,Northwest,<12km/h,2,Rain
21200526,01,6,,,,3-4,Lightrain
21200526,02,6,96%,North,<12km/h,2,Rain
21200526,03,6,94%,Northwest,<12km/h,2,Rain
21200526,04,6,95%,North,<12km/h,3,Rain
21200526,05,7,68%,North,<12km/h,2,Overcast
21200526,06,5,88%,North,<12km/h,3,Cloudy
21200526,07,7,70%,North,<12km/h,3,Cloudy
21200526,08,6,70%,North,<12km/h,3,Sunny
21200526,09,6,66%,North,<12km/h,3,Sunny
21200526,10,6,74%,West,<12km/h,2,Sunny
21200526,11,9,61%,North,<12km/h,2,Sunny
21200526,12,10,57%,North,<12km/h,2,Sunny
21200526,13,10,56%,North,<12km/h,2,Sunny
21200526,14,10,53%,North,<12km/h,3,Cloudy
21200526,15,10,54%,North,<12km/h,2,Sunny
21200526,16,11,,,,<3,Overcast
21200526,17,8,57%,North,<12km/h,2,Cloudy
21200526,18,6,,,,<3,Overcast
21200526,19,6,,,,<3,Overcast
21200526,20,6,,,,<3,Overcast
21200526,21,6,,,,<3,Overcast
21200526,22,6,,,,<3,Overcast
21200526,23,6,,,,<3,Overcast
21200527,00,16,73%,Southeast,<12km/h,1,Cloudy
21200527,01,15,67%,North,<12km/h,1,Cloudy
21200527,02,16,74%,Southeast,<12km/h,1,Overcast
21200527,03,16,72%,North,<12km/h,1,Cloudy
21200527,04,14,,,,<3,Overcast
21200527,05,15,80%,West,<12km/h,2,Rain
21200527,06,15,79%,West,<12km/h,2,Rain
21200527,07,21,,Southeast,,3-4,Overcast
21200527,08,15,87%,Northeast,<12km/h,1,Rain
21200527,09,17,73%,North,<12km/h,3,Cloudy
21200527,10,17,75%,North,<12km/h,3,Cloudy
21200527,11,18,60%,Northwest,<12km/h,3,Cloudy
21200527,12,21,,Southeast,,3-4,Overcast
21200527,13,21,,Southeast,,3-4,Overcast
21200527,14,21,,Southeast,,3-4,Overcast
21200527,15,21,,Southeast,,3-4,Overcast
21200527,16,19,59%,West,<12km/h,3,Cloudy
21200527,17,18,57%,West,<12km/h,2,Sunny
21200527,18,17,62%,Northwest,<12km/h,2,Sunny
21200527,19,17,64%,Northwest,<12km/h,2,Sunny
21200527,20,16,64%,West,<12km/h,3,Overcast
21200527,21,15,70%,Northwest,<12km/h,2,Sunny
21200527,22,8,,Southeast,,<3,Sunny
21200527,23,14,39%,Northwest,<12km/h,2,Sunny
21200528,00,6,,,,<3,Overcast
21200528,01,6,,,,<3,Overcast
21200528,02,6,,,,<3,Overcast
21200528,03,6,,,,<3,Overcast
21200528,04,6,,,,<3,Overcast
21200528,05,6,,,,<3,Overcast
21200528,06,13,,Southeast,,<3,Overcast
21200528,07,13,,Southeast,,<3,Overcast
21200528,08,5,83%,Quiet,,0,Cloudy
21200528,09,6,78%,Southwest,<12km/h,1,Cloudy
21200528,10,8,70%,Northwest,<12km/h,2,Cloudy
21200528,11,8,69%,North,<12km/h,2,Cloudy
21200528,12,13,,,,<3,Overcast
21200528,13,9,67%,Northeast,<12km/h,3,Cloudy
21200528,14,9,66%,Northeast,<12km/h,2,Overcast
21200528,15,9,70%,North,<12km/h,2,Cloudy
21200528,16,9,66%,Northeast,<12km/h,2,Overcast
21200528,17,8,68%,Northeast,<12km/h,2,Overcast
21200528,18,7,74%,Southeast,<12km/h,2,Cloudy
21200528,19,8,,,,<3,Overcast
21200528,20,5,90%,South,<12km/h,1,Overcast
21200528,21,6,90%,South,<12km/h,1,Overcast
21200528,22,6,87%,East,<12km/h,1,Cloudy
21200528,23,8,,,,<3,Overcast
21200529,00,6,88%,East,<12km/h,1,Sunny
21200529,01,8,78%,Quiet,,0,Sunny
21200529,02,8,89%,South,<12km/h,1,Overcast
21200529,03,7,89%,East,<12km/h,1,Sunny
21200529,04,8,86%,Northwest,<12km/h,1,Overcast
21200529,05,8,82%,Quiet,,0,Cloudy
21200529,06,7,88%,South,<12km/h,1,Overcast
21200529,07,8,88%,Southwest,<12km/h,1,Overcast
21200529,08,9,85%,West,<12km/h,1,Cloudy
21200529,09,10,80%,Southeast,<12km/h,1,Cloudy
21200529,10,10,77%,Southeast,<12km/h,1,Overcast
21200529,11,11,77%,Southeast,<12km/h,1,Overcast
21200529,12,14,,Southeast,,<3,Lightrain
21200529,13,10,84%,Quiet,,0,Cloudy
21200529,14,10,93%,East,<12km/h,1,Rain
21200529,15,9,95%,East,<12km/h,2,Rain
21200529,16,10,96%,East,<12km/h,1,Rain
21200529,17,10,96%,East,<12km/h,1,Rain
21200529,18,9,95%,Quiet,,0,Rain
21200529,19,10,96%,Quiet,,0,Rain
21200529,20,10,97%,West,<12km/h,1,Rain
21200529,21,10,97%,Northwest,<12km/h,1,Rain
21200529,22,10,100%,North,<12km/h,1,Fog
21200529,23,10,97%,Northwest,<12km/h,2,Overcast
21200530,00,18,74%,Southeast,<12km/h,3,Overcast
21200530,01,18,64%,East,<12km/h,3,Overcast
21200530,02,18,67%,South,<12km/h,1,Overcast
21200530,03,16,90%,East,<12km/h,1,Overcast
21200530,04,18,81%,East,<12km/h,2,Overcast
21200530,05,16,94%,Northeast,<12km/h,2,Overcast
21200530,06,23,,,,<3,Cloudy
21200530,07,23,,,,<3,Cloudy
21200530,08,18,83%,North,<12km/h,2,Overcast
21200530,09,20,78%,North,<12km/h,2,Sunny
21200530,10,21,73%,North,<12km/h,1,Sunny
21200530,11,22,58%,Northeast,<12km/h,3,Cloudy
21200530,12,22,59%,Northeast,<12km/h,3,Cloudy
21200530,13,22,52%,Northeast,16-24km/h,4,Cloudy
21200530,14,23,46%,Northeast,16-24km/h,4,Cloudy
21200530,15,22,49%,Northeast,<12km/h,3,Sunny
21200530,16,21,52%,South,<12km/h,3,Cloudy
21200530,17,20,59%,North,<12km/h,3,Sunny
21200530,18,20,50%,Northeast,<12km/h,2,Sunny
21200530,19,19,64%,East,<12km/h,1,Sunny
21200530,20,18,68%,Northwest,<12km/h,3,Cloudy
21200530,21,14,,,,<3,Cloudy
21200530,22,16,75%,North,<12km/h,1,Cloudy
21200530,23,14,,,,<3,Cloudy
21200531,00,9,96%,West,<12km/h,2,Rain
21200531,01,9,96%,Northeast,<12km/h,1,Rain
21200531,02,9,96%,West,16-24km/h,4,Rain
21200531,03,9,96%,West,<12km/h,3,Overcast
21200531,04,8,,,,<3,Lightrain
21200531,05,8,,,,<3,Lightrain
21200531,06,11,,,,3-4,Lightrain
21200531,07,7,91%,Northwest,<12km/h,3,Overcast
21200531,08,11,,,,3-4,Lightrain
21200531,09,7,86%,Northwest,16-24km/h,4,Overcast
21200531,10,7,84%,Northwest,<12km/h,3,Overcast
21200531,11,7,84%,West,<12km/h,3,Overcast
21200531,12,7,87%,West,<12km/h,3,Overcast
21200531,13,11,,,,3-4,Lightrain
21200531,14,7,80%,Northwest,<12km/h,3,Overcast
21200531,15,7,82%,Northwest,16-24km/h,4,Overcast
21200531,16,7,76%,Northwest,<12km/h,2,Overcast
21200531,17,6,80%,Northwest,<12km/h,2,Overcast
21200531,18,4,,,,3-4,Cloudy
21200531,19,7,83%,Northwest,<12km/h,3,Overcast
21200531,20,4,,,,3-4,Cloudy
21200531,21,4,,,,3-4,Cloudy
21200531,22,4,,,,3-4,Cloudy
21200531,23,6,82%,Northwest,<12km/h,3,Cloudy
21200601,00,4,,,,3-4,Cloudy
21200601,01,5,78%,Northwest,<12km/h,3,Sunny
21200601,02,4,,,,3-4,Cloudy
21200601,03,5,85%,West,<12km/h,2,Sunny
21200601,04,5,77%,North,<12km/h,3,Sunny
21200601,05,4,89%,Northwest,<12km/h,2,Cloudy
21200601,06,10,,,,<3,Cloudy
21200601,07,10,,,,<3,Cloudy
21200601,08,10,,,,<3,Sunny
21200601,09,10,,,,<3,Sunny
21200601,10,8,61%,West,<12km/h,2,Sunny
21200601,11,10,,,,<3,Sunny
21200601,12,10,47%,West,<12km/h,2,Sunny
21200601,13,10,41%,West,<12km/h,2,Sunny
21200601,14,11,36%,West,<12km/h,1,Overcast
21200601,15,10,,,,<3,Sunny
21200601,16,10,,,,<3,Sunny
21200601,17,9,36%,Northwest,<12km/h,3,Sunny
21200601,18,1,,,,<3,Sunny
21200601,19,1,,,,<3,Sunny
21200601,20,1,,,,<3,Sunny
21200601,21,1,,,,<3,Sunny
21200601,22,1,,,,<3,Sunny
21200601,23,3,79%,West,<12km/h,1,Sunny
21200602,00,1,,,,<3,Sunny
21200602,01,1,,,,<3,Sunny
21200602,02,2,83%,West,<12km/h,2,Sunny
21200602,03,1,,,,<3,Sunny
21200602,04,1,,,,<3,Sunny
21200602,05,1,90%,South,<12km/h,1,Sunny
21200602,06,0,94%,South,<12km/h,1,Sunny
21200602,07,10,,,,<3,Sunny
21200602,08,10,,,,<3,Sunny
21200602,09,4,75%,North,<12km/h,1,Overcast
21200602,10,10,,,,<3,Sunny
21200602,11,10,,,,<3,Sunny
21200602,12,10,,,,<3,Sunny
21200602,13,10,,,,<3,Sunny
21200602,14,10,,,,<3,Sunny
21200602,15,10,,,,<3,Sunny
21200602,16,10,,,,<3,Sunny
21200602,17,0,,,,<3,Sunny
21200602,18,5,57%,East,<12km/h,2,Sunny
21200602,19,4,73%,South,<12km/h,2,Sunny
21200602,20,5,68%,North,<12km/h,1,Sunny
21200602,21,3,67%,West,<12km/h,1,Sunny
21200602,22,0,,,,<3,Sunny
21200602,23,0,,,,<3,Sunny
21200603,00,0,,,,<3,Sunny
21200603,01,0,,,,<3,Sunny
21200603,02,0,,,,<3,Sunny
21200603,03,0,,,,<3,Sunny
21200603,04,1,73%,Southwest,<12km/h,2,Sunny
21200603,05,0,,,,<3,Sunny
21200603,06,12,,,,<3,Overcast
21200603,07,-1,89%,Quiet,,0,Overcast
21200603,08,1,80%,Quiet,,0,Sunny
21200603,09,5,67%,West,<12km/h,2,Rain
21200603,10,12,,,,<3,Sunny
21200603,11,12,,,,<3,Sunny
21200603,12,12,31%,Northeast,<12km/h,2,Sunny
21200603,13,12,,,,<3,Sunny
21200603,14,11,42%,Northeast,<12km/h,2,Sunny
21200603,15,12,,,,<3,Sunny
21200603,16,11,29%,North,<12km/h,2,Sunny
21200603,17,12,,,,<3,Sunny
21200603,18,2,,,,<3,Sunny
21200603,19,7,61%,South,<12km/h,1,Sunny
21200603,20,7,53%,North,<12km/h,2,Cloudy
21200603,21,2,,,,<3,Sunny
21200603,22,2,,,,<3,Sunny
21200603,23,2,,,,<3,Sunny
21200604,00,2,,,,<3,Sunny
21200604,01,2,,,,<3,Sunny
21200604,02,2,,,,<3,Sunny
21200604,03,3,91%,Quiet,,0,Sunny
21200604,04,2,,,,<3,Sunny
21200604,05,5,67%,Northwest,<12km/h,1,Sunny
21200604,06,12,,,,<3,Cloudy
21200604,07,4,67%,Northwest,<12km/h,2,Cloudy
21200604,08,2,95%,West,<12km/h,1,Sunny
21200604,09,5,73%,Quiet,,0,Sunny
21200604,10,12,,,,<3,Sunny
21200604,11,11,41%,Northeast,<12km/h,1,Sunny
21200604,12,12,,,,<3,Sunny
21200604,13,12,,,,<3,Sunny
21200604,14,9,50%,North,<12km/h,2,Sunny
21200604,15,12,,,,<3,Sunny
21200604,16,10,37%,Northeast,<12km/h,2,Sunny
21200604,17,10,43%,Northeast,<12km/h,2,Sunny
21200604,18,8,48%,South,<12km/h,1,Sunny
21200604,19,4,69%,Northwest,<12km/h,2,Sunny
21200604,20,6,,,,<3,Cloudy
21200604,21,6,,,,<3,Cloudy
21200604,22,1,82%,Southeast,<12km/h,1,Sunny
21200604,23,5,83%,North,<12km/h,2,Sunny
21200605,00,8,74%,Northeast,<12km/h,2,Sunny
21200605,01,6,,,,<3,Cloudy
21200605,02,6,,,,<3,Cloudy
21200605,03,6,,,,<3,Cloudy
21200605,04,3,83%,Quiet,,0,Sunny
21200605,05,8,72%,Northeast,<12km/h,2,Cloudy
21200605,06,10,,,,<3,Cloudy
21200605,07,10,,,,<3,Cloudy
21200605,08,6,70%,Northeast,<12km/h,3,Cloudy
21200605,09,8,59%,North,<12km/h,2,Cloudy
21200605,10,10,,,,<3,Sunny
21200605,11,8,58%,Northeast,<12km/h,2,Sunny
21200605,12,8,59%,North,<12km/h,2,Cloudy
21200605,13,9,52%,Northeast,<12km/h,2,Cloudy
21200605,14,10,,,,<3,Sunny
21200605,15,10,,,,<3,Sunny
21200605,16,8,49%,North,<12km/h,2,Cloudy
21200605,17,1,,,,<3,Sunny
21200605,18,1,,,,<3,Sunny
21200605,19,1,,,,<3,Sunny
21200605,20,4,79%,South,<12km/h,1,Sunny
21200605,21,1,,,,<3,Sunny
21200605,22,1,,,,<3,Sunny
21200605,23,1,,,,<3,Sunny
21200606,00,1,,,,<3,Sunny
21200606,01,1,,,,<3,Sunny
21200606,02,0,89%,South,<12km/h,1,Sunny
21200606,03,0,95%,Southwest,<12km/h,1,Sunny
21200606,04,1,,,,<3,Sunny
21200606,05,1,,,,<3,Sunny
21200606,06,10,,,,<3,Sunny
21200606,07,10,,,,<3,Sunny
21200606,08,3,76%,South,<12km/h,1,Sunny
21200606,09,4,83%,West,<12km/h,1,Rain
21200606,10,7,61%,Southeast,<12km/h,1,Sunny
21200606,11,10,,,,<3,Sunny
21200606,12,10,46%,North,<12km/h,1,Sunny
21200606,13,10,38%,East,<12km/h,3,Sunny
21200606,14,10,,,,<3,Sunny
21200606,15,9,29%,Northeast,<12km/h,2,Sunny
21200606,16,10,,,,<3,Sunny
21200606,17,6,43%,Quiet,,0,Sunny
21200606,18,0,,,,<3,Sunny
21200606,19,0,,,,<3,Sunny
21200606,20,2,76%,South,<12km/h,1,Sunny
21200606,21,0,,,,<3,Sunny
21200606,22,1,83%,South,<12km/h,1,Sunny
21200606,23,0,,,,<3,Sunny
21200607,00,0,,,,<3,Sunny
21200607,01,0,,,,<3,Sunny
21200607,02,0,82%,Quiet,,0,Sunny
21200607,03,0,,,,<3,Sunny
21200607,04,0,,,,<3,Sunny
21200607,05,0,,,,<3,Sunny
21200607,06,12,,,,<3,Sunny
21200607,07,12,,,,<3,Sunny
21200607,08,12,,,,<3,Sunny
21200607,09,8,53%,South,<12km/h,2,Sunny
21200607,10,8,59%,South,<12km/h,1,Sunny
21200607,11,12,,,,<3,Sunny
21200607,12,12,29%,Southeast,<12km/h,2,Sunny
21200607,13,12,,,,<3,Sunny
21200607,14,12,,,,<3,Sunny
21200607,15,12,,,,<3,Sunny
21200607,16,11,33%,East,<12km/h,2,Sunny
21200607,17,2,,,,<3,Sunny
21200607,18,2,,,,<3,Sunny
21200607,19,10,53%,South,<12km/h,1,Cloudy
21200607,20,6,51%,West,<12km/h,1,Sunny
21200607,21,3,77%,South,<12km/h,1,Sunny
21200607,22,2,,,,<3,Sunny
21200607,23,2,,,,<3,Sunny
21200608,00,3,80%,South,<12km/h,1,Sunny
21200608,01,1,79%,Southwest,<12km/h,1,Sunny
21200608,02,2,,,,<3,Sunny
21200608,03,0,86%,Southeast,<12km/h,1,Sunny
21200608,04,0,92%,South,<12km/h,1,Sunny
21200608,05,2,,,,<3,Sunny
21200608,06,5,53%,South,<12km/h,3,Overcast
21200608,07,16,,,,<3,Overcast
21200608,08,3,71%,Southwest,<12km/h,2,Sunny
21200608,09,7,53%,Southwest,<12km/h,1,Sunny
21200608,10,16,,,,<3,Cloudy
21200608,11,16,,,,<3,Cloudy
21200608,12,16,,,,<3,Cloudy
21200608,13,16,,,,<3,Cloudy
21200608,14,16,,,,<3,Cloudy
21200608,15,16,,,,<3,Cloudy
21200608,16,16,,,,<3,Cloudy
21200608,17,13,44%,South,<12km/h,1,Cloudy
21200608,18,3,,,,<3,Cloudy
21200608,19,3,,,,<3,Cloudy
21200608,20,13,48%,East,<12km/h,1,Cloudy
21200608,21,8,67%,South,<12km/h,1,Cloudy
21200608,22,7,70%,South,<12km/h,1,Cloudy
21200608,23,6,72%,Northeast,<12km/h,1,Cloudy
21200609,00,3,,,,<3,Cloudy
21200609,01,3,,,,<3,Cloudy
21200609,02,8,56%,Quiet,,0,Cloudy
21200609,03,3,,,,<3,Cloudy
21200609,04,3,,,,<3,Cloudy
21200609,05,3,,,,<3,Cloudy
21200609,06,17,,,,<3,Overcast
21200609,07,3,91%,South,<12km/h,1,Cloudy
21200609,08,4,82%,Southwest,<12km/h,1,Sunny
21200609,09,17,,,,<3,Cloudy
21200609,10,17,,,,<3,Cloudy
21200609,11,15,42%,Northwest,<12km/h,1,Sunny
21200609,12,17,37%,South,<12km/h,2,Cloudy
21200609,13,18,33%,North,<12km/h,1,Cloudy
21200609,14,17,,,,<3,Cloudy
21200609,15,19,33%,North,<12km/h,3,Sunny
21200609,16,17,,,,<3,Cloudy
21200609,17,7,,,,<3,Cloudy
21200609,18,7,,,,<3,Cloudy
21200609,19,7,,,,<3,Cloudy
21200609,20,7,,,,<3,Cloudy
21200609,21,7,,,,<3,Cloudy
21200609,22,8,68%,Quiet,,0,Cloudy
21200609,23,7,,,,<3,Cloudy
21200610,00,7,,,,<3,Cloudy
21200610,01,7,,,,<3,Cloudy
21200610,02,7,,,,<3,Cloudy
21200610,03,6,84%,Southwest,<12km/h,1,Cloudy
21200610,04,7,,,,<3,Cloudy
21200610,05,7,75%,Northwest,<12km/h,1,Sunny
21200610,06,14,,,,<3,Sunny
21200610,07,12,48%,Northwest,<12km/h,2,Sunny
21200610,08,14,,,,<3,Sunny
21200610,09,14,,,,<3,Sunny
21200610,10,14,,,,<3,Sunny
21200610,11,15,39%,West,<12km/h,2,Sunny
21200610,12,16,36%,Northeast,<12km/h,2,Sunny
21200610,13,14,,,,<3,Sunny
21200610,14,15,37%,East,<12km/h,3,Sunny
21200610,15,17,26%,North,<12km/h,2,Sunny
21200610,16,14,,,,<3,Sunny
21200610,17,12,43%,Northeast,<12km/h,1,Sunny
21200610,18,3,,Southeast,,<3,Cloudy
21200610,19,7,72%,South,<12km/h,1,Cloudy
21200610,20,9,57%,Northwest,<12km/h,1,Sunny
21200610,21,7,62%,North,<12km/h,2,Sunny
21200610,22,7,61%,North,<12km/h,1,Sunny
21200610,23,3,,Southeast,,<3,Cloudy
21200611,00,5,87%,South,<12km/h,1,Sunny
21200611,01,3,78%,Northwest,<12km/h,1,Sunny
21200611,02,3,92%,South,<12km/h,1,Sunny
21200611,03,3,,Southeast,,<3,Cloudy
21200611,04,3,,Southeast,,<3,Cloudy
21200611,05,3,,Southeast,,<3,Cloudy
21200611,06,14,,Southeast,,<3,Cloudy
21200611,07,14,,Southeast,,<3,Cloudy
21200611,08,14,,Southeast,,<3,Cloudy
21200611,09,9,74%,Northeast,<12km/h,1,Sunny
21200611,10,14,,Southeast,,<3,Cloudy
21200611,11,14,,Southeast,,<3,Cloudy
21200611,12,13,48%,East,<12km/h,2,Cloudy
21200611,13,13,43%,Southeast,<12km/h,2,Cloudy
21200611,14,14,35%,Southeast,<12km/h,2,Cloudy
21200611,15,14,,Southeast,,<3,Cloudy
21200611,16,14,,Southeast,,<3,Cloudy
21200611,17,5,,Southeast,,<3,Cloudy
21200611,18,9,58%,East,<12km/h,1,Cloudy
21200611,19,9,55%,East,<12km/h,2,Cloudy
21200611,20,5,,Southeast,,<3,Cloudy
21200611,21,5,,Southeast,,<3,Cloudy
21200611,22,5,,Southeast,,<3,Cloudy
21200611,23,8,80%,Southeast,<12km/h,2,Cloudy
21200612,00,5,,Southeast,,<3,Cloudy
21200612,01,7,78%,Southeast,<12km/h,2,Sunny
21200612,02,6,89%,Southeast,<12km/h,2,Sunny
21200612,03,7,77%,North,<12km/h,1,Sunny
21200612,04,5,95%,South,<12km/h,2,Sunny
21200612,05,5,,Southeast,,<3,Cloudy
21200612,06,7,86%,South,<12km/h,2,Sunny
21200612,07,17,,,,<3,Cloudy
21200612,08,17,,,,<3,Cloudy
21200612,09,17,,,,<3,Cloudy
21200612,10,17,,,,<3,Cloudy
21200612,11,17,,,,<3,Cloudy
21200612,12,16,47%,South,<12km/h,1,Sunny
21200612,13,17,,,,<3,Cloudy
21200612,14,17,46%,East,<12km/h,2,Sunny
21200612,15,17,,,,<3,Cloudy
21200612,16,15,51%,Northeast,<12km/h,2,Sunny
21200612,17,6,,Southeast,,<3,Overcast
21200612,18,6,,Southeast,,<3,Overcast
21200612,19,13,55%,Quiet,,0,Sunny
21200612,20,9,66%,West,<12km/h,1,Cloudy
21200612,21,8,83%,Northwest,<12km/h,1,Cloudy
21200612,22,6,,Southeast,,<3,Overcast
21200612,23,11,60%,South,<12km/h,1,Sunny
21200613,00,6,,Southeast,,<3,Overcast
21200613,01,7,76%,Quiet,,0,Sunny
21200613,02,6,,Southeast,,<3,Overcast
21200613,03,6,,Southeast,,<3,Overcast
21200613,04,5,94%,West,<12km/h,1,Sunny
21200613,05,4,94%,Quiet,,0,Sunny
21200613,06,15,,Southeast,,<3,Cloudy
21200613,07,15,,Southeast,,<3,Cloudy
21200613,08,15,,Southeast,,<3,Cloudy
21200613,09,15,,Southeast,,<3,Cloudy
21200613,10,12,70%,Northeast,<12km/h,2,Cloudy
21200613,11,15,,Southeast,,<3,Cloudy
21200613,12,15,,Southeast,,<3,Cloudy
21200613,13,15,,Southeast,,<3,Cloudy
21200613,14,15,,Southeast,,<3,Cloudy
21200613,15,15,,Southeast,,<3,Cloudy
21200613,16,14,53%,East,<12km/h,3,Sunny
21200613,17,13,65%,East,<12km/h,2,Sunny
21200613,18,11,78%,East,<12km/h,1,Cloudy
21200613,19,11,80%,Northeast,<12km/h,2,Cloudy
21200613,20,8,,Southeast,,<3,Cloudy
21200613,21,10,86%,East,<12km/h,2,Cloudy
21200613,22,8,,Southeast,,<3,Cloudy
21200613,23,10,88%,East,<12km/h,1,Cloudy
21200614,00,12,92%,Southeast,<12km/h,1,Sunny
21200614,01,10,87%,East,<12km/h,2,Sunny
21200614,02,9,92%,East,<12km/h,2,Cloudy
21200614,03,8,,Southeast,,<3,Cloudy
21200614,04,8,,Southeast,,<3,Cloudy
21200614,05,9,90%,East,<12km/h,1,Cloudy
21200614,06,9,93%,South,<12km/h,2,Sunny
21200614,07,18,,Southeast,,<3,Cloudy
21200614,08,11,72%,East,<12km/h,2,Cloudy
21200614,09,13,62%,Southeast,<12km/h,2,Cloudy
21200614,10,18,,Southeast,,<3,Cloudy
21200614,11,16,68%,Southeast,<12km/h,3,Sunny
21200614,12,18,,Southeast,,<3,Cloudy
21200614,13,17,48%,Southeast,<12km/h,3,Sunny
21200614,14,18,,Southeast,,<3,Cloudy
21200614,15,18,,Southeast,,<3,Cloudy
21200614,16,17,62%,Southeast,<12km/h,2,Sunny
21200614,17,15,74%,East,<12km/h,2,Sunny
21200614,18,10,,Southeast,,<3,Sunny
21200614,19,10,,Southeast,,<3,Sunny
21200614,20,10,,Southeast,,<3,Sunny
21200614,21,14,79%,East,<12km/h,2,Sunny
21200614,22,11,100%,North,<12km/h,1,Sunny
21200614,23,10,,Southeast,,<3,Sunny
21200615,00,10,,Southeast,,<3,Sunny
21200615,01,10,,Southeast,,<3,Sunny
21200615,02,10,,Southeast,,<3,Sunny
21200615,03,10,,Southeast,,<3,Sunny
21200615,04,10,100%,Quiet,,0,Sunny
21200615,05,7,96%,Northwest,<12km/h,2,Sunny
21200615,06,10,97%,South,<12km/h,2,Cloudy
21200615,07,22,,,,<3,Cloudy
21200615,08,10,100%,North,<12km/h,2,Fog
21200615,09,9,96%,Quiet,,0,Sunny
21200615,10,22,,,,<3,Cloudy
21200615,11,20,53%,South,<12km/h,2,Sunny
21200615,12,17,71%,East,<12km/h,2,Cloudy
21200615,13,22,,,,<3,Cloudy
21200615,14,19,59%,Northeast,<12km/h,1,Cloudy
21200615,15,21,59%,East,<12km/h,1,Cloudy
21200615,16,22,,,,<3,Cloudy
21200615,17,12,,,,<3,Overcast
21200615,18,18,68%,West,<12km/h,1,Sunny
21200615,19,12,,,,<3,Overcast
21200615,20,12,,,,<3,Overcast
21200615,21,14,86%,Southwest,<12km/h,1,Cloudy
21200615,22,14,84%,Northwest,<12km/h,1,Cloudy
21200615,23,12,,,,<3,Overcast
21200616,00,12,,,,<3,Overcast
21200616,01,12,,,,<3,Overcast
21200616,02,12,,,,<3,Overcast
21200616,03,12,,,,<3,Overcast
21200616,04,12,,,,<3,Overcast
21200616,05,11,86%,Northwest,<12km/h,2,Fog
21200616,06,14,,,,<3,Lightrain
21200616,07,14,,,,<3,Lightrain
21200616,08,11,86%,West,<12km/h,3,Overcast
21200616,09,11,85%,Northwest,<12km/h,2,Overcast
21200616,10,14,,,,<3,Lightrain
21200616,11,14,,,,<3,Lightrain
21200616,12,14,,,,<3,Lightrain
21200616,13,14,,,,<3,Lightrain
21200616,14,10,92%,West,<12km/h,2,Rain
21200616,15,9,98%,Northwest,<12km/h,2,Rain
21200616,16,14,,,,<3,Lightrain
21200616,17,7,,,,<3,Lightrain
21200616,18,7,,,,<3,Lightrain
21200616,19,8,94%,North,<12km/h,2,Overcast
21200616,20,8,96%,West,<12km/h,2,Rain
21200616,21,7,,,,<3,Lightrain
21200616,22,8,94%,West,<12km/h,1,Rain
21200616,23,8,94%,North,<12km/h,2,Rain
21200617,00,7,,,,<3,Lightrain
21200617,01,7,,,,<3,Lightrain
21200617,02,7,,,,<3,Lightrain
21200617,03,8,91%,North,<12km/h,2,Rain
21200617,04,7,92%,North,<12km/h,2,Rain
21200617,05,7,,,,<3,Lightrain
21200617,06,6,98%,North,<12km/h,2,Rain
21200617,07,9,,,,<3,Lightrain
21200617,08,9,,,,<3,Lightrain
21200617,09,7,87%,North,<12km/h,2,Rain
21200617,10,9,,,,<3,Lightrain
21200617,11,9,,,,<3,Lightrain
21200617,12,9,,,,<3,Lightrain
21200617,13,6,94%,North,<12km/h,2,Overcast
21200617,14,6,93%,North,<12km/h,2,Rain
21200617,15,9,,,,<3,Lightrain
21200617,16,9,,,,<3,Lightrain
21200617,17,7,87%,North,<12km/h,2,Rain
21200617,18,7,89%,North,<12km/h,1,Rain
21200617,19,5,96%,Northwest,<12km/h,2,Overcast
21200617,20,7,79%,Northeast,<12km/h,2,Overcast
21200617,21,5,95%,North,<12km/h,2,Rain
21200617,22,4,,,,<3,Lightrain
21200617,23,3,99%,North,<12km/h,2,Rain
21200618,00,4,,,,<3,Lightrain
21200618,01,4,,,,<3,Lightrain
21200618,02,3,99%,Northwest,<12km/h,2,Overcast
21200618,03,4,92%,Northwest,<12km/h,1,Rain
21200618,04,4,,,,<3,Lightrain
21200618,05,3,95%,North,<12km/h,2,Rain
21200618,06,3,96%,North,<12km/h,2,Rain
21200618,07,8,,,,<3,Overcast
21200618,08,8,,,,<3,Overcast
21200618,09,8,,,,<3,Overcast
21200618,10,8,,,,<3,Overcast
21200618,11,6,72%,North,<12km/h,2,Overcast
21200618,12,6,71%,North,<12km/h,1,Overcast
21200618,13,8,,,,<3,Overcast
21200618,14,8,,,,<3,Overcast
21200618,15,8,,,,<3,Overcast
21200618,16,8,,,,<3,Overcast
21200618,17,6,73%,North,<12km/h,2,Overcast
21200618,18,3,,,,<3,Cloudy
21200618,19,5,79%,West,<12km/h,1,Overcast
21200618,20,4,81%,West,<12km/h,1,Cloudy
21200618,21,3,93%,Southeast,<12km/h,2,Sunny
21200618,22,2,96%,Northwest,<12km/h,1,Cloudy
21200618,23,3,,,,<3,Cloudy
21200619,00,3,,,,<3,Cloudy
21200619,01,1,96%,Southeast,<12km/h,1,Cloudy
21200619,02,3,,,,<3,Cloudy
21200619,03,1,96%,Southwest,<12km/h,1,Cloudy
21200619,04,1,96%,South,<12km/h,1,Cloudy
21200619,05,3,,,,<3,Cloudy
21200619,06,2,96%,South,<12km/h,1,Overcast
21200619,07,9,,,,<3,Lightrain
21200619,08,2,97%,Quiet,,0,Overcast
21200619,09,9,,,,<3,Overcast
21200619,10,4,93%,Southeast,<12km/h,1,Overcast
21200619,11,5,86%,Northwest,<12km/h,1,Overcast
21200619,12,6,74%,Northeast,<12km/h,2,Overcast
21200619,13,7,77%,East,<12km/h,1,Overcast
21200619,14,9,,,,<3,Overcast
21200619,15,5,86%,Quiet,,0,Overcast
21200619,16,6,85%,Southeast,<12km/h,1,Overcast
21200619,17,6,90%,Quiet,,0,Overcast
21200619,18,5,86%,Southeast,<12km/h,1,Cloudy
21200619,19,7,,,,<3,Lightrain
21200619,20,5,91%,Quiet,,0,Overcast
21200619,21,7,,,,<3,Lightrain
21200619,22,7,,,,<3,Lightrain
21200619,23,6,93%,Southwest,<12km/h,1,Overcast
21200620,00,7,,,,<3,Lightrain
21200620,01,7,,,,<3,Lightrain
21200620,02,6,95%,South,<12km/h,1,Rain
21200620,03,7,,,,<3,Lightrain
21200620,04,7,,,,<3,Lightrain
21200620,05,6,96%,Southeast,<12km/h,1,Rain
21200620,06,9,,,,<3,Lightrain
21200620,07,9,,,,<3,Lightrain
21200620,08,10,,,,<3,Lightrain
21200620,09,10,,,,<3,Lightrain
21200620,10,10,,,,<3,Lightrain
21200620,11,8,97%,East,<12km/h,1,Rain
21200620,12,7,99%,Northwest,<12km/h,1,Rain
21200620,13,8,97%,Northwest,<12km/h,1,Rain
21200620,14,10,,,,<3,Lightrain
21200620,15,9,97%,East,<12km/h,2,Rain
21200620,16,8,100%,East,<12km/h,2,Rain
21200620,17,8,95%,East,<12km/h,2,Rain
21200620,18,8,94%,East,<12km/h,2,Overcast
21200620,19,8,93%,Northwest,<12km/h,1,Cloudy
21200620,20,8,100%,Northeast,<12km/h,2,Rain
21200620,21,8,,,,<3,Moderaterain
21200620,22,8,98%,Northwest,<12km/h,1,Rain
21200620,23,8,,,,<3,Moderaterain
21200621,00,8,,,,<3,Moderaterain
21200621,01,8,100%,North,<12km/h,2,Rain
21200621,02,8,,,,<3,Moderaterain
21200621,03,7,98%,West,<12km/h,1,Rain
21200621,04,8,97%,West,<12km/h,2,Rain
21200621,05,8,,,,<3,Moderaterain
21200621,06,10,,,,<3,Lightrain
21200621,07,8,100%,Northwest,<12km/h,2,Rain
21200621,08,10,,,,<3,Lightrain
21200621,09,10,,,,<3,Lightrain
21200621,10,10,,,,<3,Lightrain
21200621,11,10,,,,<3,Lightrain
21200621,12,10,,,,<3,Lightrain
21200621,13,8,95%,West,<12km/h,2,Overcast
21200621,14,8,95%,West,<12km/h,1,Overcast
21200621,15,10,,,,<3,Lightrain
21200621,16,10,,,,<3,Lightrain
21200621,17,9,89%,Northeast,<12km/h,1,Overcast
21200621,18,6,,,,<3,Overcast
21200621,19,6,,,,<3,Overcast
21200621,20,6,,,,<3,Overcast
21200621,21,6,,,,<3,Overcast
21200621,22,6,,,,<3,Overcast
21200621,23,6,,,,<3,Overcast
21200622,00,7,96%,Quiet,,0,Cloudy
21200622,01,6,,,,<3,Overcast
21200622,02,7,100%,North,<12km/h,1,Cloudy
21200622,03,7,97%,South,<12km/h,1,Cloudy
21200622,04,6,,,,<3,Overcast
21200622,05,7,100%,Northeast,<12km/h,2,Overcast
21200622,06,12,,,,<3,Overcast
21200622,07,8,97%,South,<12km/h,1,Sunny
21200622,08,12,,,,<3,Overcast
21200622,09,10,84%,North,<12km/h,2,Sunny
21200622,10,10,92%,South,<12km/h,1,Sunny
21200622,11,12,,,,<3,Overcast
21200622,12,10,84%,East,<12km/h,2,Cloudy
21200622,13,12,,,,<3,Overcast
21200622,14,12,,,,<3,Overcast
21200622,15,12,,,,<3,Overcast
21200622,16,9,93%,Northeast,<12km/h,1,Fog
21200622,17,10,87%,East,<12km/h,2,Cloudy
21200622,18,9,92%,East,<12km/h,2,Cloudy
21200622,19,9,,Southeast,,<3,Lightrain
21200622,20,9,95%,East,<12km/h,2,Rain
21200622,21,8,99%,North,<12km/h,2,Rain
21200622,22,9,,Southeast,,<3,Lightrain
21200622,23,9,,Southeast,,<3,Lightrain
21200623,00,8,96%,Northeast,<12km/h,1,Rain
21200623,01,9,,Southeast,,<3,Lightrain
21200623,02,9,,Southeast,,<3,Lightrain
21200623,03,9,,Southeast,,<3,Lightrain
21200623,04,9,,Southeast,,<3,Lightrain
21200623,05,11,,Southeast,,<3,Overcast
21200623,06,11,,Southeast,,<3,Overcast
21200623,07,11,,Southeast,,<3,Overcast
21200623,08,9,97%,East,<12km/h,2,Rain
21200623,09,9,97%,Northeast,<12km/h,2,Rain
21200623,10,11,,Southeast,,<3,Lightrain
21200623,11,11,,Southeast,,<3,Lightrain
21200623,12,9,95%,Northeast,<12km/h,2,Overcast
21200623,13,8,99%,North,<12km/h,1,Rain
21200623,14,10,95%,Southeast,<12km/h,1,Overcast
21200623,15,11,,Southeast,,<3,Lightrain
21200623,16,9,90%,Southeast,<12km/h,1,Overcast
21200623,17,9,,,,<3,Overcast
21200623,18,9,93%,North,<12km/h,1,Overcast
21200623,19,9,100%,Quiet,,0,Overcast
21200623,20,9,100%,Northeast,<12km/h,2,Overcast
21200623,21,10,96%,North,<12km/h,1,Cloudy
21200623,22,9,96%,East,<12km/h,1,Overcast
21200623,23,9,96%,East,<12km/h,1,Overcast
21200624,00,9,95%,East,<12km/h,1,Overcast
21200624,01,9,,,,<3,Overcast
21200624,02,9,95%,Quiet,,0,Overcast
21200624,03,10,94%,East,<12km/h,2,Overcast
21200624,04,9,99%,East,<12km/h,2,Overcast
21200624,05,9,,,,<3,Overcast
21200624,06,9,99%,East,<12km/h,2,Fog
21200624,07,13,,,,<3,Lightrain
21200624,08,9,99%,Quiet,,0,Rain
21200624,09,10,95%,East,<12km/h,1,Overcast
21200624,10,13,,,,<3,Lightrain
21200624,11,13,,,,<3,Lightrain
21200624,12,11,92%,East,<12km/h,1,Rain
21200624,13,12,86%,South,<12km/h,2,Rain
21200624,14,13,,,,<3,Lightrain
21200624,15,12,92%,Northwest,<12km/h,1,Rain
21200624,16,11,94%,Southeast,<12km/h,1,Rain
21200624,17,11,96%,West,<12km/h,1,Rain
21200624,18,9,,,,3-4,Lightrain
21200624,19,9,,,,3-4,Lightrain
21200624,20,9,,,,3-4,Lightrain
21200624,21,10,100%,West,<12km/h,2,Rain
21200624,22,10,97%,West,<12km/h,2,Overcast
21200624,23,9,,,,3-4,Lightrain
21200625,00,11,97%,Northwest,<12km/h,2,Overcast
21200625,01,9,,,,3-4,Lightrain
21200625,02,9,,,,3-4,Lightrain
21200625,03,10,90%,West,<12km/h,3,Overcast
21200625,04,9,,,,3-4,Lightrain
21200625,05,9,91%,Northwest,<12km/h,2,Overcast
21200625,06,9,93%,Northwest,<12km/h,2,Overcast
21200625,07,10,,,,3-4,Overcast
21200625,08,10,,,,3-4,Overcast
21200625,09,10,,,,3-4,Overcast
21200625,10,9,89%,Northwest,<12km/h,3,Overcast
21200625,11,10,,,,3-4,Overcast
21200625,12,10,,,,3-4,Overcast
21200625,13,10,,,,3-4,Overcast
21200625,14,6,88%,Northwest,24-34km/h,5,Overcast
21200625,15,10,,,,3-4,Overcast
21200625,16,10,,,,3-4,Overcast
21200625,17,1,,Southeast,,<3,Sunny
21200625,18,6,86%,West,<12km/h,2,Overcast
21200625,19,1,,Southeast,,<3,Sunny
21200625,20,5,86%,Northwest,<12km/h,2,Cloudy
21200625,21,4,79%,West,<12km/h,1,Cloudy
21200625,22,1,,Southeast,,<3,Sunny
21200625,23,4,89%,West,<12km/h,2,Cloudy
21200626,00,1,,Southeast,,<3,Sunny
21200626,01,3,87%,North,<12km/h,2,Cloudy
21200626,02,1,,Southeast,,<3,Sunny
21200626,03,2,90%,West,<12km/h,1,Cloudy
21200626,04,2,91%,West,<12km/h,2,Sunny
21200626,05,1,,Southeast,,<3,Sunny
21200626,06,7,,Southeast,,<3,Sunny
21200626,07,1,98%,Northwest,<12km/h,1,Sunny
21200626,08,2,94%,Southwest,<12km/h,1,Sunny
21200626,09,3,88%,Quiet,,0,Sunny
21200626,10,5,62%,North,<12km/h,2,Sunny
21200626,11,7,,Southeast,,<3,Sunny
21200626,12,6,64%,West,<12km/h,2,Sunny
21200626,13,8,49%,West,<12km/h,2,Sunny
21200626,14,7,,Southeast,,<3,Sunny
21200626,15,9,41%,Northwest,<12km/h,1,Sunny
21200626,16,6,57%,East,<12km/h,2,Sunny
21200626,17,0,,Southeast,,<3,Cloudy
21200626,18,0,,Southeast,,<3,Cloudy
21200626,19,4,61%,East,<12km/h,1,Sunny
21200626,20,0,,Southeast,,<3,Cloudy
21200626,21,2,84%,Northwest,<12km/h,1,Sunny
21200626,22,0,,Southeast,,<3,Cloudy
21200626,23,0,,Southeast,,<3,Cloudy
21200627,00,1,90%,North,<12km/h,2,Sunny
21200627,01,0,,Southeast,,<3,Cloudy
21200627,02,0,,Southeast,,<3,Cloudy
21200627,03,0,95%,Northwest,<12km/h,1,Sunny
21200627,04,0,94%,Quiet,,0,Sunny
21200627,05,0,97%,South,<12km/h,1,Overcast
21200627,06,12,,Southeast,,<3,Overcast
21200627,07,0,97%,Quiet,,0,Cloudy
21200627,08,12,,Southeast,,<3,Cloudy
21200627,09,12,,Southeast,,<3,Cloudy
21200627,10,9,59%,Southeast,<12km/h,2,Cloudy
21200627,11,12,,Southeast,,<3,Cloudy
21200627,12,10,52%,East,<12km/h,3,Cloudy
21200627,13,12,,Southeast,,<3,Cloudy
21200627,14,11,48%,Southeast,<12km/h,2,Cloudy
21200627,15,12,,Southeast,,<3,Cloudy
21200627,16,11,59%,Southeast,<12km/h,1,Cloudy
21200627,17,10,58%,East,<12km/h,2,Overcast
21200627,18,9,,,,<3,Lightrain
21200627,19,9,,,,<3,Lightrain
21200627,20,9,,,,<3,Lightrain
21200627,21,9,73%,South,<12km/h,1,Overcast
21200627,22,9,,,,<3,Lightrain
21200627,23,9,,,,<3,Lightrain
21200628,00,7,93%,North,<12km/h,2,Rain
21200628,01,8,92%,Southwest,<12km/h,1,Cloudy
21200628,02,7,91%,Northwest,<12km/h,2,Overcast
21200628,03,9,,,,<3,Lightrain
21200628,04,9,,,,<3,Lightrain
21200628,05,7,94%,Northeast,<12km/h,1,Overcast
21200628,06,8,93%,Southwest,<12km/h,1,Overcast
21200628,07,8,95%,West,<12km/h,1,Cloudy
21200628,08,14,,,,<3,Overcast
21200628,09,9,100%,West,<12km/h,1,Cloudy
21200628,10,11,71%,Northwest,<12km/h,2,Overcast
21200628,11,14,,,,<3,Overcast
21200628,12,14,,,,<3,Overcast
21200628,13,12,76%,West,<12km/h,2,Overcast
21200628,14,12,72%,Northwest,<12km/h,2,Overcast
21200628,15,13,74%,Northeast,<12km/h,2,Overcast
21200628,16,10,84%,East,<12km/h,2,Overcast
21200628,17,6,,,,<3,Overcast
21200628,18,6,,,,<3,Overcast
21200628,19,6,,,,<3,Overcast
21200628,20,8,82%,North,<12km/h,3,Overcast
21200628,21,6,,,,<3,Overcast
21200628,22,9,85%,Northwest,<12km/h,1,Overcast
21200628,23,8,100%,West,<12km/h,1,Cloudy
21200629,00,6,,,,<3,Overcast
21200629,01,7,94%,Northwest,<12km/h,1,Cloudy
21200629,02,7,95%,Quiet,,0,Cloudy
21200629,03,6,96%,Southwest,<12km/h,1,Fog
21200629,04,6,100%,Quiet,,0,Cloudy
21200629,05,5,97%,West,<12km/h,1,Overcast
21200629,06,12,,,,3-4,Overcast
21200629,07,6,97%,West,<12km/h,2,Sunny
21200629,08,12,,,,3-4,Overcast
21200629,09,10,76%,North,<12km/h,1,Sunny
21200629,10,12,,,,3-4,Overcast
21200629,11,12,,,,3-4,Overcast
21200629,12,12,63%,North,<12km/h,3,Cloudy
21200629,13,12,,,,3-4,Overcast
21200629,14,11,62%,North,<12km/h,2,Cloudy
21200629,15,11,62%,Northwest,<12km/h,2,Cloudy
21200629,16,12,,,,3-4,Overcast
21200629,17,11,60%,North,<12km/h,2,Cloudy
21200629,18,0,,,,3-4,Overcast
21200629,19,0,,,,3-4,Overcast
21200629,20,0,,,,3-4,Overcast
21200629,21,7,68%,North,16-24km/h,4,Overcast
21200629,22,0,,,,3-4,Overcast
21200629,23,0,,,,3-4,Overcast
